{
  "165e6a3c6f8": {
    "path": "modules\\battleModule\\view\\flyScoreTip\\FlyScoreTip.ts",
    "class": "FlyScoreTip",
    "parentPath": ""
  },
  "165e6e8df0e": {
    "path": "modules\\helpModule\\HelpWindow.ts",
    "class": "HelpWindow",
    "parentPath": ""
  },
  "165e72e35e7": {
    "path": "modules\\battleModule\\view\\menu\\BattleMenuWindow.ts",
    "class": "BattleMenuWindow",
    "parentPath": ""
  },
  "165eb5541d8": {
    "path": "modules\\battleModule\\view\\settle\\BattleSettleView.ts",
    "class": "BattleSettleView",
    "parentPath": ""
  },
  "165f511e1cd": {
    "path": "modules\\system\\sdkModule\\wxSdk\\openDataContext\\view\\base\\ShareCanvasView.ts",
    "class": "ShareCanvasView",
    "parentPath": ""
  },
  "16614c4c7aa": {
    "path": "modules\\mainModule\\WxOtherGameIcon.ts",
    "class": "WxOtherGameIcon",
    "parentPath": ""
  },
  "1661aa5ce62": {
    "path": "modules\\system\\popup\\PopupWindow.ts",
    "class": "PopupWindow",
    "parentPath": ""
  },
  "1661e482931": {
    "path": "modules\\battleModule\\view\\rebirth\\RebirthConfirmWindow.ts",
    "class": "RebirthConfirmWindow",
    "parentPath": ""
  },
  "global": {
    "globalAutoLayerMarkEnable": false
  }
}