{
	"skins": {
		"eui.Button": "resource/eui_skins/ButtonSkin.exml",
		"eui.CheckBox": "resource/eui_skins/CheckBoxSkin.exml",
		"eui.HScrollBar": "resource/eui_skins/HScrollBarSkin.exml",
		"eui.HSlider": "resource/eui_skins/HSliderSkin.exml",
		"eui.Panel": "resource/eui_skins/PanelSkin.exml",
		"eui.TextInput": "resource/eui_skins/TextInputSkin.exml",
		"eui.ProgressBar": "resource/eui_skins/ProgressBarSkin.exml",
		"eui.RadioButton": "resource/eui_skins/RadioButtonSkin.exml",
		"eui.Scroller": "resource/eui_skins/ScrollerSkin.exml",
		"eui.ToggleSwitch": "resource/eui_skins/ToggleSwitchSkin.exml",
		"eui.VScrollBar": "resource/eui_skins/VScrollBarSkin.exml",
		"eui.VSlider": "resource/eui_skins/VSliderSkin.exml",
		"eui.ItemRenderer": "resource/eui_skins/ItemRendererSkin.exml",
		"BattleView": "resource/eui_skins/BattleViewSkin.exml",
		"MainView": "resource/eui_skins/mainModule/MainViewSkin.exml",
		"BattleRecordPanel": "resource/eui_skins/battle/BattleRecordPanelSkin.exml",
		"Card": "resource/eui_skins/battle/CardSkin.exml",
		"CardGroup": "resource/eui_skins/battle/CardGroupSkin.exml",
		"RefreshBtn": "resource/eui_skins/battle/RefreshBtnSkin.exml",
		"RubbishBin": "resource/eui_skins/battle/RubbishBinSkin.exml",
		"RubbishBinCell": "resource/eui_skins/battle/RubbishBinCellSkin.exml",
		"LvBlock": "resource/eui_skins/battle/LvBlock.exml",
		"ExpPgBar": "resource/eui_skins/battle/ExpPgBarSkin.exml",
		"FlyScoreTip": "resource/eui_skins/battle/FlyScoreTipSkin.exml",
		"HelpWindow": "resource/eui_skins/help/HelpWindowSkin.exml",
		"BattleMenuWindow": "resource/eui_skins/battle/BattleMenuWindowSkin.exml",
		"BattleSettleView": "resource/battle/eui_skins/BattleSettleViewSkin.exml",
		"ShareCanvasView": "resource/eui_skins/sdk/wx/ShareCanvasViewSkin.exml",
		"WxOtherGameIcon": "resource/eui_skins/sdk/wx/WxOtherGameIconSkin.exml",
		"PopupWindow": "resource/eui_skins/common/PopupWindowSkin.exml",
		"RebirthConfirmWindow": "resource/eui_skins/battle/RebirthConfirmWindowSkin.exml",
		"SkinWindow": "resource/eui_skins/cardSkin/SkinWindowSkin.exml",
		"CardSkinItemRenderer": "resource/eui_skins/cardSkin/CardSkinItemRendererSkin.exml"
	},
	"autoGenerateExmlsList": true,
	"exmls": [
		"resource/eui_skins/battle/BattleMenuWindowSkin.exml",
		"resource/eui_skins/battle/BattleRecordPanelSkin.exml",
		"resource/eui_skins/battle/BattleSettleViewSkin.exml",
		"resource/eui_skins/battle/BattleViewSkin.exml",
		"resource/eui_skins/battle/CardGroupSkin.exml",
		"resource/eui_skins/battle/CardSkin.exml",
		"resource/eui_skins/battle/ExpPgBarSkin.exml",
		"resource/eui_skins/battle/FlyScoreTipSkin.exml",
		"resource/eui_skins/battle/LvBlockSkin.exml",
		"resource/eui_skins/battle/RebirthConfirmWindowSkin.exml",
		"resource/eui_skins/battle/RefreshBtnSkin.exml",
		"resource/eui_skins/battle/RubbishBinCellSkin.exml",
		"resource/eui_skins/battle/RubbishBinSkin.exml",
		"resource/eui_skins/ButtonSkin.exml",
		"resource/eui_skins/cardSkin/CardSkinItemRendererSkin.exml",
		"resource/eui_skins/cardSkin/SkinWindowSkin.exml",
		"resource/eui_skins/CheckBoxSkin.exml",
		"resource/eui_skins/common/PopupWindowSkin.exml",
		"resource/eui_skins/help/HelpWindowSkin.exml",
		"resource/eui_skins/HScrollBarSkin.exml",
		"resource/eui_skins/HSliderSkin.exml",
		"resource/eui_skins/ItemRendererSkin.exml",
		"resource/eui_skins/mainModule/MainViewSkin.exml",
		"resource/eui_skins/PanelSkin.exml",
		"resource/eui_skins/ProgressBarSkin.exml",
		"resource/eui_skins/RadioButtonSkin.exml",
		"resource/eui_skins/ScrollerSkin.exml",
		"resource/eui_skins/sdk/wx/ShareCanvasViewSkin.exml",
		"resource/eui_skins/sdk/wx/WxOtherGameIconSkin.exml",
		"resource/eui_skins/TextInputSkin.exml",
		"resource/eui_skins/ToggleSwitchSkin.exml",
		"resource/eui_skins/VScrollBarSkin.exml",
		"resource/eui_skins/VSliderSkin.exml"
	],
	"path": "resource/default.thm.json"
}