{"1":{"sourcePath":"D:\\myGit\\learngit\\note\\laya\\temp\\laya2_get_10\\laya2_get_10\\bin","outPath":"D:\\myGit\\learngit\\note\\laya\\temp\\laya2_get_10\\laya2_get_10\\release\\wxgame","pngQualityLow":"65","pngQualityHigh":"80","jpgQuality":"85","mergeJs":false,"compressPng":false,"compressJpg":false,"compressJson":false,"jsontypes":"json,atlas,ls,lh,lmat,lav","compressJs":false,"enableVersion":false,"onlyIndexJS":false,"deleteOldVersionFile":false,"recompile":false,"excludeFiles":"","publishType":1,"projectType":"as","copyOutFiles":"","copyOutPath":"","userCmd":""},"pf":1}