{"rootTask":{"objectType":"PrioritySelector","name":"Priority Selector","children":[{"objectType":"kof.game.character.ai.conditions::CWhetherCanSeePlayerCondition","name":"C Whether Can See Player Condition"},{"objectType":"kof.game.character.ai.conditions::CWhetherCanMoveToPlayerCondition","name":"C Whether Can Move To Player Condition"},{"objectType":"kof.game.character.ai.actions::CMoveToAction","name":"C Move To Action"},{"objectType":"kof.game.character.ai.conditions::CWhetherCanAttackPlayerCondition","name":"C Whether Can Attack Player Condition"},{"objectType":"kof.game.character.ai.actions::CAttackAction","name":"C Attack Action"},{"objectType":"PrioritySelector","name":"Priority Selector","children":[{"objectType":"kof.game.character.ai.actions::CSeekAction","name":"C Seek Action"},{"objectType":"kof.game.character.ai.actions::CIdleAction","name":"C Idle Action"}]}]}}