{
    "description": "项目配置文件。",
    "setting": {
        "urlCheck": true,
        "es6": true,
        "postcss": true,
        "minified": true,
        "newFeature": true
    },
    "compileType": "game",
    "libVersion": "game",
    "appid": "wx6ac3f5090a6b99c5",
    "projectname": "MiniGame_OpenDataContext",
    "condition": {
        "search": {
            "current": -1,
            "list": []
        },
        "conversation": {
            "current": -1,
            "list": []
        },
        "game": {
            "list": [],
            "current": -1
        },
        "miniprogram": {
            "current": -1,
            "list": []
        }
    }
}