{
  "version": "1.1.1",
  "windows": {
    "main": {
      "main": true,
      "url": "app://editor/index.html",
      "windowType": "dockable",
      "x": 0,
      "y": 23,
      "width": 1920,
      "height": 992,
      "layout": {
        "children": [
          {
            "children": [
              {
                "active": 0,
                "children": [
                  "hierarchy"
                ],
                "height": 428,
                "type": "panel",
                "width": 398
              },
              {
                "active": 0,
                "children": [
                  "assets"
                ],
                "height": 480,
                "type": "panel",
                "width": 398
              }
            ],
            "height": 910,
            "type": "dock-v",
            "width": 398
          },
          {
            "children": [
              {
                "children": [
                  {
                    "active": 0,
                    "children": [
                      "scene"
                    ],
                    "height": 642,
                    "type": "panel",
                    "width": 694.984375
                  },
                  {
                    "active": 0,
                    "children": [
                      "node-library"
                    ],
                    "height": 642,
                    "type": "panel",
                    "width": 365
                  }
                ],
                "height": 642,
                "type": "dock-h",
                "width": 1061.984375
              },
              {
                "active": 0,
                "children": [
                  "console",
                  "timeline"
                ],
                "height": 266,
                "type": "panel",
                "width": 1061.984375
              }
            ],
            "height": 910,
            "type": "dock-v",
            "width": 1061.984375
          },
          {
            "active": 0,
            "children": [
              "inspector",
              "cocos-services"
            ],
            "height": 910,
            "type": "panel",
            "width": 456
          }
        ],
        "type": "dock-h"
      },
      "panels": [
        "hierarchy",
        "assets",
        "node-library",
        "console",
        "timeline",
        "inspector",
        "cocos-services",
        "scene"
      ]
    },
    "window-1573553087528": {},
    "worker": {}
  },
  "panels": {
    "builder": {
      "x": 710,
      "y": 135,
      "width": 654,
      "height": 722
    }
  }
}