{"res/atlas/comp.atlas":["comp/",["blank.png","button.png","checkbox.png","clip_num.png","clip_selectBox.png","clip_tree_arrow.png","hscroll$bar.png","hscroll$down.png","hscroll$up.png","hscroll.png","hslider$bar.png","hslider.png","html.png","image.png","img_bg.png","label.png","progress.png","tab.png","textarea.png","textinput.png","vscroll$bar.png","vscroll$down.png","vscroll$up.png","vscroll.png","vslider$bar.png","vslider.png"]],"res/atlas/gameUI.atlas":["gameUI/",["bg.jpg","black.png","blank.png","btn_bg.png","btn_look_qun.png","btn_rank.png","button.png","clip_audio.png","cur_score.png","icon1.png","live.png","logo.png","pause.png","result_frame_bg.png","result_head_bg.png","startGame.png","vscroll$bar.png","vscroll$down.png","vscroll$up.png","vscroll.png"]],"res/atlas/number.atlas":["number/",["1.png","2.png","3.png","4.png","5.png","6.png","7.png","8.png","9.png","a.png","b.png","c.png","d.png","g.png"]],"res/atlas/scene.atlas":["scene/",["frame.png"]],"res/atlas/skilleff_1.atlas":["skilleff_1/",["image1.jpg","image10.jpg","image13.jpg","image16.jpg","image19.jpg","image22.jpg","image25.jpg","image28.jpg","image31.jpg","image34.jpg","image37.jpg","image4.jpg","image40.jpg","image43.jpg","image46.jpg","image49.jpg","image7.jpg"]]}