{"0":{"sourcePath":"D:\\myGit\\learngit\\note\\laya\\t_f_open_context\\bin","outPath":"D:\\myGit\\learngit\\note\\laya\\t_f_open_context\\release\\web","pngQualityLow":"65","pngQualityHigh":"80","jpgQuality":"85","mergeJs":false,"compressPng":false,"compressJpg":false,"compressJson":false,"jsontypes":"json,atlas,ls,lh,lmat,lav","compressJs":false,"enableVersion":false,"onlyIndexJS":false,"deleteOldVersionFile":false,"recompile":false,"excludeFiles":"","publishType":0,"projectType":"as","copyOutFiles":"","copyOutPath":"","userCmd":""},"pf":0}