{"res/atlas/comp.atlas":["comp/",["blank.png","btn_close.png","button.png","checkbox.png","clip_num.png","clip_selectBox.png","clip_tree_arrow.png","clip_tree_folder.png","combobox.png","hscroll$bar.png","hscroll$down.png","hscroll$up.png","hscroll.png","hslider$bar.png","hslider.png","html.png","image.png","img_bg.png","label.png","linkbutton.png","progress$bar.png","progress.png","radio.png","radiogroup.png","tab.png","textarea.png","textinput.png","vscroll$bar.png","vscroll$down.png","vscroll$up.png","vscroll.png","vslider$bar.png","vslider.png"]],"res/atlas/gameUI.atlas":["gameUI/",["bg.jpg","blank.png","btn_bg.png","btn_look_qun.png","btn_pause.png","button.png","coin_gold.png","cur_score.png","friend_rank_title.png","gameOver.png","gamePause.png","icon1.png","live.png","logo.png","pause.png","rank1.png","rank2.png","rank3.png","rank_head_bg.png","refresh.png","restart.png","result_frame_bg.png","result_head_bg.png","score_title.png","smoke.png","start.png","startGame.png","vscroll$bar.png","vscroll$down.png","vscroll$up.png","vscroll.png"]],"res/atlas/scene.atlas":["scene/",["frame.png"]],"res/atlas/skilleff_1.atlas":["skilleff_1/",["image1.jpg","image10.jpg","image13.jpg","image16.jpg","image19.jpg","image22.jpg","image25.jpg","image28.jpg","image31.jpg","image34.jpg","image37.jpg","image4.jpg","image40.jpg","image43.jpg","image46.jpg","image49.jpg","image7.jpg"]],"res/atlas/test.atlas":["test/",["b1.png","b2.png","block.png","c1.png","c2.png","p1.png","t1.png","tra.png"]]}