{"type":"Sprite","props":{"y":0,"x":0,"texture":"test/c2.png","presetID":1,"name":"buttle","isPresetRoot":true,"group":-2},"compId":1,"child":[{"type":"Script","props":{"radius":15,"presetID":2,"isSensor":true,"runtime":"laya.physics.CircleCollider"},"compId":2},{"type":"Script","props":{"type":"kinematic","presetID":3,"label":"buttle","group":-2,"frictionStatic":0,"frictionAir":0,"friction":0,"runtime":"laya.physics.RigidBody"},"compId":3},{"type":"Script","props":{"presetID":4,"runtime":"script.Bullet"},"compId":5}]}