{"0":{"sourcePath":"D:\\myGit\\learngit\\note\\laya\\temp\\get_10\\get_10_open_data\\bin","outPath":"D:\\myGit\\learngit\\note\\laya\\temp\\get_10\\get_10_open_data\\release\\web","pngQualityLow":"65","pngQualityHigh":"80","jpgQuality":"85","mergeJs":false,"isWXOpenZone":false,"compressPng":false,"compressJpg":false,"compressJson":false,"jsontypes":"json,atlas,ls,lh,lmat,lav","compressJs":false,"enableVersion":false,"onlyIndexJS":false,"deleteOldVersionFile":false,"recompile":false,"excludeFiles":"","publishType":0,"projectType":"as","copyOutFiles":"","copyOutPath":"","userCmd":""},"1":{"sourcePath":"D:\\myGit\\learngit\\note\\laya\\temp\\get_10\\get_10_open_data\\bin","outPath":"D:\\myGit\\learngit\\note\\laya\\temp\\get_10\\get_10_open_data\\release\\wxgame","pngQualityLow":"65","pngQualityHigh":"80","jpgQuality":"85","mergeJs":false,"compressPng":false,"compressJpg":false,"compressJson":false,"jsontypes":"json,atlas,ls,lh,lmat,lav","compressJs":false,"enableVersion":false,"onlyIndexJS":false,"deleteOldVersionFile":false,"recompile":false,"excludeFiles":"","publishType":1,"projectType":"as","copyOutFiles":"","copyOutPath":"","userCmd":""},"pf":1}