<res>
   <item name="scene/frame.png" type="Image" compress="0" pack="0" quality="80" props="sizeGrid=8,4,12,3" picType="0" scale="0"/>
   <item name="comp/img_bg.png" type="Image" compress="0" pack="0" quality="80" props="sizeGrid=29,6,7,5" picType="0" scale="0"/>
   <item name="gameUI/ass.png" type="Sprite" compress="0" pack="0" quality="80" props="sizeGrid=36,29,49,39" picType="0" scale="0"/>
   <item name="gameUI/friend_rank_title.png" type="Sprite" compress="0" pack="2" quality="80" props="" picType="0" scale="0"/>
   <item name="gameUI/btn_refresh.png" type="Button" compress="0" pack="2" quality="80" props="" picType="0" scale="0"/>
   <item name="gameUI/coin_gold.png" type="Sprite" compress="0" pack="2" quality="80" props="" picType="0" scale="0"/>
   <item name="gameUI/rank1.png" type="Sprite" compress="0" pack="2" quality="80" props="" picType="0" scale="0"/>
   <item name="gameUI/rank2.png" type="Sprite" compress="0" pack="2" quality="80" props="" picType="0" scale="0"/>
   <item name="gameUI/rank3.png" type="Sprite" compress="0" pack="2" quality="80" props="" picType="0" scale="0"/>
   <item name="gameUI/rank_head_bg.png" type="Sprite" compress="0" pack="2" quality="80" props="" picType="0" scale="0"/>
   <item name="gameUI/score_title.png" type="Sprite" compress="0" pack="2" quality="80" props="" picType="0" scale="0"/>
</res>