{"file":"Battle.png","frames":{
"icon_help_png":{"x":0,"y":690,"w":120,"h":120,"offX":0,"offY":0,"sourceW":120,"sourceH":120},
"icon_disable_png":{"x":590,"y":724,"w":111,"h":111,"offX":0,"offY":0,"sourceW":111,"sourceH":111},
"icon_continue_png":{"x":0,"y":499,"w":192,"h":189,"offX":0,"offY":0,"sourceW":192,"sourceH":189},
"icon_backHome_png":{"x":797,"y":499,"w":140,"h":137,"offX":0,"offY":0,"sourceW":140,"sourceH":137},
"card_restore_png":{"x":650,"y":0,"w":323,"h":497,"offX":0,"offY":0,"sourceW":323,"sourceH":497},
"card_bomb_png":{"x":325,"y":0,"w":323,"h":497,"offX":0,"offY":0,"sourceW":323,"sourceH":497},
"card_awsome_png":{"x":0,"y":0,"w":323,"h":497,"offX":0,"offY":0,"sourceW":323,"sourceH":497},
"btn_resetBg_png":{"x":567,"y":499,"w":228,"h":84,"offX":0,"offY":0,"sourceW":228,"sourceH":84},
"img_cutPartLine_png":{"x":0,"y":841,"w":864,"h":12,"offX":0,"offY":0,"sourceW":864,"sourceH":12},
"img_crown_png":{"x":709,"y":638,"w":160,"h":96,"offX":0,"offY":0,"sourceW":160,"sourceH":96},
"img_cardArea_png":{"x":194,"y":499,"w":148,"h":227,"offX":0,"offY":0,"sourceW":148,"sourceH":227},
"icon_share_png":{"x":344,"y":612,"w":128,"h":128,"offX":0,"offY":0,"sourceW":128,"sourceH":128},
"icon_rubbishBin_png":{"x":235,"y":728,"w":100,"h":111,"offX":0,"offY":0,"sourceW":100,"sourceH":111},
"icon_resetHandCard_png":{"x":939,"y":499,"w":79,"h":75,"offX":0,"offY":0,"sourceW":79,"sourceH":75},
"icon_reset_png":{"x":567,"y":585,"w":140,"h":137,"offX":0,"offY":0,"sourceW":140,"sourceH":137},
"icon_playVideo_png":{"x":344,"y":499,"w":221,"h":111,"offX":0,"offY":0,"sourceW":221,"sourceH":111},
"icon_menu_png":{"x":871,"y":638,"w":120,"h":120,"offX":0,"offY":0,"sourceW":120,"sourceH":120},
"icon_rubbishBinDropable_png":{"x":866,"y":760,"w":87,"h":111,"offX":0,"offY":0,"sourceW":87,"sourceH":111},
"icon_clearRubbishBin_png":{"x":474,"y":724,"w":114,"h":111,"offX":0,"offY":0,"sourceW":114,"sourceH":111},
"icon_rubbishBin_disable_png":{"x":122,"y":728,"w":111,"h":111,"offX":0,"offY":0,"sourceW":111,"sourceH":111}}}