<PluginDialog sceneColor="0xffffff" layers="2,1,0,1,content;1,1,0,0,bg" width="450" height="72">
  <Image skin="png.comp.bg" layer="1" left="0" right="0" top="0" bottom="0"/>
  <Button skin="png.comp.btn_close" y="3" layer="1" right="7" x="417" name="close"/>
  <VBox layers="1,1,0,0,第 1 层" layer="2" space="15" align="left" left="10" right="10" top="5" bottom="5" x="10" y="10">
    <HBox layers="1,1,0,0,第 1 层" layer="1" space="5" y="23" left="0" right="0">
      <TextInput skin="png.comp.textinput" layer="1" sizeGrid="2,2,2,2" margin="1,1,1,1" var="txtFileName" selectable="true" height="25" centerY="0" restrict="0-9a-zA-Z_ " right="75" left="0"/>
      <Button label="\(^o^)/~" skin="png.comp.button" layer="1" sizeGrid="4,4,4,4" centerY="0" name="ok" right="0" width="72"/>
    </HBox>
    <Label text="Search Everywhere: " styleSkin="png.comp.label" layer="1" x="3"/>
  </VBox>
</PluginDialog>