{"file":"MainView.png","frames":{
"img_logo_png":{"x":0,"y":0,"w":702,"h":339,"offX":0,"offY":0,"sourceW":702,"sourceH":339},
"btn_freeSkin_png":{"x":554,"y":341,"w":156,"h":246,"offX":0,"offY":0,"sourceW":156,"sourceH":246},
"btn_rank_png":{"x":396,"y":341,"w":156,"h":246,"offX":0,"offY":0,"sourceW":156,"sourceH":246},
"btn_share_png":{"x":704,"y":0,"w":156,"h":246,"offX":0,"offY":0,"sourceW":156,"sourceH":246},
"btn_start_png":{"x":0,"y":341,"w":394,"h":527,"offX":0,"offY":0,"sourceW":394,"sourceH":527}}}