﻿<?xml version="1.0" encoding="UTF-8"?>
<content>

<!--
 * 奖励操作
 * obj格式：{"id":2002,"type":1,"num":1,"desc":xxx}
 * id: 装备或英雄ID
 * type: 奖励类型
 * num: 数量，默认为1
 * desc: 描述，只有在奖励英雄和金币时有用
 * 
 * type应该是如下几种值：
 * 1: 奖励物品为装备
 * 2: 奖励英雄
 * 3: 奖励金币，此时忽略id值
 * 4：奖励银币，此时忽略id值
 * 5: 奖励功勋，此时忽略id值
 * 6：奖励威望，此时忽略id值
 * 7：奖励军令，此时忽略id值
 * 8: 奖励功勋(主城等级*num)
 * 9: 奖励威望(主城等级*num)
 * 10: 奖励军令(主城等级*num)
-->

<onlinerewards>
	<reward><![CDATA[{"time":180,"rewards":[{"type":8,"num":20,"desc":"ONLINERWD0"}]}]]></reward>
	<reward><![CDATA[{"time":300,"rewards":[{"type":9,"num":2,"desc":"ONLINERWD1"}]}]]></reward>
	<reward><![CDATA[{"time":600,"rewards":[{"type":8,"num":40,"desc":"ONLINERWD2"}]}]]></reward>
	<reward><![CDATA[{"time":1200,"rewards":[{"type":9,"num":4,"desc":"ONLINERWD3"}]}]]></reward>
	<reward><![CDATA[{"time":1800,"rewards":[{"type":3,"num":5,"desc":"ONLINERWD4"}]}]]></reward>
	<reward><![CDATA[{"time":3600,"rewards":[{"type":7,"num":1,"desc":"ONLINERWD5"}]}]]></reward>
	<reward><![CDATA[{"time":3600,"rewards":[{"type":7,"num":1,"desc":"ONLINERWD6"}]}]]></reward>
	<reward><![CDATA[{"time":3600,"rewards":[{"type":7,"num":1,"desc":"ONLINERWD7"}]}]]></reward>
	<reward><![CDATA[{"time":3600,"rewards":[{"type":7,"num":1,"desc":"ONLINERWD8"}]}]]></reward>
	<reward><![CDATA[{"time":3600,"rewards":[{"type":7,"num":1,"desc":"ONLINERWD9"}]}]]></reward>
	<reward><![CDATA[{"time":3600,"rewards":[{"type":7,"num":1,"desc":"ONLINERWD10"}]}]]></reward>
	<reward><![CDATA[{"time":3600,"rewards":[{"type":7,"num":1,"desc":"ONLINERWD11"}]}]]></reward>
	<reward><![CDATA[{"time":3600,"rewards":[{"type":7,"num":1,"desc":"ONLINERWD12"}]}]]></reward>
</onlinerewards>

<dailychargerewards>
	<reward><![CDATA[{"coins":100,"rewards":[{"type":3,"num":20,"desc":"DAILYCHARGE0"},{"type":7,"num":1}],"icon":"activity/1.png"}]]></reward>
	<reward><![CDATA[{"coins":500,"rewards":[{"type":3,"num":100,"desc":"DAILYCHARGE1"},{"type":7,"num":3}],"icon":"activity/2.png"}]]></reward>
	<reward><![CDATA[{"coins":1000,"rewards":[{"type":3,"num":200,"desc":"DAILYCHARGE2"},{"type":7,"num":5}],"icon":"activity/3.png"}]]></reward>
	<reward><![CDATA[{"coins":2000,"rewards":[{"type":3,"num":400,"desc":"DAILYCHARGE3"},{"type":7,"num":5}],"icon":"activity/4.png"}]]></reward>
	<reward><![CDATA[{"coins":5000,"rewards":[{"type":3,"num":1000,"desc":"DAILYCHARGE4"},{"type":7,"num":10}],"icon":"activity/5.png"}]]></reward>
	<reward><![CDATA[{"coins":10000,"rewards":[{"type":3,"num":2000,"desc":"DAILYCHARGE5"},{"type":7,"num":10}],"icon":"activity/6.png"}]]></reward>
	<reward><![CDATA[{"coins":20000,"rewards":[{"type":3,"num":4000,"desc":"DAILYCHARGE6"},{"type":7,"num":10}],"icon":"activity/7.png"}]]></reward>
	<reward><![CDATA[{"coins":50000,"rewards":[{"type":3,"num":10000,"desc":"DAILYCHARGE7"},{"type":7,"num":10}],"icon":"activity/8.png"}]]></reward>
	<reward><![CDATA[{"coins":100000,"rewards":[{"type":3,"num":20000,"desc":"DAILYCHARGE8"},{"type":7,"num":20}],"icon":"activity/9.png"}]]></reward>
	<reward><![CDATA[{"coins":200000,"rewards":[{"type":3,"num":50000,"desc":"DAILYCHARGE9"},{"type":7,"num":30}],"icon":"activity/10.png"}]]></reward>
	<reward><![CDATA[{"coins":500000,"rewards":[{"type":3,"num":100000,"desc":"DAILYCHARGE10"},{"type":7,"num":50}],"icon":"activity/11.png"}]]></reward>
	<reward><![CDATA[{"coins":1000000,"rewards":[{"type":3,"num":200000,"desc":"DAILYCHARGE11"},{"type":7,"num":100}],"icon":"activity/12.png"}]]></reward>
</dailychargerewards>

<totalchargerewards>
	<reward><![CDATA[{"coins":100,"rewards":[{"id":3023,"type":1}],"icon":"activity/1.png"}]]></reward>
	<reward><![CDATA[{"coins":1000,"rewards":[{"id":3004,"type":1}],"icon":"activity/2.png"}]]></reward>
	<reward><![CDATA[{"coins":5000,"rewards":[{"id":3015,"type":1}],"icon":"activity/3.png"}]]></reward>
	<reward><![CDATA[{"coins":10000,"rewards":[{"id":3005,"type":1},{"id":3005,"type":1}],"icon":"activity/4.png"}]]></reward>
	<reward><![CDATA[{"coins":30000,"rewards":[{"id":3026,"type":1},{"id":2409,"type":1}],"icon":"activity/5.png"}]]></reward>
	<reward><![CDATA[{"coins":50000,"rewards":[{"id":3006,"type":1},{"id":3006,"type":1}],"icon":"activity/6.png"}]]></reward>
	<reward><![CDATA[{"coins":100000,"rewards":[{"id":3027,"type":1},{"id":2412,"type":1}],"icon":"activity/7.png"}]]></reward>
	<reward><![CDATA[{"coins":200000,"rewards":[{"id":3018,"type":1}],"icon":"activity/8.png"}]]></reward>
	<reward><![CDATA[{"coins":500000,"rewards":[{"id":3029,"type":1}],"icon":"activity/9.png"}]]></reward>
	<reward><![CDATA[{"coins":1000000,"rewards":[{"id":3010,"type":1},{"id":2414,"type":1}],"icon":"activity/10.png"}]]></reward>
</totalchargerewards>


<firstchargerewards>
	<reward><![CDATA[{"coins":100,"rewards":[{"id":1601,"type":2},{"id":3003,"type":1},{"id":3023,"type":1},{"id":3013,"type":1},{"id":2501,"type":1}],"icon":"activity/101.png"}]]></reward>
</firstchargerewards>

<tianxiarewards>
	<reward><![CDATA[{"gate":2,"rewards":[{"id":2002,"type":1}],"icon":"story/big/1.jpg"}]]></reward>
	<reward><![CDATA[{"gate":3,"rewards":[{"id":2402,"type":1}],"icon":"story/big/2.jpg"}]]></reward>
	<reward><![CDATA[{"gate":4,"rewards":[{"id":2005,"type":1}],"icon":"story/big/3.jpg"}]]></reward>
	<reward><![CDATA[{"gate":5,"rewards":[{"id":2105,"type":1}],"icon":"story/big/4.jpg"}]]></reward>
	<reward><![CDATA[{"gate":6,"rewards":[{"id":2405,"type":1}],"icon":"story/big/5.jpg"}]]></reward>
	<reward><![CDATA[{"gate":7,"rewards":[{"id":2008,"type":1}],"icon":"story/big/6.jpg"}]]></reward>
	<reward><![CDATA[{"gate":8,"rewards":[{"id":2108,"type":1}],"icon":"story/big/7.jpg"}]]></reward>
	<reward><![CDATA[{"gate":9,"rewards":[{"id":2408,"type":1}],"icon":"story/big/8.jpg"}]]></reward>
	<reward><![CDATA[{"gate":10,"rewards":[{"id":2011,"type":1}],"icon":"story/big/9.jpg"}]]></reward>
	<reward><![CDATA[{"gate":11,"rewards":[{"id":2111,"type":1}],"icon":"story/big/10.jpg"}]]></reward>
	<reward><![CDATA[{"gate":12,"rewards":[{"id":2410,"type":1}],"icon":"story/big/11.jpg"}]]></reward>
</tianxiarewards>

<dailyquestrewards>
	<reward><![CDATA[{"hyd":30,"rewards":[{"type":3,"num":5,"desc":"DAILYQUEST_30"}]}]]></reward>
	<reward><![CDATA[{"hyd":60,"rewards":[{"type":8,"num":100}]}]]></reward>
	<reward><![CDATA[{"hyd":80,"rewards":[{"type":7,"num":5}]}]]></reward>
</dailyquestrewards>

<signrewards>
	<reward><![CDATA[{"coins":[5,10,15,20,25,30,35,40,45,50],"jungong":[10,20,30,40,50,60,70,80,90,100],"weiwang":[1,2,3,4,5,6,7,8,9,10],"junling":[1,2,3,4,5,6,7,8,9,10]}]]></reward>
</signrewards>

<huangzuannewrewards>
	<reward><![CDATA[{"rewards":[{"id":1603,"type":2},{"id":3033,"type":1},{"id":3043,"type":1},{"id":3053,"type":1},{"id":2402,"type":1}],"icon":"activity/102.png"}]]></reward>
</huangzuannewrewards>

<huangzuandailyrewards>
	<reward><![CDATA[{"viprwd":[{"id":2601,"type":1,"num":1},{"id":2601,"type":1,"num":2},{"id":2601,"type":1,"num":3},{"id":2601,"type":1,"num":4},{"id":2602,"type":1,"num":1},{"id":2602,"type":1,"num":2},{"id":2602,"type":1,"num":3},{"id":2602,"type":1,"num":4}],"yearvip":{"type":7,"num":3},"icon":"activity/102.png"}]]></reward>
</huangzuandailyrewards>

<!--粮石木铁-->
<tutorLogin>
		<reward id="1" day="1"><![CDATA[{"reward":[{"type":3, "num":50}]}]]></reward> 
		<reward id="2" day="2"><![CDATA[{"reward":[{"type":3, "num":50}]}]]></reward> 
		<reward id="3" day="3"><![CDATA[{"reward":[{"type":3, "num":50}]}]]></reward> 
		<reward id="4" day="4"><![CDATA[{"reward":[{"type":3, "num":50}]}]]></reward> 
		<reward id="5" day="5"><![CDATA[{"reward":[{"type":3, "num":50}]}]]></reward> 
		<reward id="6" day="6"><![CDATA[{"reward":[{"type":3, "num":50}]}]]></reward> 
		<reward id="7" day="7"><![CDATA[{"reward":[{"type":3, "num":50}]}]]></reward> 

</tutorLogin>

<activities>
 	<!--活动公告 -->
	<current_notify id="null" ><![CDATA[{}]]></current_notify> 
	<notify id="2011_10_18" ><![CDATA[{"size":"2", "title":"zhongqiu_title", "time":"zhongqiu_time", "content":"zhongqiu_content", "img":"shop/zhongqiukuaile.png", "imgx":"100", "imgy":"0"}]]></notify>
	<notify id="2011_10_18" ><![CDATA[{"size":"4", "title":"Halloween_title", "time":"Halloween_time", "content":"Halloween_content", "img":"shop/wanshengjie.png", "imgx":"130", "imgy":"20"}]]></notify>
	<notify id="2012_4_25" ><![CDATA[{"date":[1,24,12,31], "size":"3", "title":"4_25_title", "time":"4_25_time", "content":"4_25_content", "img":"", "imgx":"80", "imgy":"170","max":"5"}]]></notify>
</activities>
</content>
