<?xml version="1.0" encoding="UTF-8"?>
<!--
tAttack:1 melee, 2  remote, 3 explore 4, magic
tArmy:1 dao, 2 qian, 3 ji, 4, nu, 5 gong, 6 toushi, 9 mao，10qiu
-->
<content>
  <!--<anim id="H_01" key="people/1801.png" width="140" height="125"/>-->

  <!--游骑兵-->
  <anim id="S_01" key="people/4001.png" width="200" height="200"/>
  <!--匈奴-->
  <anim id="S_02" key="people/4002.png" width="200" height="200"/>
  <!--西凉铁骑-->
  <anim id="S_03" key="people/4003.png" width="200" height="200"/>

  <!--弓骑兵-->
  <anim id="S_11" key="people/4011.png" width="200" height="200"/>
  <!--白翎骑-->
  <anim id="S_12" key="people/4012.png" width="200" height="200"/>
  <!--翼弓骑-->
  <anim id="S_13" key="people/4013.png" width="200" height="200"/>
  <!--羽林弓骑-->
  <anim id="S_14" key="people/4014.png" width="200" height="200"/>
  <!--白马从义-->
  <anim id="S_15" key="people/4015.png" width="200" height="200"/>

  <!--突刺骑-->
  <anim id="S_21" key="people/4021.png" width="200" height="200"/>
  <!--斧钺骑-->
  <anim id="S_22" key="people/4022.png" width="200" height="200"/>
  <!--重甲槊骑-->
  <anim id="S_23" key="people/4023.png" width="200" height="200"/>

  <!--虎豹骑-->
  <anim id="S_24" key="people/4024.png" width="200" height="200"/>
  <!--大戟士-->
  <anim id="S_25" key="people/4025.png" width="200" height="200"/>
  <!--宿卫重骑-->
  <anim id="S_26" key="people/4026.png" width="200" height="200"/>
  <!--银翎天骑-->
  <anim id="S_27" key="people/4027.png" width="200" height="200"/>

  <!--盾甲轻步-->
  <anim id="S_31" key="people/4031.png" width="200" height="200"/>
  <!--狮面重步-->
  <anim id="S_32" key="people/4032.png" width="200" height="200"/>
  <!--巨椎重甲-->
  <anim id="S_33" key="people/4033.png" width="200" height="200"/>
  
  <!--虎步中军-->
  <anim id="S_34" key="people/4034.png" width="200" height="200"/>
  <!--虎贲卫-->
  <anim id="S_35" key="people/4035.png" width="200" height="200"/>

  
  <!--双刀兵-->
  <anim id="S_41" key="people/4041.png" width="200" height="200"/>
  <!--亲卫-->
  <anim id="S_42" key="people/4042.png" width="200" height="200"/>
  <!--剑卫-->
  <anim id="S_43" key="people/4043.png" width="200" height="200"/>
  
  <!--近卫甲兵-->
  <anim id="S_44" key="people/4044.png" width="200" height="200"/>
  <!--丹阳禁卫-->
  <anim id="S_45" key="people/4045.png" width="200" height="200"/>

  <!--长枪兵-->
  <anim id="S_51" key="people/4051.png" width="200" height="200"/>
  <!--重戟兵-->
  <anim id="S_52" key="people/4052.png" width="200" height="200"/>
  <!--月锋近卫-->
  <anim id="S_53" key="people/4053.png" width="200" height="200"/>
  <!--无难骨林-->
  <anim id="S_54" key="people/4054.png" width="200" height="200"/>
  <!--陷阵营-->
  <anim id="S_55" key="people/4055.png" width="200" height="200"/>

  
  
  
  
  <!--弩兵-->
  <anim id="S_61" key="people/4061.png" width="200" height="200"/>
  <!--劲弩兵-->
  <anim id="S_62" key="people/4062.png" width="200" height="200"/>
  <!--透甲阵-->
  <anim id="S_63" key="people/4063.png" width="200" height="200"/>
  <!--先登死士-->
  <anim id="S_64" key="people/4064.png" width="200" height="200"/>
  <!--诸葛连弩-->
  <anim id="S_65" key="people/4065.png" width="200" height="200"/>

  
  <!--弓兵-->
  <anim id="S_71" key="people/4071.png" width="200" height="200"/>
  <!--长弓兵-->
  <anim id="S_72" key="people/4072.png" width="200" height="200"/>
  <!--火羽阵-->
  <anim id="S_73" key="people/4073.png" width="200" height="200"/>

  
  
  <!--飞矛手-->
  <anim id="S_81" key="people/4081.png" width="200" height="200"/>
  <!--毒标兵-->
  <anim id="S_82" key="people/4082.png" width="200" height="200"/>
  <!--南丹掷矛兵-->
  <anim id="S_83" key="people/4083.png" width="200" height="200"/>
  <!--无当飞军-->
  <anim id="S_84" key="people/4084.png" width="200" height="200"/>

  
   <!--蛮兵-->
  <anim id="S_91" key="people/4091.png" width="200" height="200"/>
   <!--异族-->
  <anim id="S_92" key="people/4092.png" width="200" height="200"/>
   <!--牌刀獠丁-->
  <anim id="S_93" key="people/4093.png" width="200" height="200"/>
   <!--藤甲兵-->
  <anim id="S_94" key="people/4094.png" width="200" height="200"/>
 
  <!--群-->
  
  <!--管亥-->
  <anim id="H_101" key="people/1009.png" width="240" height="240"/>
  <!--潘凤-->
  <anim id="H_102" key="people/1017.png" width="220" height="220"/>
  <!--华雄-->
  <anim id="H_103" key="people/1038.png" width="240" height="240"/>
  <!--貂蝉-->
  <anim id="H_104" key="people/1054.png" width="240" height="240"/>
  <!--纪灵-->
  <anim id="H_105" key="people/1059.png" width="268" height="268"/>
  <!--胡车儿-->
  <anim id="H_106" key="people/1078.png" width="232" height="232"/>
  <!--公孙赞-->
  <anim id="H_107" key="people/1095.png" width="216" height="216"/>
  <!--张任-->
  <anim id="H_108" key="people/1109.png" width="228" height="228"/>
  <!--文聘-->
  <anim id="H_109" key="people/1132.png" width="200" height="200"/>
  

  <!--突兀骨-->
  <anim id="H_110" key="people/1710.png" width="400" height="400"/>
  <!--祝融-->
  <anim id="H_111" key="people/1711.png" width="400" height="400"/>
  <!--颜良-->
  <anim id="H_112" key="people/1712.png" width="400" height="400"/>
  <!--文丑-->
  <anim id="H_113" key="people/1713.png" width="400" height="400"/>
  <!--鞠义-->
  <anim id="H_114" key="people/1714.png" width="400" height="400"/>
  <!--高顺-->
  <anim id="H_115" key="people/1715.png" width="400" height="400"/>
  <!--吕布-->
  <anim id="H_116" key="people/1716.png" width="400" height="400"/>

  <!--妞-->
  <!--大乔-->
  <anim id="H_501" key="people/1601.png" width="200" height="200"/>
  <!--小乔-->
  <anim id="H_502" key="people/1602.png" width="200" height="200"/>
  <!--甄宓-->
  <anim id="H_503" key="people/1603.png" width="200" height="200"/>
  <!--孙尚香-->
  <anim id="H_504" key="people/1604.png" width="200" height="200"/>
  
  
  
  
  
  
  
  
  
  
    <!--蜀-->
  
  <!--周仓-->
  <anim id="H_19" key="people/1701.png" width="288" height="288"/>
  <!--廖化-->
  <anim id="H_20" key="people/1702.png" width="256" height="256"/>
  <!--李严-->
  <anim id="H_21" key="people/1703.png" width="198" height="198"/>
  <!--关兴-->
  <anim id="H_22" key="people/1704.png" width="232" height="232"/>
  <!--张苞-->
  <anim id="H_23" key="people/1705.png" width="220" height="220"/>
  <!--马岱-->
  <anim id="H_24" key="people/1706.png" width="280" height="280"/>
  <!--关平-->
  <anim id="H_25" key="people/1707.png" width="240" height="240"/>
  <!--王平-->
  <anim id="H_26" key="people/1708.png" width="200" height="200"/>
  <!--严颜-->
  <anim id="H_27" key="people/1709.png" width="288" height="288"/>
  <!--姜维-->
  <anim id="H_28" key="people/1710.png" width="400" height="400"/>
  <!--魏延-->
  <anim id="H_29" key="people/1711.png" width="400" height="400"/>
  <!--黄忠-->
  <anim id="H_30" key="people/1712.png" width="400" height="400"/>
  <!--马超-->
  <anim id="H_31" key="people/1713.png" width="400" height="400"/>
  <!--庞统-->
  <anim id="H_32" key="people/1714.png" width="400" height="400"/>
  <!--赵云-->
  <anim id="H_33" key="people/1715.png" width="400" height="400"/>
  <!--张飞-->
  <anim id="H_34" key="people/1716.png" width="400" height="400"/>
  <!--关羽-->
  <anim id="H_35" key="people/1717.png" width="400" height="400"/>
  <!--诸葛亮-->
  <anim id="H_36" key="people/1718.png" width="400" height="400"/>
  
  
  
  <!--魏-->
  
  <!--于禁-->
  <anim id="H_01" key="people/1801.png" width="216" height="216"/>
  <!--李典-->
  <anim id="H_02" key="people/1802.png" width="200" height="200"/>
  <!--乐进-->
  <anim id="H_03" key="people/1803.png" width="216" height="216"/>
  <!--曹彰-->
  <anim id="H_04" key="people/1804.png" width="220" height="220"/>
  <!--曹洪-->
  <anim id="H_05" key="people/1805.png" width="220" height="220"/>
  <!--邓艾-->
  <anim id="H_06" key="people/1806.png" width="260" height="260"/>
  <!--贾诩-->
  <anim id="H_07" key="people/1807.png" width="220" height="220"/>
  <!--曹仁-->
  <anim id="H_08" key="people/1808.png" width="198" height="198"/>
  <!--徐晃-->
  <anim id="H_09" key="people/1809.png" width="400" height="400"/>
  <!--夏侯渊-->
  <anim id="H_10" key="people/1810.png" width="400" height="400"/>
  <!--张郃-->
  <anim id="H_11" key="people/1811.png" width="400" height="400"/>
  <!--夏侯惇-->
  <anim id="H_12" key="people/1812.png" width="400" height="400"/>
  <!--庞德-->
  <anim id="H_13" key="people/1813.png" width="400" height="400"/>
  <!--郭嘉-->
  <anim id="H_14" key="people/1814.png" width="400" height="400"/>
  <!--张辽-->
  <anim id="H_15" key="people/1815.png" width="400" height="400"/>
  <!--许诸-->
  <anim id="H_16" key="people/1816.png" width="400" height="400"/>
  <!--典韦-->
  <anim id="H_17" key="people/1817.png" width="400" height="400"/>
  <!--司马懿-->
  <anim id="H_18" key="people/1818.png" width="400" height="400"/>


  
  <!--吴-->
  
  <!--祖茂-->
  <anim id="H_37" key="people/1901.png" width="210" height="210"/>
  <!--潘璋-->
  <anim id="H_38" key="people/1902.png" width="260" height="260"/>
  <!--丁奉-->
  <anim id="H_39" key="people/1903.png" width="216" height="216"/>
  <!--蒋钦-->
  <anim id="H_40" key="people/1904.png" width="320" height="320"/>
  <!--程普-->
  <anim id="H_41" key="people/1905.png" width="216" height="216"/>
  <!--徐盛-->
  <anim id="H_42" key="people/1906.png" width="228" height="228"/>
  <!--凌统-->
  <anim id="H_43" key="people/1907.png" width="205" height="205"/>
  <!--张昭-->
  <anim id="H_44" key="people/1908.png" width="263" height="263"/>
  <!--韩当-->
  <anim id="H_45" key="people/1909.png" width="252" height="252"/>
  <!--吕蒙-->
  <anim id="H_46" key="people/1910.png" width="268" height="268"/>
  <!--鲁肃-->
  <anim id="H_47" key="people/1911.png" width="400" height="400"/>
  <!--黄盖-->
  <anim id="H_48" key="people/1912.png" width="400" height="400"/>
  <!--甘宁-->
  <anim id="H_49" key="people/1913.png" width="400" height="400"/>
  <!--陆逊-->
  <anim id="H_50" key="people/1914.png" width="400" height="400"/>
  <!--周泰-->
  <anim id="H_51" key="people/1915.png" width="400" height="400"/>
  <!--太史慈-->
  <anim id="H_52" key="people/1916.png" width="400" height="400"/>
  <!--孙策-->
  <anim id="H_53" key="people/1917.png" width="400" height="400"/>
  <!--周瑜-->
  <anim id="H_54" key="people/1918.png" width="400" height="400"/>

  
  
  
  

</content>