<?xml version="1.0" encoding="UTF-8"?>
<content>
	<item id="1" name="report">
		<index>1</index>
	</item>
	<item id="2" name="send_Gift">
		<index>2</index>
	</item>
	<item id="3" name="newBag">
		<index>3</index>
	</item>
	<item id="4" name="boss">
		<index>4</index>
	</item>
	<item id="5" name="wldh">
		<index>5</index>	
	</item>
	<item id="6" name="pray">
		<index>6</index>	
	</item>
	
	
	<item id="7" name="invite">
		<index>7</index>	
	</item>
	<item id="8" name="huntxb">
		<index>8</index>	
	</item>
	<item id="9" name="dayTask">
		<index>9</index>	
	</item>
	<item id="10" name="uniteFB">
		<index>10</index>
	</item>
	<item id="11" name="GiftBag">
		<index>11</index>	
	</item>
	<item id="12" name="firstcz">
		<index>12</index>	
	</item>
	
	<item id="13" name="kowloonDing">
		<index>13</index>	
	</item>
	<item id="14" name="BluntClassGifts">
		<index>14</index>	
	</item>
	<item id="15" name="gemExchange">
		<index>15</index>
	</item>
	<item id="16" name="ball">
		<index>16</index>
	</item>
	<item id="17" name="jifen">
		<index>17</index>
	</item>
	<item id="18" name="counterattack">
		<index>18</index>
	</item>
	<!--
	<item id="19" name="counterattack">
		<index>19</index>
	</item>
	-->
	<item id="19" name="online">
		<index>19</index>
	</item>
	<item id="20" name="integral">
		<index>20</index>
	</item>
	<item id="21" name="treasure">
		<index>21</index>
	</item>
	<item id="22" name="sign">
		<index>22</index>
	</item>
	<item id="23" name="egg">
		<index>23</index>
	</item>
	<item id="24" name="man">
		<index>24</index>
	</item>
	<item id="25" name="mysticalShop">
		<index>25</index>
	</item>
	<item id="26" name="temai">
		<index>26</index>
	</item>
	<item id="27" name="lord">
		<index>27</index>
	</item>
	<item id="28" name="shen">
		<index>28</index>
	</item>
</content>
