﻿<?xml version="1.0" encoding="UTF-8"?>
<content>
  <buildings>
    <!--主城-->
    <building id="1" group="1" order="1" type="townhall" size="190" attackgroup="1" tutstage="0" sale="0" hpx="-40" hpy="-60" kuangx="-100" kuangy="-20"> 
		<poss>
			<pos lv="1" x="300" y="-227"/>
		</poss>
		<image baseurl="buildings/townhall/">
			<top image="top.1.png" x="-142" y="-109" />
 			<topdamaged image="top.1.damaged.png" x="-77" y="-7" />
 			<topdestroyed image="top.1.destroyed.png" x="-77" y="-7" />
 		 </image>
	</building>
	
    <!--农田farmland-->
    <building id="2" group="3" type="resource" size="100" attackgroup="1" tutstage="0" sale="0" hpx="0" hpy="-30" kuangx="-80" kuangy="0">
		<poss>
			<pos lv="1" x="-11" y="-350"/>
		</poss>
		<image baseurl="buildings/farmland/">
			<top image="top.1.png" x="-70" y="-43" />
			<anim image="anim.1.png" left="-76" top="-41" width="140" height="140" data="10" />
			<anim image="anim.1.1.png" left="-98" top="-7" width="140" height="140" data="8" />
			<topdamaged image="top.1.damaged.png" x="-61" y="10" />
			<topdestroyed image="top.1.destroyed.png" x="-61" y="10" />
		</image>
	</building>
   
    <!--武将 hero-->
    <building id="5" group="1" order="2" type="special" size="200" attackgroup="2" tutstage="200" sale="0" block="true" hpx="0" hpy="-60" kuangx="-60" kuangy="-10">
		<poss>
			<pos lv="1" x="603" y="-60"/>
		</poss>
		<image baseurl="buildings/altar/">
 			<top image="top.1.png" x="-94" y="-80" />
			<anim image="anim.1.png" left="-50" top="57" width="54" height="40" data="31" />
			<anim image="anim.1.1.png" left="-94" top="36" width="54" height="40" data="31" />
 			<topdamaged image="top.1.damaged.png" x="-80" y="-10" />
 			<topdestroyed image="top.1.destroyed.png" x="-80" y="-10" />
		  </image>
	</building>
    
    <!--驻兵-->
    <building id="6" group="2" order="4" type="tower" size="200" attackgroup="2" tutstage="200" sale="0" block="true" hpx="-10" hpy="-10" kuangx="-70" kuangy="0">
		<poss>
			<pos lv="20" x="-96" y="-215"/>
			<pos lv="40" x="364" y="31"/>
			<pos lv="60" x="-433" y="-31"/>
			<pos lv="80" x="-34" y="194"/>
		</poss>
		<image baseurl="buildings/bunker/">
 			<top image="top.1.png" x="-113" y="-97" />
 			<topdamaged image="top.1.damaged.png" x="-70" y="0" />
 			<topdestroyed image="top.1.destroyed.png" x="-70" y="0" />
		  </image>
	</building>

    
    <!--箭塔 [建筑ID/99闯关,1,等级/过关数]-->
    <building id="8" group="2" order="2" type="tower" size="64" attackgroup="3" tutstage="28" sale="0" hpx="-15" hpy="-90" kuangx="-75" kuangy="-50">
		<poss>
			<pos lv="1" x="-46" y="-82"/>
			<pos lv="20" x="118" y="3"/>
			<pos lv="40" x="-136" y="-131"/>
			<pos lv="60" x="208" y="52"/>
			<pos lv="70" x="-331" y="34"/>
			<pos lv="80" x="-130" y="145"/>
		</poss>
		<image baseurl="buildings/archertower/">
 			<top image="top.1.png" x="-118" y="-141" />
			<anim image="anim.1.png" left="-27" top="-117" width="60" height="60" data="8" />
			<topdamaged image="top.1.damaged.png" x="-27" y="-35" />
 			<topdestroyed image="top.1.destroyed.png" x="-27" y="-35" />
		</image>
	</building>
    <!--frametower 弩炮-->
    <building id="9" group="2" order="3" type="tower" size="64" attackgroup="3" tutstage="28" sale="0" hpx="-20" hpy="-20" kuangx="-80" kuangy="-20">
		<poss>
			<pos lv="1" x="2" y="-158"/>
			<pos lv="20" x="270" y="-16"/>
			<pos lv="40" x="-381" y="99"/>
			<pos lv="60" x="-277" y="165"/>
			<pos lv="70" x="-469" y="56"/>
			<pos lv="80" x="-186" y="210"/>
		</poss>
		<image baseurl="buildings/flaktower/">
 			<top image="top.1.png" x="-61" y="-43" />
			<anim image="anim.1.png" left="-62" top="-39" width="120" height="120" data="8" />
			<topdamaged image="top.1.damaged.png" x="-25" y="-23" />
 			<topdestroyed image="top.1.destroyed.png" x="-37" y="-5" />
		</image>
	</building>
    <!--铁匠铺-->
    <building id="10" group="1" order="11" type="special" size="200" attackgroup="2" tutstage="200" sale="0" hpx="-10" hpy="-20" kuangx="-70" kuangy="0">
		<poss>
			<pos lv="1" x="95" y="-294"/>
		</poss>
		<image baseurl="buildings/forgeshop/">
 			<top image="top.1.png" x="-95" y="-50" />
			<anim image="anim.1.1.png" left="-6" top="-5" width="19" height="31" data="10" />
			<anim image="anim.1.2.png" left="-4" top="40" width="21" height="25" data="10" />
			<anim image="anim.1.png" left="36" top="32" width="29" height="35" data="8" />
 			<topdamaged image="top.1.damaged.png" x="-60" y="0" />
 			<topdestroyed image="top.1.destroyed.png" x="-60" y="0" />
		</image>
	</building>
	<!--军机处-->
   <building id="20" group="1" order="11" type="special" size="200" attackgroup="2" tutstage="200" sale="0" hpx="-20" hpy="-35" kuangx="-90" kuangy="0">
		<poss>
			<pos lv="20" x="475" y="-126"/>
		</poss>
		<image baseurl="buildings/junjichu/">
 			<top image="build.png" x="-95" y="-50" />
 			<topdamaged image="damaged.png" x="-60" y="0" />
 			<topdestroyed image="destroyed.png" x="-60" y="0" />
		</image>
	</building>
     
    <!--火炮 [建筑ID/99闯关,1,等级/过关数]-->
   <!-- <building id="12" group="2" order="5" type="tower" size="64" attackgroup="3" tutstage="28" sale="0"> 
		<poss>
			<pos lv="1" x="450" y="-300"/>
			<pos lv="5" x="450" y="-150"/>
			<pos lv="10" x="450" y="0"/>
			<pos lv="15" x="450" y="-150"/>
			<pos lv="20" x="450" y="300"/>
			<pos lv="25" x="450" y="400"/>
		</poss>
		<image baseurl="buildings/firetower/">
 			<top image="top.1.png" x="-42" y="-60" />
			<anim image="anim.1.png" left="-42" top="-60" width="83" height="111" data="16" />
			<topdamaged image="top.1.damaged.png" x="-42" y="-60" />
 			<topdestroyed image="top.1.destroyed.png" x="-42" y="-60" />
		</image>
	</building>-->
    <!--冰炮 [建筑ID/99闯关,1,等级/过关数]-->
    <!--<building id="13" group="2" order="6" type="tower" size="64" attackgroup="3" tutstage="28" sale="0">
		<poss>
			<pos lv="1" x="-150" y="-300"/>
			<pos lv="10" x="-150" y="-150"/>
			<pos lv="15" x="-150" y="-400"/>
			<pos lv="17" x="-150" y="-150"/>
			<pos lv="19" x="-150" y="300"/>
			<pos lv="20" x="-150" y="400"/>
		</poss>
		<image baseurl="buildings/icetower/">
 			<top image="top.1.png" x="-35" y="-38" />
			<anim image="anim.1.png" left="-36" top="-38" width="65" height="87" data="16" />
			<topdamaged image="top.1.damaged.png" x="-35" y="-38" />
 			<topdestroyed image="top.1.destroyed.png" x="-35" y="-38" />
		</image>
	</building>-->


    <!--吸魔炮 [建筑ID/99闯关,1,等级/过关数]-->
	<!--
    <building id="18" group="2" order="6" type="tower" size="64" attackgroup="3" tutstage="28" sale="0">
		<poss>
			<pos lv="1" x="150" y="-300"/>
			<pos lv="10" x="150" y="-150"/>
			<pos lv="12" x="150" y="-400"/>
			<pos lv="18" x="150" y="-150"/>
			<pos lv="22" x="150" y="300"/>
			<pos lv="25" x="150" y="400"/>
		</poss>
		<image baseurl="buildings/magictower/">
 			<top image="top.1.png" x="-49" y="-22" />
			<anim image="anim.1.png" left="-79" top="-40" width="153" height="115" data="11" />
			<topdamaged image="top.1.damaged.png" x="-49" y="-22" />
 			<topdestroyed image="top.1.destroyed.png" x="-49" y="-22" />
		</image>
	</building>
	-->

	<!--摇钱树moneytree-->
    <!--<building id="19" group="3" type="decoration" size="100" attackgroup="1" tutstage="0" sale="0"></building>
	-->

 </buildings>
</content>
