﻿<?xml version="1.0" encoding="UTF-8"?>
<content>

<equipments>
	<!--="<equipment id="""&A17&"""><![CDATA[{""level"":"&D17&" , ""type"":1, ""ha"":["&E17&" , "&F17&" , "&G17&" ], ""hp"":["&H17&" , "&I17&" , "&J17&" ], ""mp"":["&K17&" , "&L17&" , "&M17&" ], ""price"":["&N17&" , "&O17&" , "&P17&" ]}]]></equipment>"-->

	
<!--武器--> 
<equipment id="2001" type="1" shop="true" order="120" cost="80" block="false"><![CDATA[{"pz":1, "part":1, "ha":75, "sell":1000}]]></equipment>
<equipment id="2002" type="1" shop="true" order="120" cost="80" block="false"><![CDATA[{"pz":2, "part":1, "ha":95, "sell":3500}]]></equipment>
<equipment id="2003" type="1" shop="true" order="120" cost="80" block="false"><![CDATA[{"pz":2, "part":1, "ha":105, "sell":4000}]]></equipment>
<equipment id="2004" type="1" shop="true" order="120" cost="80" block="false"><![CDATA[{"pz":2, "part":1, "ha":115, "sell":5000}]]></equipment>
<equipment id="2005" type="1" shop="true" order="120" cost="80" block="false"><![CDATA[{"pz":3, "part":1, "ha":145, "sell":9000}]]></equipment>
<equipment id="2006" type="1" shop="true" order="120" cost="80" block="false"><![CDATA[{"pz":3, "part":1, "ha":155, "sell":12000}]]></equipment>
<equipment id="2007" type="1" shop="true" order="120" cost="80" block="false"><![CDATA[{"pz":3, "part":1, "ha":165, "sell":15000}]]></equipment>
<equipment id="2008" type="1" shop="true" order="120" cost="80" block="false"><![CDATA[{"pz":4, "part":1, "ha":195, "sell":27000}]]></equipment>
<equipment id="2009" type="1" shop="true" order="120" cost="80" block="false"><![CDATA[{"pz":4, "part":1, "ha":205, "sell":28000}]]></equipment>
<equipment id="2010" type="1" shop="true" order="120" cost="80" block="false"><![CDATA[{"pz":4, "part":1, "ha":215, "sell":30000}]]></equipment>
<equipment id="2011" type="1" shop="true" order="120" cost="80" block="false"><![CDATA[{"pz":5, "part":1, "ha":245, "sell":65000}]]></equipment>
<equipment id="2012" type="1" shop="true" order="120" cost="80" block="false"><![CDATA[{"pz":5, "part":1, "ha":255, "sell":67000}]]></equipment>
<equipment id="2013" type="1" shop="true" order="120" cost="80" block="false"><![CDATA[{"pz":5, "part":1, "ha":265, "sell":70000}]]></equipment>
<equipment id="2014" type="1" shop="true" order="120" cost="80" block="false"><![CDATA[{"pz":6, "part":1, "ha":305, "sell":150000}]]></equipment>
<equipment id="2015" type="1" shop="true" order="120" cost="80" block="false"><![CDATA[{"pz":6, "part":1, "ha":315, "sell":160000}]]></equipment>

<!--战盔--> 
<equipment id="2101" type="1" shop="true" order="120" cost="80" block="false"><![CDATA[{"pz":1, "part":2, "hp":320, "sell":850}]]></equipment>
<equipment id="2102" type="1" shop="true" order="120" cost="80" block="false"><![CDATA[{"pz":2, "part":2, "hp":410, "sell":2975}]]></equipment>
<equipment id="2103" type="1" shop="true" order="120" cost="80" block="false"><![CDATA[{"pz":2, "part":2, "hp":455, "sell":3400}]]></equipment>
<equipment id="2104" type="1" shop="true" order="120" cost="80" block="false"><![CDATA[{"pz":2, "part":2, "hp":500, "sell":4250}]]></equipment>
<equipment id="2105" type="1" shop="true" order="120" cost="80" block="false"><![CDATA[{"pz":3, "part":2, "hp":635, "sell":7650}]]></equipment>
<equipment id="2106" type="1" shop="true" order="120" cost="80" block="false"><![CDATA[{"pz":3, "part":2, "hp":680, "sell":10200}]]></equipment>
<equipment id="2107" type="1" shop="true" order="120" cost="80" block="false"><![CDATA[{"pz":3, "part":2, "hp":725, "sell":12750}]]></equipment>
<equipment id="2108" type="1" shop="true" order="120" cost="80" block="false"><![CDATA[{"pz":4, "part":2, "hp":860, "sell":22950}]]></equipment>
<equipment id="2109" type="1" shop="true" order="120" cost="80" block="false"><![CDATA[{"pz":4, "part":2, "hp":905, "sell":23800}]]></equipment>
<equipment id="2110" type="1" shop="true" order="120" cost="80" block="false"><![CDATA[{"pz":4, "part":2, "hp":950, "sell":25500}]]></equipment>
<equipment id="2111" type="1" shop="true" order="120" cost="80" block="false"><![CDATA[{"pz":5, "part":2, "hp":1085, "sell":55250}]]></equipment>
<equipment id="2112" type="1" shop="true" order="120" cost="80" block="false"><![CDATA[{"pz":5, "part":2, "hp":1130, "sell":56950}]]></equipment>
<equipment id="2113" type="1" shop="true" order="120" cost="80" block="false"><![CDATA[{"pz":5, "part":2, "hp":1175, "sell":59500}]]></equipment>
<equipment id="2114" type="1" shop="true" order="120" cost="80" block="false"><![CDATA[{"pz":6, "part":2, "hp":1355, "sell":127500}]]></equipment>
<equipment id="2115" type="1" shop="true" order="120" cost="80" block="false"><![CDATA[{"pz":6, "part":2, "hp":1400, "sell":136000}]]></equipment>

<!--铠甲--> 
<equipment id="2201" type="1" shop="true" order="120" cost="80" block="false"><![CDATA[{"pz":1, "part":3, "hd":6, "sell":950}]]></equipment>
<equipment id="2202" type="1" shop="true" order="120" cost="80" block="false"><![CDATA[{"pz":2, "part":3, "hd":8, "sell":3325}]]></equipment>
<equipment id="2203" type="1" shop="true" order="120" cost="80" block="false"><![CDATA[{"pz":2, "part":3, "hd":9, "sell":3800}]]></equipment>
<equipment id="2204" type="1" shop="true" order="120" cost="80" block="false"><![CDATA[{"pz":2, "part":3, "hd":10, "sell":4750}]]></equipment>
<equipment id="2205" type="1" shop="true" order="120" cost="80" block="false"><![CDATA[{"pz":3, "part":3, "hd":13, "sell":8550}]]></equipment>
<equipment id="2206" type="1" shop="true" order="120" cost="80" block="false"><![CDATA[{"pz":3, "part":3, "hd":14, "sell":11400}]]></equipment>
<equipment id="2207" type="1" shop="true" order="120" cost="80" block="false"><![CDATA[{"pz":3, "part":3, "hd":15, "sell":14250}]]></equipment>
<equipment id="2208" type="1" shop="true" order="120" cost="80" block="false"><![CDATA[{"pz":4, "part":3, "hd":18, "sell":25650}]]></equipment>
<equipment id="2209" type="1" shop="true" order="120" cost="80" block="false"><![CDATA[{"pz":4, "part":3, "hd":19, "sell":26600}]]></equipment>
<equipment id="2210" type="1" shop="true" order="120" cost="80" block="false"><![CDATA[{"pz":4, "part":3, "hd":20, "sell":28500}]]></equipment>
<equipment id="2211" type="1" shop="true" order="120" cost="80" block="false"><![CDATA[{"pz":5, "part":3, "hd":23, "sell":61750}]]></equipment>
<equipment id="2212" type="1" shop="true" order="120" cost="80" block="false"><![CDATA[{"pz":5, "part":3, "hd":24, "sell":63650}]]></equipment>
<equipment id="2213" type="1" shop="true" order="120" cost="80" block="false"><![CDATA[{"pz":5, "part":3, "hd":25, "sell":66500}]]></equipment>
<equipment id="2214" type="1" shop="true" order="120" cost="80" block="false"><![CDATA[{"pz":6, "part":3, "hd":29, "sell":142500}]]></equipment>
<equipment id="2215" type="1" shop="true" order="120" cost="80" block="false"><![CDATA[{"pz":6, "part":3, "hd":30, "sell":152000}]]></equipment>

<!--战靴--> 
<equipment id="2301" type="1" shop="true" order="120" cost="80" block="false"><![CDATA[{"pz":1, "part":4, "hp":200, "sp":10, "sell":900}]]></equipment>
<equipment id="2302" type="1" shop="true" order="120" cost="80" block="false"><![CDATA[{"pz":2, "part":4, "hp":250, "sp":15, "sell":3150}]]></equipment>
<equipment id="2303" type="1" shop="true" order="120" cost="80" block="false"><![CDATA[{"pz":2, "part":4, "hp":275, "sp":16, "sell":3600}]]></equipment>
<equipment id="2304" type="1" shop="true" order="120" cost="80" block="false"><![CDATA[{"pz":2, "part":4, "hp":300, "sp":17, "sell":4500}]]></equipment>
<equipment id="2305" type="1" shop="true" order="120" cost="80" block="false"><![CDATA[{"pz":3, "part":4, "hp":375, "sp":23, "sell":8100}]]></equipment>
<equipment id="2306" type="1" shop="true" order="120" cost="80" block="false"><![CDATA[{"pz":3, "part":4, "hp":400, "sp":24, "sell":10800}]]></equipment>
<equipment id="2307" type="1" shop="true" order="120" cost="80" block="false"><![CDATA[{"pz":3, "part":4, "hp":425, "sp":25, "sell":13500}]]></equipment>
<equipment id="2308" type="1" shop="true" order="120" cost="80" block="false"><![CDATA[{"pz":4, "part":4, "hp":500, "sp":32, "sell":24300}]]></equipment>
<equipment id="2309" type="1" shop="true" order="120" cost="80" block="false"><![CDATA[{"pz":4, "part":4, "hp":525, "sp":33, "sell":25200}]]></equipment>
<equipment id="2310" type="1" shop="true" order="120" cost="80" block="false"><![CDATA[{"pz":4, "part":4, "hp":550, "sp":34, "sell":27000}]]></equipment>
<equipment id="2311" type="1" shop="true" order="120" cost="80" block="false"><![CDATA[{"pz":5, "part":4, "hp":625, "sp":42, "sell":58500}]]></equipment>
<equipment id="2312" type="1" shop="true" order="120" cost="80" block="false"><![CDATA[{"pz":5, "part":4, "hp":650, "sp":43, "sell":60300}]]></equipment>
<equipment id="2313" type="1" shop="true" order="120" cost="80" block="false"><![CDATA[{"pz":5, "part":4, "hp":675, "sp":44, "sell":63000}]]></equipment>
<equipment id="2314" type="1" shop="true" order="120" cost="80" block="false"><![CDATA[{"pz":6, "part":4, "hp":775, "sp":53, "sell":135000}]]></equipment>
<equipment id="2315" type="1" shop="true" order="120" cost="80" block="false"><![CDATA[{"pz":6, "part":4, "hp":800, "sp":55, "sell":144000}]]></equipment>

<!--坐骑--> 
<equipment id="2401" type="1" shop="true" order="120" cost="80" block="false"><![CDATA[{"pz":1, "part":5, "ha":45, "rp":10, "sell":1500}]]></equipment>
<equipment id="2402" type="1" shop="true" order="120" cost="80" block="false"><![CDATA[{"pz":2, "part":5, "ha":65, "rp":20, "sell":5250}]]></equipment>
<equipment id="2403" type="1" shop="true" order="120" cost="80" block="false"><![CDATA[{"pz":2, "part":5, "ha":75, "rp":24, "sell":6000}]]></equipment>
<equipment id="2404" type="1" shop="true" order="120" cost="80" block="false"><![CDATA[{"pz":2, "part":5, "ha":85, "rp":28, "sell":7500}]]></equipment>
<equipment id="2405" type="1" shop="true" order="120" cost="80" block="false"><![CDATA[{"pz":3, "part":5, "ha":115, "rp":35, "sell":13500}]]></equipment>
<equipment id="2406" type="1" shop="true" order="120" cost="80" block="false"><![CDATA[{"pz":3, "part":5, "ha":125, "rp":40, "sell":18000}]]></equipment>
<equipment id="2407" type="1" shop="true" order="120" cost="80" block="false"><![CDATA[{"pz":3, "part":5, "ha":135, "rp":45, "sell":22500}]]></equipment>
<equipment id="2408" type="1" shop="true" order="120" cost="80" block="false"><![CDATA[{"pz":4, "part":5, "ha":165, "rp":55, "sell":40500}]]></equipment>
<equipment id="2409" type="1" shop="true" order="120" cost="80" block="false"><![CDATA[{"pz":4, "part":5, "ha":175, "rp":61, "sell":42000}]]></equipment>
<equipment id="2410" type="1" shop="true" order="120" cost="80" block="false"><![CDATA[{"pz":4, "part":5, "ha":185, "rp":67, "sell":45000}]]></equipment>
<equipment id="2411" type="1" shop="true" order="120" cost="80" block="false"><![CDATA[{"pz":5, "part":5, "ha":215, "rp":70, "sell":97500}]]></equipment>
<equipment id="2412" type="1" shop="true" order="120" cost="80" block="false"><![CDATA[{"pz":5, "part":5, "ha":225, "rp":75, "sell":100500}]]></equipment>
<equipment id="2413" type="1" shop="true" order="120" cost="80" block="false"><![CDATA[{"pz":5, "part":5, "ha":235, "rp":80, "sell":105000}]]></equipment>
<equipment id="2414" type="1" shop="true" order="120" cost="80" block="false"><![CDATA[{"pz":6, "part":5, "ha":275, "rp":95, "sell":225000}]]></equipment>
<equipment id="2415" type="1" shop="true" order="120" cost="80" block="false"><![CDATA[{"pz":6, "part":5, "ha":285, "rp":100, "sell":240000}]]></equipment>

<!--宝物--> 
<!--
宝物特有的字段 : 
	next : 下一级的宝物id
	nextExp : 下一级需要的经验
	sublv : 在当前宝物属于哪一等级
	iconid : 宝物指定的图标id, 用于10个阶段都用同一个图片
-->
<equipment id="2501" type="1" shop="true" next="2502" nextExp="500" sublv="1" iconid="2501" order="120" cost="80" block="false"><![CDATA[{"pz":6, "part":6, "Str":20, "Agi":20, "Int":20, "sell":20000}]]></equipment>
<equipment id="2502" type="1" shop="true" next="2503" nextExp="1400" sublv="2" iconid="2501" order="120" cost="80" block="false"><![CDATA[{"pz":6, "part":6, "Str":22, "Agi":22, "Int":22, "sell":20000}]]></equipment>
<equipment id="2503" type="1" shop="true" next="2504" nextExp="2600" sublv="3" iconid="2501" order="120" cost="80" block="false"><![CDATA[{"pz":6, "part":6, "Str":24, "Agi":24, "Int":24, "sell":20000}]]></equipment>
<equipment id="2504" type="1" shop="true" next="2505" nextExp="4000" sublv="4" iconid="2501" order="120" cost="80" block="false"><![CDATA[{"pz":6, "part":6, "Str":26, "Agi":26, "Int":26, "sell":20000}]]></equipment>
<equipment id="2505" type="1" shop="true" next="2506" nextExp="5600" sublv="5" iconid="2501" order="120" cost="80" block="false"><![CDATA[{"pz":6, "part":6, "Str":28, "Agi":28, "Int":28, "sell":20000}]]></equipment>
<equipment id="2506" type="1" shop="true" next="2507" nextExp="7300" sublv="6" iconid="2501" order="120" cost="80" block="false"><![CDATA[{"pz":6, "part":6, "Str":30, "Agi":30, "Int":30, "sell":20000}]]></equipment>
<equipment id="2507" type="1" shop="true" next="2508" nextExp="9200" sublv="7" iconid="2501" order="120" cost="80" block="false"><![CDATA[{"pz":6, "part":6, "Str":32, "Agi":32, "Int":32, "sell":20000}]]></equipment>
<equipment id="2508" type="1" shop="true" next="2509" nextExp="11000" sublv="8" iconid="2501" order="120" cost="80" block="false"><![CDATA[{"pz":6, "part":6, "Str":34, "Agi":34, "Int":34, "sell":20000}]]></equipment>
<equipment id="2509" type="1" shop="true" next="2510" nextExp="13500" sublv="9" iconid="2501" order="120" cost="80" block="false"><![CDATA[{"pz":6, "part":6, "Str":36, "Agi":36, "Int":36, "sell":20000}]]></equipment>
<equipment id="2510" type="1" shop="true" next="2511" nextExp="15800" sublv="10" iconid="2501" order="120" cost="80" block="false"><![CDATA[{"pz":6, "part":6, "Str":38, "Agi":38, "Int":38, "sell":20000}]]></equipment>

<equipment id="2511" type="1" shop="true" next="2512" nextExp="18200" sublv="11" iconid="2511" order="120" cost="80" block="false"><![CDATA[{"pz":6, "part":6, "Str":40, "Agi":40, "Int":40, "sell":20000}]]></equipment>
<equipment id="2512" type="1" shop="true" next="2513" nextExp="20700" sublv="12" iconid="2511" order="120" cost="80" block="false"><![CDATA[{"pz":6, "part":6, "Str":42, "Agi":42, "Int":42, "sell":20000}]]></equipment>
<equipment id="2513" type="1" shop="true" next="2514" nextExp="23400" sublv="13" iconid="2511" order="120" cost="80" block="false"><![CDATA[{"pz":6, "part":6, "Str":44, "Agi":44, "Int":44, "sell":20000}]]></equipment>
<equipment id="2514" type="1" shop="true" next="2515" nextExp="26100" sublv="14" iconid="2511" order="120" cost="80" block="false"><![CDATA[{"pz":6, "part":6, "Str":46, "Agi":46, "Int":46, "sell":20000}]]></equipment>
<equipment id="2515" type="1" shop="true" next="2516" nextExp="29000" sublv="15" iconid="2511" order="120" cost="80" block="false"><![CDATA[{"pz":6, "part":6, "Str":48, "Agi":48, "Int":48, "sell":20000}]]></equipment>
<equipment id="2516" type="1" shop="true" next="2517" nextExp="32000" sublv="16" iconid="2511" order="120" cost="80" block="false"><![CDATA[{"pz":6, "part":6, "Str":50, "Agi":50, "Int":50, "sell":20000}]]></equipment>
<equipment id="2517" type="1" shop="true" next="2518" nextExp="35000" sublv="17" iconid="2511" order="120" cost="80" block="false"><![CDATA[{"pz":6, "part":6, "Str":52, "Agi":52, "Int":52, "sell":20000}]]></equipment>
<equipment id="2518" type="1" shop="true" next="2519" nextExp="38100" sublv="18" iconid="2511" order="120" cost="80" block="false"><![CDATA[{"pz":6, "part":6, "Str":54, "Agi":54, "Int":54, "sell":20000}]]></equipment>
<equipment id="2519" type="1" shop="true" next="2520" nextExp="41400" sublv="19" iconid="2511" order="120" cost="80" block="false"><![CDATA[{"pz":6, "part":6, "Str":56, "Agi":56, "Int":56, "sell":20000}]]></equipment>
<equipment id="2520" type="1" shop="true" next="2521" nextExp="44700" sublv="20" iconid="2511" order="120" cost="80" block="false"><![CDATA[{"pz":6, "part":6, "Str":58, "Agi":58, "Int":58, "sell":20000}]]></equipment>

<equipment id="2521" type="1" shop="true" next="2522" nextExp="48100" sublv="21" iconid="2521" order="120" cost="80" block="false"><![CDATA[{"pz":6, "part":6, "Str":60, "Agi":60, "Int":60, "sell":20000}]]></equipment>
<equipment id="2522" type="1" shop="true" next="2523" nextExp="51500" sublv="22" iconid="2521" order="120" cost="80" block="false"><![CDATA[{"pz":6, "part":6, "Str":62, "Agi":62, "Int":62, "sell":20000}]]></equipment>
<equipment id="2523" type="1" shop="true" next="2524" nextExp="55100" sublv="23" iconid="2521" order="120" cost="80" block="false"><![CDATA[{"pz":6, "part":6, "Str":64, "Agi":64, "Int":64, "sell":20000}]]></equipment>
<equipment id="2524" type="1" shop="true" next="2525" nextExp="58700" sublv="24" iconid="2521" order="120" cost="80" block="false"><![CDATA[{"pz":6, "part":6, "Str":66, "Agi":66, "Int":66, "sell":20000}]]></equipment>
<equipment id="2525" type="1" shop="true" next="2526" nextExp="62500" sublv="25" iconid="2521" order="120" cost="80" block="false"><![CDATA[{"pz":6, "part":6, "Str":68, "Agi":68, "Int":68, "sell":20000}]]></equipment>
<equipment id="2526" type="1" shop="true" next="2527" nextExp="66200" sublv="26" iconid="2521" order="120" cost="80" block="false"><![CDATA[{"pz":6, "part":6, "Str":70, "Agi":70, "Int":70, "sell":20000}]]></equipment>
<equipment id="2527" type="1" shop="true" next="2528" nextExp="70100" sublv="27" iconid="2521" order="120" cost="80" block="false"><![CDATA[{"pz":6, "part":6, "Str":72, "Agi":72, "Int":72, "sell":20000}]]></equipment>
<equipment id="2528" type="1" shop="true" next="2529" nextExp="74000" sublv="28" iconid="2521" order="120" cost="80" block="false"><![CDATA[{"pz":6, "part":6, "Str":74, "Agi":74, "Int":74, "sell":20000}]]></equipment>
<equipment id="2529" type="1" shop="true" next="2530" nextExp="78000" sublv="29" iconid="2521" order="120" cost="80" block="false"><![CDATA[{"pz":6, "part":6, "Str":76, "Agi":76, "Int":76, "sell":20000}]]></equipment>
<equipment id="2530" type="1" shop="true" next="2531" nextExp="82100" sublv="30" iconid="2521" order="120" cost="80" block="false"><![CDATA[{"pz":6, "part":6, "Str":78, "Agi":78, "Int":78, "sell":20000}]]></equipment>

<equipment id="2531" type="1" shop="true" next="2532" nextExp="86300" sublv="31" iconid="2531" order="120" cost="80" block="false"><![CDATA[{"pz":6, "part":6, "Str":80, "Agi":80, "Int":80, "sell":20000}]]></equipment>
<equipment id="2532" type="1" shop="true" next="2533" nextExp="90500" sublv="32" iconid="2531" order="120" cost="80" block="false"><![CDATA[{"pz":6, "part":6, "Str":82, "Agi":82, "Int":82, "sell":20000}]]></equipment>
<equipment id="2533" type="1" shop="true" next="2534" nextExp="94700" sublv="33" iconid="2531" order="120" cost="80" block="false"><![CDATA[{"pz":6, "part":6, "Str":84, "Agi":84, "Int":84, "sell":20000}]]></equipment>
<equipment id="2534" type="1" shop="true" next="2535" nextExp="99100" sublv="34" iconid="2531" order="120" cost="80" block="false"><![CDATA[{"pz":6, "part":6, "Str":86, "Agi":86, "Int":86, "sell":20000}]]></equipment>
<equipment id="2535" type="1" shop="true" next="2536" nextExp="103000" sublv="35" iconid="2531" order="120" cost="80" block="false"><![CDATA[{"pz":6, "part":6, "Str":88, "Agi":88, "Int":88, "sell":20000}]]></equipment>
<equipment id="2536" type="1" shop="true" next="2537" nextExp="108000" sublv="36" iconid="2531" order="120" cost="80" block="false"><![CDATA[{"pz":6, "part":6, "Str":90, "Agi":90, "Int":90, "sell":20000}]]></equipment>
<equipment id="2537" type="1" shop="true" next="2538" nextExp="112000" sublv="37" iconid="2531" order="120" cost="80" block="false"><![CDATA[{"pz":6, "part":6, "Str":92, "Agi":92, "Int":92, "sell":20000}]]></equipment>
<equipment id="2538" type="1" shop="true" next="2539" nextExp="117000" sublv="38" iconid="2531" order="120" cost="80" block="false"><![CDATA[{"pz":6, "part":6, "Str":94, "Agi":94, "Int":94, "sell":20000}]]></equipment>
<equipment id="2539" type="1" shop="true" next="2540" nextExp="121000" sublv="39" iconid="2531" order="120" cost="80" block="false"><![CDATA[{"pz":6, "part":6, "Str":96, "Agi":96, "Int":96, "sell":20000}]]></equipment>
<equipment id="2540" type="1" shop="true" next="2541" nextExp="126000" sublv="40" iconid="2531" order="120" cost="80" block="false"><![CDATA[{"pz":6, "part":6, "Str":98, "Agi":98, "Int":98, "sell":20000}]]></equipment>

<equipment id="2541" type="1" shop="true" next="2542" nextExp="131000" sublv="41" iconid="2541" order="120" cost="80" block="false"><![CDATA[{"pz":6, "part":6, "Str":100, "Agi":100, "Int":100, "sell":20000}]]></equipment>
<equipment id="2542" type="1" shop="true" next="2543" nextExp="136000" sublv="42" iconid="2541" order="120" cost="80" block="false"><![CDATA[{"pz":6, "part":6, "Str":102, "Agi":102, "Int":102, "sell":20000}]]></equipment>
<equipment id="2543" type="1" shop="true" next="2544" nextExp="140000" sublv="43" iconid="2541" order="120" cost="80" block="false"><![CDATA[{"pz":6, "part":6, "Str":104, "Agi":104, "Int":104, "sell":20000}]]></equipment>
<equipment id="2544" type="1" shop="true" next="2545" nextExp="145000" sublv="44" iconid="2541" order="120" cost="80" block="false"><![CDATA[{"pz":6, "part":6, "Str":106, "Agi":106, "Int":106, "sell":20000}]]></equipment>
<equipment id="2545" type="1" shop="true" next="2546" nextExp="150000" sublv="45" iconid="2541" order="120" cost="80" block="false"><![CDATA[{"pz":6, "part":6, "Str":108, "Agi":108, "Int":108, "sell":20000}]]></equipment>
<equipment id="2546" type="1" shop="true" next="2547" nextExp="155000" sublv="46" iconid="2541" order="120" cost="80" block="false"><![CDATA[{"pz":6, "part":6, "Str":110, "Agi":110, "Int":110, "sell":20000}]]></equipment>
<equipment id="2547" type="1" shop="true" next="2548" nextExp="161000" sublv="47" iconid="2541" order="120" cost="80" block="false"><![CDATA[{"pz":6, "part":6, "Str":112, "Agi":112, "Int":112, "sell":20000}]]></equipment>
<equipment id="2548" type="1" shop="true" next="2549" nextExp="166000" sublv="48" iconid="2541" order="120" cost="80" block="false"><![CDATA[{"pz":6, "part":6, "Str":114, "Agi":114, "Int":114, "sell":20000}]]></equipment>
<equipment id="2549" type="1" shop="true" next="2550" nextExp="171000" sublv="49" iconid="2541" order="120" cost="80" block="false"><![CDATA[{"pz":6, "part":6, "Str":116, "Agi":116, "Int":116, "sell":20000}]]></equipment>
<equipment id="2550" type="1" shop="true" next="2551" nextExp="176000" sublv="50" iconid="2541" order="120" cost="80" block="false"><![CDATA[{"pz":6, "part":6, "Str":118, "Agi":118, "Int":118, "sell":20000}]]></equipment>

<equipment id="2551" type="1" shop="true" next="2552" nextExp="182000" sublv="51" iconid="2551" order="120" cost="80" block="false"><![CDATA[{"pz":6, "part":6, "Str":120, "Agi":120, "Int":120, "sell":20000}]]></equipment>
<equipment id="2552" type="1" shop="true" next="2553" nextExp="187000" sublv="52" iconid="2551" order="120" cost="80" block="false"><![CDATA[{"pz":6, "part":6, "Str":122, "Agi":122, "Int":122, "sell":20000}]]></equipment>
<equipment id="2553" type="1" shop="true" next="2554" nextExp="192000" sublv="53" iconid="2551" order="120" cost="80" block="false"><![CDATA[{"pz":6, "part":6, "Str":124, "Agi":124, "Int":124, "sell":20000}]]></equipment>
<equipment id="2554" type="1" shop="true" next="2555" nextExp="198000" sublv="54" iconid="2551" order="120" cost="80" block="false"><![CDATA[{"pz":6, "part":6, "Str":126, "Agi":126, "Int":126, "sell":20000}]]></equipment>
<equipment id="2555" type="1" shop="true" next="2556" nextExp="203000" sublv="55" iconid="2551" order="120" cost="80" block="false"><![CDATA[{"pz":6, "part":6, "Str":128, "Agi":128, "Int":128, "sell":20000}]]></equipment>
<equipment id="2556" type="1" shop="true" next="2557" nextExp="209000" sublv="56" iconid="2551" order="120" cost="80" block="false"><![CDATA[{"pz":6, "part":6, "Str":130, "Agi":130, "Int":130, "sell":20000}]]></equipment>
<equipment id="2557" type="1" shop="true" next="2558" nextExp="215000" sublv="57" iconid="2551" order="120" cost="80" block="false"><![CDATA[{"pz":6, "part":6, "Str":132, "Agi":132, "Int":132, "sell":20000}]]></equipment>
<equipment id="2558" type="1" shop="true" next="2559" nextExp="220000" sublv="58" iconid="2551" order="120" cost="80" block="false"><![CDATA[{"pz":6, "part":6, "Str":134, "Agi":134, "Int":134, "sell":20000}]]></equipment>
<equipment id="2559" type="1" shop="true" next="2560" nextExp="226000" sublv="59" iconid="2551" order="120" cost="80" block="false"><![CDATA[{"pz":6, "part":6, "Str":136, "Agi":136, "Int":136, "sell":20000}]]></equipment>
<equipment id="2560" type="1" shop="true" next="2561" nextExp="232000" sublv="60" iconid="2551" order="120" cost="80" block="false"><![CDATA[{"pz":6, "part":6, "Str":138, "Agi":138, "Int":138, "sell":20000}]]></equipment>

<equipment id="2561" type="1" shop="true" next="2562" nextExp="238000" sublv="61" iconid="2561" order="120" cost="80" block="false"><![CDATA[{"pz":6, "part":6, "Str":140, "Agi":140, "Int":140, "sell":20000}]]></equipment>
<equipment id="2562" type="1" shop="true" next="2563" nextExp="244000" sublv="62" iconid="2561" order="120" cost="80" block="false"><![CDATA[{"pz":6, "part":6, "Str":142, "Agi":142, "Int":142, "sell":20000}]]></equipment>
<equipment id="2563" type="1" shop="true" next="2564" nextExp="250000" sublv="63" iconid="2561" order="120" cost="80" block="false"><![CDATA[{"pz":6, "part":6, "Str":144, "Agi":144, "Int":144, "sell":20000}]]></equipment>
<equipment id="2564" type="1" shop="true" next="2565" nextExp="256000" sublv="64" iconid="2561" order="120" cost="80" block="false"><![CDATA[{"pz":6, "part":6, "Str":146, "Agi":146, "Int":146, "sell":20000}]]></equipment>
<equipment id="2565" type="1" shop="true" next="2566" nextExp="262000" sublv="65" iconid="2561" order="120" cost="80" block="false"><![CDATA[{"pz":6, "part":6, "Str":148, "Agi":148, "Int":148, "sell":20000}]]></equipment>
<equipment id="2566" type="1" shop="true" next="2567" nextExp="268000" sublv="66" iconid="2561" order="120" cost="80" block="false"><![CDATA[{"pz":6, "part":6, "Str":150, "Agi":150, "Int":150, "sell":20000}]]></equipment>
<equipment id="2567" type="1" shop="true" next="2568" nextExp="274000" sublv="67" iconid="2561" order="120" cost="80" block="false"><![CDATA[{"pz":6, "part":6, "Str":152, "Agi":152, "Int":152, "sell":20000}]]></equipment>
<equipment id="2568" type="1" shop="true" next="2569" nextExp="280000" sublv="68" iconid="2561" order="120" cost="80" block="false"><![CDATA[{"pz":6, "part":6, "Str":154, "Agi":154, "Int":154, "sell":20000}]]></equipment>
<equipment id="2569" type="1" shop="true" next="2570" nextExp="286000" sublv="69" iconid="2561" order="120" cost="80" block="false"><![CDATA[{"pz":6, "part":6, "Str":156, "Agi":156, "Int":156, "sell":20000}]]></equipment>
<equipment id="2570" type="1" shop="true" next="2571" nextExp="292000" sublv="70" iconid="2561" order="120" cost="80" block="false"><![CDATA[{"pz":6, "part":6, "Str":158, "Agi":158, "Int":158, "sell":20000}]]></equipment>

<equipment id="2571" type="1" shop="true" next="2572" nextExp="299000" sublv="71" iconid="2571" order="120" cost="80" block="false"><![CDATA[{"pz":6, "part":6, "Str":160, "Agi":160, "Int":160, "sell":20000}]]></equipment>
<equipment id="2572" type="1" shop="true" next="2573" nextExp="305000" sublv="72" iconid="2571" order="120" cost="80" block="false"><![CDATA[{"pz":6, "part":6, "Str":162, "Agi":162, "Int":162, "sell":20000}]]></equipment>
<equipment id="2573" type="1" shop="true" next="2574" nextExp="311000" sublv="73" iconid="2571" order="120" cost="80" block="false"><![CDATA[{"pz":6, "part":6, "Str":164, "Agi":164, "Int":164, "sell":20000}]]></equipment>
<equipment id="2574" type="1" shop="true" next="2575" nextExp="318000" sublv="74" iconid="2571" order="120" cost="80" block="false"><![CDATA[{"pz":6, "part":6, "Str":166, "Agi":166, "Int":166, "sell":20000}]]></equipment>
<equipment id="2575" type="1" shop="true" next="2576" nextExp="324000" sublv="75" iconid="2571" order="120" cost="80" block="false"><![CDATA[{"pz":6, "part":6, "Str":168, "Agi":168, "Int":168, "sell":20000}]]></equipment>
<equipment id="2576" type="1" shop="true" next="2577" nextExp="331000" sublv="76" iconid="2571" order="120" cost="80" block="false"><![CDATA[{"pz":6, "part":6, "Str":170, "Agi":170, "Int":170, "sell":20000}]]></equipment>
<equipment id="2577" type="1" shop="true" next="2578" nextExp="337000" sublv="77" iconid="2571" order="120" cost="80" block="false"><![CDATA[{"pz":6, "part":6, "Str":172, "Agi":172, "Int":172, "sell":20000}]]></equipment>
<equipment id="2578" type="1" shop="true" next="2579" nextExp="344000" sublv="78" iconid="2571" order="120" cost="80" block="false"><![CDATA[{"pz":6, "part":6, "Str":174, "Agi":174, "Int":174, "sell":20000}]]></equipment>
<equipment id="2579" type="1" shop="true" next="2580" nextExp="351000" sublv="79" iconid="2571" order="120" cost="80" block="false"><![CDATA[{"pz":6, "part":6, "Str":176, "Agi":176, "Int":176, "sell":20000}]]></equipment>
<equipment id="2580" type="1" shop="true" next="2581" nextExp="357000" sublv="80" iconid="2571" order="120" cost="80" block="false"><![CDATA[{"pz":6, "part":6, "Str":178, "Agi":178, "Int":178, "sell":20000}]]></equipment>

<equipment id="2581" type="1" shop="true" next="2582" nextExp="364000" sublv="81" iconid="2581" order="120" cost="80" block="false"><![CDATA[{"pz":6, "part":6, "Str":180, "Agi":180, "Int":180, "sell":20000}]]></equipment>
<equipment id="2582" type="1" shop="true" next="2583" nextExp="371000" sublv="82" iconid="2581" order="120" cost="80" block="false"><![CDATA[{"pz":6, "part":6, "Str":182, "Agi":182, "Int":182, "sell":20000}]]></equipment>
<equipment id="2583" type="1" shop="true" next="2584" nextExp="378000" sublv="83" iconid="2581" order="120" cost="80" block="false"><![CDATA[{"pz":6, "part":6, "Str":184, "Agi":184, "Int":184, "sell":20000}]]></equipment>
<equipment id="2584" type="1" shop="true" next="2585" nextExp="385000" sublv="84" iconid="2581" order="120" cost="80" block="false"><![CDATA[{"pz":6, "part":6, "Str":186, "Agi":186, "Int":186, "sell":20000}]]></equipment>
<equipment id="2585" type="1" shop="true" next="2586" nextExp="392000" sublv="85" iconid="2581" order="120" cost="80" block="false"><![CDATA[{"pz":6, "part":6, "Str":188, "Agi":188, "Int":188, "sell":20000}]]></equipment>
<equipment id="2586" type="1" shop="true" next="2587" nextExp="399000" sublv="86" iconid="2581" order="120" cost="80" block="false"><![CDATA[{"pz":6, "part":6, "Str":190, "Agi":190, "Int":190, "sell":20000}]]></equipment>
<equipment id="2587" type="1" shop="true" next="2588" nextExp="405000" sublv="87" iconid="2581" order="120" cost="80" block="false"><![CDATA[{"pz":6, "part":6, "Str":192, "Agi":192, "Int":192, "sell":20000}]]></equipment>
<equipment id="2588" type="1" shop="true" next="2589" nextExp="412000" sublv="88" iconid="2581" order="120" cost="80" block="false"><![CDATA[{"pz":6, "part":6, "Str":194, "Agi":194, "Int":194, "sell":20000}]]></equipment>
<equipment id="2589" type="1" shop="true" next="2590" nextExp="420000" sublv="89" iconid="2581" order="120" cost="80" block="false"><![CDATA[{"pz":6, "part":6, "Str":196, "Agi":196, "Int":196, "sell":20000}]]></equipment>
<equipment id="2590" type="1" shop="true" next="2591" nextExp="427000" sublv="90" iconid="2581" order="120" cost="80" block="false"><![CDATA[{"pz":6, "part":6, "Str":198, "Agi":198, "Int":198, "sell":20000}]]></equipment>

<equipment id="2591" type="1" shop="true" next="2592" nextExp="434000" sublv="91" iconid="2591" order="120" cost="80" block="false"><![CDATA[{"pz":6, "part":6, "Str":200, "Agi":200, "Int":200, "sell":20000}]]></equipment>
<equipment id="2592" type="1" shop="true" next="2593" nextExp="441000" sublv="92" iconid="2591" order="120" cost="80" block="false"><![CDATA[{"pz":6, "part":6, "Str":202, "Agi":202, "Int":202, "sell":20000}]]></equipment>
<equipment id="2593" type="1" shop="true" next="2594" nextExp="448000" sublv="93" iconid="2591" order="120" cost="80" block="false"><![CDATA[{"pz":6, "part":6, "Str":204, "Agi":204, "Int":204, "sell":20000}]]></equipment>
<equipment id="2594" type="1" shop="true" next="2595" nextExp="455000" sublv="94" iconid="2591" order="120" cost="80" block="false"><![CDATA[{"pz":6, "part":6, "Str":206, "Agi":206, "Int":206, "sell":20000}]]></equipment>
<equipment id="2595" type="1" shop="true" next="2596" nextExp="463000" sublv="95" iconid="2591" order="120" cost="80" block="false"><![CDATA[{"pz":6, "part":6, "Str":208, "Agi":208, "Int":208, "sell":20000}]]></equipment>
<equipment id="2596" type="1" shop="true" next="2597" nextExp="470000" sublv="96" iconid="2591" order="120" cost="80" block="false"><![CDATA[{"pz":6, "part":6, "Str":210, "Agi":210, "Int":210, "sell":20000}]]></equipment>
<equipment id="2597" type="1" shop="true" next="2598" nextExp="477000" sublv="97" iconid="2591" order="120" cost="80" block="false"><![CDATA[{"pz":6, "part":6, "Str":212, "Agi":212, "Int":212, "sell":20000}]]></equipment>
<equipment id="2598" type="1" shop="true" next="2599" nextExp="485000" sublv="98" iconid="2591" order="120" cost="80" block="false"><![CDATA[{"pz":6, "part":6, "Str":214, "Agi":214, "Int":214, "sell":20000}]]></equipment>
<equipment id="2599" type="1" shop="true" next="2600" nextExp="492000" sublv="99" iconid="2591" order="120" cost="80" block="false"><![CDATA[{"pz":6, "part":6, "Str":216, "Agi":216, "Int":216, "sell":20000}]]></equipment>
<equipment id="2600" type="1" shop="true" sublv="100" iconid="2591" order="120" cost="80" block="false"><![CDATA[{"pz":6, "part":6, "Str":220, "Agi":220, "Int":220, "sell":20000}]]></equipment>

<!--道具-->
<equipment id="2601" shop="true" order="1" cost="80" block="false" type="15"><![CDATA[{"value":1}]]></equipment>
<equipment id="2602" shop="true" order="1" cost="80" block="false" type="15"><![CDATA[{"value":2}]]></equipment>
<equipment id="2603" shop="true" order="1" cost="80" block="false" type="15"><![CDATA[{"value":3}]]></equipment>


<!--装备石-->
<equipment id="3001" type="7" shop="true" order="120" cost="80" block="false"><![CDATA[{"level":1, "gemt":1, "hp":180}]]></equipment>
<equipment id="3002" type="7" shop="true" order="120" cost="80" block="false"><![CDATA[{"level":2, "gemt":1, "hp":350}]]></equipment>
<equipment id="3003" type="7" shop="true" order="120" cost="80" block="false"><![CDATA[{"level":3, "gemt":1, "hp":700}]]></equipment>
<equipment id="3004" type="7" shop="true" order="120" cost="80" block="false"><![CDATA[{"level":4, "gemt":1, "hp":1500}]]></equipment>
<equipment id="3005" type="7" shop="true" order="120" cost="80" block="false"><![CDATA[{"level":5, "gemt":1, "hp":3500}]]></equipment>
<equipment id="3006" type="7" shop="true" order="120" cost="80" block="false"><![CDATA[{"level":6, "gemt":1, "hp":6500}]]></equipment>
<equipment id="3007" type="7" shop="true" order="120" cost="80" block="false"><![CDATA[{"level":7, "gemt":1, "hp":10000}]]></equipment>
<equipment id="3008" type="7" shop="true" order="120" cost="80" block="false"><![CDATA[{"level":8, "gemt":1, "hp":15000}]]></equipment>
<equipment id="3009" type="7" shop="true" order="120" cost="80" block="false"><![CDATA[{"level":9, "gemt":1, "hp":20000}]]></equipment>
<equipment id="3010" type="7" shop="true" order="120" cost="80" block="false"><![CDATA[{"level":10, "gemt":1, "hp":30000}]]></equipment>

<equipment id="3011" type="7" shop="true" order="120" cost="80" block="false"><![CDATA[{"level":1, "gemt":2, "hd":5}]]></equipment>
<equipment id="3012" type="7" shop="true" order="120" cost="80" block="false"><![CDATA[{"level":2, "gemt":2, "hd":10}]]></equipment>
<equipment id="3013" type="7" shop="true" order="120" cost="80" block="false"><![CDATA[{"level":3, "gemt":2, "hd":20}]]></equipment>
<equipment id="3014" type="7" shop="true" order="120" cost="80" block="false"><![CDATA[{"level":4, "gemt":2, "hd":35}]]></equipment>
<equipment id="3015" type="7" shop="true" order="120" cost="80" block="false"><![CDATA[{"level":5, "gemt":2, "hd":50}]]></equipment>
<equipment id="3016" type="7" shop="true" order="120" cost="80" block="false"><![CDATA[{"level":6, "gemt":2, "hd":85}]]></equipment>
<equipment id="3017" type="7" shop="true" order="120" cost="80" block="false"><![CDATA[{"level":7, "gemt":2, "hd":120}]]></equipment>
<equipment id="3018" type="7" shop="true" order="120" cost="80" block="false"><![CDATA[{"level":8, "gemt":2, "hd":180}]]></equipment>
<equipment id="3019" type="7" shop="true" order="120" cost="80" block="false"><![CDATA[{"level":9, "gemt":2, "hd":240}]]></equipment>
<equipment id="3020" type="7" shop="true" order="120" cost="80" block="false"><![CDATA[{"level":10, "gemt":2, "hd":300}]]></equipment>

<equipment id="3021" type="7" shop="true" order="120" cost="80" block="false"><![CDATA[{"level":1, "gemt":3, "ha":40}]]></equipment>
<equipment id="3022" type="7" shop="true" order="120" cost="80" block="false"><![CDATA[{"level":2, "gemt":3, "ha":150}]]></equipment>
<equipment id="3023" type="7" shop="true" order="120" cost="80" block="false"><![CDATA[{"level":3, "gemt":3, "ha":300}]]></equipment>
<equipment id="3024" type="7" shop="true" order="120" cost="80" block="false"><![CDATA[{"level":4, "gemt":3, "ha":650}]]></equipment>
<equipment id="3025" type="7" shop="true" order="120" cost="80" block="false"><![CDATA[{"level":5, "gemt":3, "ha":1300}]]></equipment>
<equipment id="3026" type="7" shop="true" order="120" cost="80" block="false"><![CDATA[{"level":6, "gemt":3, "ha":1800}]]></equipment>
<equipment id="3027" type="7" shop="true" order="120" cost="80" block="false"><![CDATA[{"level":7, "gemt":3, "ha":2400}]]></equipment>
<equipment id="3028" type="7" shop="true" order="120" cost="80" block="false"><![CDATA[{"level":8, "gemt":3, "ha":3600}]]></equipment>
<equipment id="3029" type="7" shop="true" order="120" cost="80" block="false"><![CDATA[{"level":9, "gemt":3, "ha":4800}]]></equipment>
<equipment id="3030" type="7" shop="true" order="120" cost="80" block="false"><![CDATA[{"level":10, "gemt":3, "ha":6000}]]></equipment>



<!--建筑石-->
<equipment id="3031" type="6" shop="true" order="120" cost="80" block="false"><![CDATA[{"level":1, "gemt":1, "hppcnt":5}]]></equipment>
<equipment id="3032" type="6" shop="true" order="120" cost="80" block="false"><![CDATA[{"level":2, "gemt":1, "hppcnt":10}]]></equipment>
<equipment id="3033" type="6" shop="true" order="120" cost="80" block="false"><![CDATA[{"level":3, "gemt":1, "hppcnt":25}]]></equipment>
<equipment id="3034" type="6" shop="true" order="120" cost="80" block="false"><![CDATA[{"level":4, "gemt":1, "hppcnt":40}]]></equipment>
<equipment id="3035" type="6" shop="true" order="120" cost="80" block="false"><![CDATA[{"level":5, "gemt":1, "hppcnt":60}]]></equipment>
<equipment id="3036" type="6" shop="true" order="120" cost="80" block="false"><![CDATA[{"level":6, "gemt":1, "hppcnt":85}]]></equipment>
<equipment id="3037" type="6" shop="true" order="120" cost="80" block="false"><![CDATA[{"level":7, "gemt":1, "hppcnt":110}]]></equipment>
<equipment id="3038" type="6" shop="true" order="120" cost="80" block="false"><![CDATA[{"level":8, "gemt":1, "hppcnt":140}]]></equipment>
<equipment id="3039" type="6" shop="true" order="120" cost="80" block="false"><![CDATA[{"level":9, "gemt":1, "hppcnt":170}]]></equipment>
<equipment id="3040" type="6" shop="true" order="120" cost="80" block="false"><![CDATA[{"level":10, "gemt":1, "hppcnt":200}]]></equipment>

<equipment id="3041" type="6" shop="true" order="120" cost="80" block="false"><![CDATA[{"level":1, "gemt":3, "appcnt":5}]]></equipment>
<equipment id="3042" type="6" shop="true" order="120" cost="80" block="false"><![CDATA[{"level":2, "gemt":3, "appcnt":10}]]></equipment>
<equipment id="3043" type="6" shop="true" order="120" cost="80" block="false"><![CDATA[{"level":3, "gemt":3, "appcnt":25}]]></equipment>
<equipment id="3044" type="6" shop="true" order="120" cost="80" block="false"><![CDATA[{"level":4, "gemt":3, "appcnt":40}]]></equipment>
<equipment id="3045" type="6" shop="true" order="120" cost="80" block="false"><![CDATA[{"level":5, "gemt":3, "appcnt":60}]]></equipment>
<equipment id="3046" type="6" shop="true" order="120" cost="80" block="false"><![CDATA[{"level":6, "gemt":3, "appcnt":85}]]></equipment>
<equipment id="3047" type="6" shop="true" order="120" cost="80" block="false"><![CDATA[{"level":7, "gemt":3, "appcnt":110}]]></equipment>
<equipment id="3048" type="6" shop="true" order="120" cost="80" block="false"><![CDATA[{"level":8, "gemt":3, "appcnt":140}]]></equipment>
<equipment id="3049" type="6" shop="true" order="120" cost="80" block="false"><![CDATA[{"level":9, "gemt":3, "appcnt":170}]]></equipment>
<equipment id="3050" type="6" shop="true" order="120" cost="80" block="false"><![CDATA[{"level":10, "gemt":3, "appcnt":200}]]></equipment>

<equipment id="3051" type="6" shop="true" order="120" cost="80" block="false"><![CDATA[{"level":1, "gemt":6, "rppcnt":5}]]></equipment>
<equipment id="3052" type="6" shop="true" order="120" cost="80" block="false"><![CDATA[{"level":2, "gemt":6, "rppcnt":10}]]></equipment>
<equipment id="3053" type="6" shop="true" order="120" cost="80" block="false"><![CDATA[{"level":3, "gemt":6, "rppcnt":25}]]></equipment>
<equipment id="3054" type="6" shop="true" order="120" cost="80" block="false"><![CDATA[{"level":4, "gemt":6, "rppcnt":40}]]></equipment>
<equipment id="3055" type="6" shop="true" order="120" cost="80" block="false"><![CDATA[{"level":5, "gemt":6, "rppcnt":60}]]></equipment>
<equipment id="3056" type="6" shop="true" order="120" cost="80" block="false"><![CDATA[{"level":6, "gemt":6, "rppcnt":85}]]></equipment>
<equipment id="3057" type="6" shop="true" order="120" cost="80" block="false"><![CDATA[{"level":7, "gemt":6, "rppcnt":110}]]></equipment>
<equipment id="3058" type="6" shop="true" order="120" cost="80" block="false"><![CDATA[{"level":8, "gemt":6, "rppcnt":140}]]></equipment>
<equipment id="3059" type="6" shop="true" order="120" cost="80" block="false"><![CDATA[{"level":9, "gemt":6, "rppcnt":170}]]></equipment>
<equipment id="3060" type="6" shop="true" order="120" cost="80" block="false"><![CDATA[{"level":10, "gemt":6, "rppcnt":200}]]></equipment>


<!--道具-->
<equipment id="5201" type="0"><![CDATA[{"level":80, "hp":1500, "mp":1500, "overlap":1, "overlapCount":20, "sell":10, "canSell":1, "canTrans":0, "canDiscard":1}]]></equipment>
<equipment id="5202" type="0"><![CDATA[{"level":80, "hp":1500, "mp":1500, "overlap":1, "overlapCount":20, "sell":10, "canSell":1, "canTrans":0, "canDiscard":1}]]></equipment>

<!--碎片-->
<!--武器--> 
<equipment id="6005" type="2" shop="true" order="120" cost="80" block="false"><![CDATA[{"piece":3, "pz":3, "eq":2005, "sell":3000}]]></equipment>
<equipment id="6006" type="2" shop="true" order="120" cost="80" block="false"><![CDATA[{"piece":3, "pz":3, "eq":2006, "sell":4000}]]></equipment>
<equipment id="6007" type="2" shop="true" order="120" cost="80" block="false"><![CDATA[{"piece":3, "pz":3, "eq":2007, "sell":5000}]]></equipment>
<equipment id="6008" type="2" shop="true" order="120" cost="80" block="false"><![CDATA[{"piece":5, "pz":4, "eq":2008, "sell":5400}]]></equipment>
<equipment id="6009" type="2" shop="true" order="120" cost="80" block="false"><![CDATA[{"piece":5, "pz":4, "eq":2009, "sell":5600}]]></equipment>
<equipment id="6010" type="2" shop="true" order="120" cost="80" block="false"><![CDATA[{"piece":5, "pz":4, "eq":2010, "sell":6000}]]></equipment>
<equipment id="6011" type="2" shop="true" order="120" cost="80" block="false"><![CDATA[{"piece":10, "pz":5, "eq":2011, "sell":6500}]]></equipment>
<equipment id="6012" type="2" shop="true" order="120" cost="80" block="false"><![CDATA[{"piece":10, "pz":5, "eq":2012, "sell":6700}]]></equipment>
<equipment id="6013" type="2" shop="true" order="120" cost="80" block="false"><![CDATA[{"piece":10, "pz":5, "eq":2013, "sell":7000}]]></equipment>
<equipment id="6014" type="2" shop="true" order="120" cost="80" block="false"><![CDATA[{"piece":20, "pz":6, "eq":2014, "sell":7500}]]></equipment>
<equipment id="6015" type="2" shop="true" order="120" cost="80" block="false"><![CDATA[{"piece":20, "pz":6, "eq":2015, "sell":8000}]]></equipment>

<!--战盔--> 
<equipment id="6105" type="2" shop="true" order="120" cost="80" block="false"><![CDATA[{"piece":3, "pz":3, "eq":2105, "sell":2550}]]></equipment>
<equipment id="6106" type="2" shop="true" order="120" cost="80" block="false"><![CDATA[{"piece":3, "pz":3, "eq":2106, "sell":3400}]]></equipment>
<equipment id="6107" type="2" shop="true" order="120" cost="80" block="false"><![CDATA[{"piece":3, "pz":3, "eq":2107, "sell":4250}]]></equipment>
<equipment id="6108" type="2" shop="true" order="120" cost="80" block="false"><![CDATA[{"piece":5, "pz":4, "eq":2108, "sell":4590}]]></equipment>
<equipment id="6109" type="2" shop="true" order="120" cost="80" block="false"><![CDATA[{"piece":5, "pz":4, "eq":2109, "sell":4760}]]></equipment>
<equipment id="6110" type="2" shop="true" order="120" cost="80" block="false"><![CDATA[{"piece":5, "pz":4, "eq":2110, "sell":5100}]]></equipment>
<equipment id="6111" type="2" shop="true" order="120" cost="80" block="false"><![CDATA[{"piece":10, "pz":5, "eq":2111, "sell":5525}]]></equipment>
<equipment id="6112" type="2" shop="true" order="120" cost="80" block="false"><![CDATA[{"piece":10, "pz":5, "eq":2112, "sell":5695}]]></equipment>
<equipment id="6113" type="2" shop="true" order="120" cost="80" block="false"><![CDATA[{"piece":10, "pz":5, "eq":2113, "sell":5950}]]></equipment>
<equipment id="6114" type="2" shop="true" order="120" cost="80" block="false"><![CDATA[{"piece":20, "pz":6, "eq":2114, "sell":6375}]]></equipment>
<equipment id="6115" type="2" shop="true" order="120" cost="80" block="false"><![CDATA[{"piece":20, "pz":6, "eq":2115, "sell":6800}]]></equipment>
<!--铠甲--> 
<equipment id="6205" type="2" shop="true" order="120" cost="80" block="false"><![CDATA[{"piece":3, "pz":3, "eq":2205, "sell":2850}]]></equipment>
<equipment id="6206" type="2" shop="true" order="120" cost="80" block="false"><![CDATA[{"piece":3, "pz":3, "eq":2206, "sell":3800}]]></equipment>
<equipment id="6207" type="2" shop="true" order="120" cost="80" block="false"><![CDATA[{"piece":3, "pz":3, "eq":2207, "sell":4750}]]></equipment>
<equipment id="6208" type="2" shop="true" order="120" cost="80" block="false"><![CDATA[{"piece":5, "pz":4, "eq":2208, "sell":5130}]]></equipment>
<equipment id="6209" type="2" shop="true" order="120" cost="80" block="false"><![CDATA[{"piece":5, "pz":4, "eq":2209, "sell":5320}]]></equipment>
<equipment id="6210" type="2" shop="true" order="120" cost="80" block="false"><![CDATA[{"piece":5, "pz":4, "eq":2210, "sell":5700}]]></equipment>
<equipment id="6211" type="2" shop="true" order="120" cost="80" block="false"><![CDATA[{"piece":10, "pz":5, "eq":2211, "sell":6175}]]></equipment>
<equipment id="6212" type="2" shop="true" order="120" cost="80" block="false"><![CDATA[{"piece":10, "pz":5, "eq":2212, "sell":6365}]]></equipment>
<equipment id="6213" type="2" shop="true" order="120" cost="80" block="false"><![CDATA[{"piece":10, "pz":5, "eq":2213, "sell":6650}]]></equipment>
<equipment id="6214" type="2" shop="true" order="120" cost="80" block="false"><![CDATA[{"piece":20, "pz":6, "eq":2214, "sell":7125}]]></equipment>
<equipment id="6215" type="2" shop="true" order="120" cost="80" block="false"><![CDATA[{"piece":20, "pz":6, "eq":2215, "sell":7600}]]></equipment>

<!--战靴--> 
<equipment id="6305" type="2" shop="true" order="120" cost="80" block="false"><![CDATA[{"piece":3, "pz":3, "eq":2305, "sell":2700}]]></equipment>
<equipment id="6306" type="2" shop="true" order="120" cost="80" block="false"><![CDATA[{"piece":3, "pz":3, "eq":2306, "sell":3600}]]></equipment>
<equipment id="6307" type="2" shop="true" order="120" cost="80" block="false"><![CDATA[{"piece":3, "pz":3, "eq":2307, "sell":4500}]]></equipment>
<equipment id="6308" type="2" shop="true" order="120" cost="80" block="false"><![CDATA[{"piece":5, "pz":4, "eq":2308, "sell":4860}]]></equipment>
<equipment id="6309" type="2" shop="true" order="120" cost="80" block="false"><![CDATA[{"piece":5, "pz":4, "eq":2309, "sell":5040}]]></equipment>
<equipment id="6310" type="2" shop="true" order="120" cost="80" block="false"><![CDATA[{"piece":5, "pz":4, "eq":2310, "sell":5400}]]></equipment>
<equipment id="6311" type="2" shop="true" order="120" cost="80" block="false"><![CDATA[{"piece":10, "pz":5, "eq":2311, "sell":5850}]]></equipment>
<equipment id="6312" type="2" shop="true" order="120" cost="80" block="false"><![CDATA[{"piece":10, "pz":5, "eq":2312, "sell":6030}]]></equipment>
<equipment id="6313" type="2" shop="true" order="120" cost="80" block="false"><![CDATA[{"piece":10, "pz":5, "eq":2313, "sell":6300}]]></equipment>
<equipment id="6314" type="2" shop="true" order="120" cost="80" block="false"><![CDATA[{"piece":20, "pz":6, "eq":2314, "sell":6750}]]></equipment>
<equipment id="6315" type="2" shop="true" order="120" cost="80" block="false"><![CDATA[{"piece":20, "pz":6, "eq":2315, "sell":7200}]]></equipment>

<!--坐骑--> 
<equipment id="6405" type="2" shop="true" order="120" cost="80" block="false"><![CDATA[{"piece":3, "pz":3, "eq":2405, "sell":4500}]]></equipment>
<equipment id="6406" type="2" shop="true" order="120" cost="80" block="false"><![CDATA[{"piece":3, "pz":3, "eq":2406, "sell":6000}]]></equipment>
<equipment id="6407" type="2" shop="true" order="120" cost="80" block="false"><![CDATA[{"piece":3, "pz":3, "eq":2407, "sell":7500}]]></equipment>
<equipment id="6408" type="2" shop="true" order="120" cost="80" block="false"><![CDATA[{"piece":5, "pz":4, "eq":2408, "sell":8100}]]></equipment>
<equipment id="6409" type="2" shop="true" order="120" cost="80" block="false"><![CDATA[{"piece":5, "pz":4, "eq":2409, "sell":8400}]]></equipment>
<equipment id="6410" type="2" shop="true" order="120" cost="80" block="false"><![CDATA[{"piece":5, "pz":4, "eq":2410, "sell":9000}]]></equipment>
<equipment id="6411" type="2" shop="true" order="120" cost="80" block="false"><![CDATA[{"piece":10, "pz":5, "eq":2411, "sell":9750}]]></equipment>
<equipment id="6412" type="2" shop="true" order="120" cost="80" block="false"><![CDATA[{"piece":10, "pz":5, "eq":2412, "sell":10050}]]></equipment>
<equipment id="6413" type="2" shop="true" order="120" cost="80" block="false"><![CDATA[{"piece":10, "pz":5, "eq":2413, "sell":10500}]]></equipment>
<equipment id="6414" type="2" shop="true" order="120" cost="80" block="false"><![CDATA[{"piece":20, "pz":6, "eq":2414, "sell":11250}]]></equipment>
<equipment id="6415" type="2" shop="true" order="120" cost="80" block="false"><![CDATA[{"piece":20, "pz":6, "eq":2415, "sell":12000}]]></equipment>

<!--
shop="true" order="40" cost="80" block="false"
坐骑--> 
</equipments>

 
</content>
