﻿<?xml version="1.0" encoding="UTF-8"?>
<content>

<!--字段 
     equip:[4,1,5,0,0,0] : 4,表示40%几率, 1,5表示随机装备1-5级, 0,0,0 : 分别表示生成的装备的星级:铜, 银, 金
     power:0 : 说明此关没有金币
     <gate level="1" lv="0" blv="1" slv="1" boss="0" rate="0" eq="0"><![CDATA[{ list:[
		{"equip1":[5,1,5,0], "equip2":[5,1,5,0]}, 
		{"equip3":[0,1,5,0], "equip4":[0,1,5,0]}, 
		{"equip5":[0,1,5,0], "power":[10,1,1,0]},  
		{"pill":[0,1,10], "gc":[0,1]}, 
		{"gc":[0,0,0]}
	]}]]></gate>
-->
<gates>
<!--黄巾之乱-->
<gate level="1" lv="1" blv="1" slv="1" boss="0" rate="100" eq="2001"></gate>
<gate level="2" lv="1" blv="1" slv="2" boss="0" rate="0" eq="0"></gate>
<gate level="3" lv="2" blv="1" slv="3" boss="0" rate="0" eq="0"></gate>
<gate level="4" lv="2" blv="1" slv="4" boss="0" rate="0" eq="0"></gate>
<gate level="5" lv="3" blv="1" slv="5" boss="0" rate="100" eq="2201"></gate>
<gate level="6" lv="3" blv="1" slv="6" boss="0" rate="0" eq="0"></gate>
<gate level="7" lv="4" blv="1" slv="7" boss="0" rate="0" eq="0"></gate>
<gate level="8" lv="4" blv="1" slv="8" boss="0" rate="0" eq="0"></gate>
<gate level="9" lv="5" blv="1" slv="9" boss="0" rate="0" eq="0"></gate>
<gate level="10" lv="5" blv="1" slv="10" boss="0" rate="100" eq="2401"></gate>
<gate level="11" lv="6" blv="1" slv="11" boss="0" rate="0" eq="0"></gate>
<gate level="12" lv="6" blv="1" slv="12" boss="0" rate="0" eq="0"></gate>
<gate level="13" lv="7" blv="1" slv="13" boss="0" rate="0" eq="0"></gate>
<gate level="14" lv="8" blv="1" slv="14" boss="0" rate="100" eq="2101"></gate>
<gate level="15" lv="9" blv="1" slv="15" boss="0" rate="0" eq="0"></gate>
<gate level="16" lv="10" blv="1" slv="16" boss="0" rate="0" eq="0"></gate>
<gate level="17" lv="10" blv="1" slv="17" boss="1" rate="100" eq="2301"></gate>
<!--群雄割据-->
<gate level="18" lv="11" blv="2" slv="1" boss="0" rate="0" eq="0"></gate>
<gate level="19" lv="11" blv="2" slv="2" boss="0" rate="0" eq="0"></gate>
<gate level="20" lv="12" blv="2" slv="3" boss="0" rate="0" eq="0"></gate>
<gate level="21" lv="12" blv="2" slv="4" boss="0" rate="0" eq="0"></gate>
<gate level="22" lv="13" blv="2" slv="5" boss="0" rate="40" eq="2002"></gate>
<gate level="23" lv="13" blv="2" slv="6" boss="0" rate="0" eq="0"></gate>
<gate level="24" lv="14" blv="2" slv="7" boss="0" rate="0" eq="0"></gate>
<gate level="25" lv="14" blv="2" slv="8" boss="0" rate="0" eq="0"></gate>
<gate level="26" lv="15" blv="2" slv="9" boss="0" rate="0" eq="0"></gate>
<gate level="27" lv="15" blv="2" slv="10" boss="0" rate="0" eq="0"></gate>
<gate level="28" lv="16" blv="2" slv="11" boss="0" rate="0" eq="0"></gate>
<gate level="29" lv="16" blv="2" slv="12" boss="0" rate="0" eq="0"></gate>
<gate level="30" lv="17" blv="2" slv="13" boss="0" rate="40" eq="2102"></gate>
<gate level="31" lv="17" blv="2" slv="14" boss="0" rate="0" eq="0"></gate>
<gate level="32" lv="18" blv="2" slv="15" boss="0" rate="0" eq="0"></gate>
<gate level="33" lv="18" blv="2" slv="16" boss="0" rate="0" eq="0"></gate>
<gate level="34" lv="19" blv="2" slv="17" boss="0" rate="0" eq="0"></gate>
<gate level="35" lv="19" blv="2" slv="18" boss="0" rate="40" eq="2302"></gate>
<gate level="36" lv="20" blv="2" slv="19" boss="0" rate="0" eq="0"></gate>
<gate level="37" lv="20" blv="2" slv="20" boss="0" rate="0" eq="0"></gate>
<gate level="38" lv="20" blv="2" slv="21" boss="0" rate="0" eq="0"></gate>
<gate level="39" lv="20" blv="2" slv="22" boss="1" rate="40" eq="2202"></gate>
<!--诸侯讨董-->
<gate level="40" lv="21" blv="3" slv="1" boss="0" rate="0" eq="0"></gate>
<gate level="41" lv="21" blv="3" slv="2" boss="0" rate="0" eq="0"></gate>
<gate level="42" lv="22" blv="3" slv="3" boss="0" rate="0" eq="0"></gate>
<gate level="43" lv="22" blv="3" slv="4" boss="0" rate="40" eq="2203"></gate>
<gate level="44" lv="23" blv="3" slv="5" boss="0" rate="0" eq="0"></gate>
<gate level="45" lv="23" blv="3" slv="6" boss="0" rate="0" eq="0"></gate>
<gate level="46" lv="24" blv="3" slv="7" boss="0" rate="0" eq="0"></gate>
<gate level="47" lv="24" blv="3" slv="8" boss="0" rate="0" eq="0"></gate>
<gate level="48" lv="25" blv="3" slv="9" boss="0" rate="0" eq="0"></gate>
<gate level="49" lv="25" blv="3" slv="10" boss="0" rate="0" eq="0"></gate>
<gate level="50" lv="26" blv="3" slv="11" boss="0" rate="40" eq="2303"></gate>
<gate level="51" lv="26" blv="3" slv="12" boss="0" rate="0" eq="0"></gate>				
<gate level="52" lv="27" blv="3" slv="13" boss="0" rate="0" eq="0"></gate>			
<gate level="53" lv="27" blv="3" slv="14" boss="0" rate="0" eq="0"></gate>				
<gate level="54" lv="28" blv="3" slv="15" boss="0" rate="0" eq="0"></gate>		
<gate level="55" lv="28" blv="3" slv="16" boss="0" rate="0" eq="0"></gate>				
<gate level="56" lv="29" blv="3" slv="17" boss="0" rate="0" eq="0"></gate>
<gate level="57" lv="29" blv="3" slv="18" boss="0" rate="0" eq="0"></gate>				
<gate level="58" lv="30" blv="3" slv="19" boss="0" rate="0" eq="0"></gate>			
<gate level="59" lv="30" blv="3" slv="20" boss="0" rate="0" eq="0"></gate>			
<gate level="60" lv="30" blv="3" slv="21" boss="0" rate="40" eq="2103"></gate>		
<gate level="61" lv="30" blv="3" slv="22" boss="1" rate="40" eq="2203"></gate>
<!--伪帝末日-->
<gate level="62" lv="31" blv="4" slv="1" boss="0" rate="0" eq="0"></gate>
<gate level="63" lv="31" blv="4" slv="2" boss="0" rate="0" eq="0"></gate>
<gate level="64" lv="32" blv="4" slv="3" boss="0" rate="0" eq="0"></gate>
<gate level="65" lv="32" blv="4" slv="4" boss="0" rate="0" eq="0"></gate>
<gate level="66" lv="33" blv="4" slv="5" boss="0" rate="0" eq="0"></gate>
<gate level="67" lv="33" blv="4" slv="6" boss="0" rate="35" eq="2004"></gate>
<gate level="68" lv="34" blv="4" slv="7" boss="0" rate="0" eq="0"></gate>
<gate level="69" lv="34" blv="4" slv="8" boss="0" rate="0" eq="0"></gate>
<gate level="70" lv="35" blv="4" slv="9" boss="0" rate="0" eq="0"></gate>
<gate level="71" lv="35" blv="4" slv="10" boss="0" rate="0" eq="0"></gate>
<gate level="72" lv="36" blv="4" slv="11" boss="0" rate="0" eq="0"></gate>
<gate level="73" lv="36" blv="4" slv="12" boss="0" rate="35" eq="2104"></gate>
<gate level="74" lv="37" blv="4" slv="13" boss="0" rate="0" eq="0"></gate>
<gate level="75" lv="37" blv="4" slv="14" boss="0" rate="0" eq="0"></gate>
<gate level="76" lv="38" blv="4" slv="15" boss="0" rate="0" eq="0"></gate>
<gate level="77" lv="38" blv="4" slv="16" boss="0" rate="0" eq="0"></gate>
<gate level="78" lv="39" blv="4" slv="17" boss="0" rate="0" eq="0"></gate>
<gate level="79" lv="39" blv="4" slv="18" boss="0" rate="35" eq="2304"></gate>
<gate level="80" lv="40" blv="4" slv="19" boss="0" rate="0" eq="0"></gate>
<gate level="81" lv="40" blv="4" slv="20" boss="0" rate="0" eq="0"></gate>
<gate level="82" lv="40" blv="4" slv="21" boss="0" rate="0" eq="0"></gate>
<gate level="83" lv="40" blv="4" slv="22" boss="0" rate="0" eq="0"></gate>
<gate level="84" lv="40" blv="4" slv="23" boss="1" rate="35" eq="2304"></gate>
<!--白马英魂-->
<gate level="85" lv="41" blv="5" slv="1" boss="0" rate="0" eq="0"></gate>
<gate level="86" lv="41" blv="5" slv="2" boss="0" rate="0" eq="0"></gate>
<gate level="87" lv="42" blv="5" slv="3" boss="0" rate="30" eq="6005"></gate>
<gate level="88" lv="42" blv="5" slv="4" boss="0" rate="0" eq="0"></gate>
<gate level="89" lv="43" blv="5" slv="5" boss="0" rate="0" eq="0"></gate>
<gate level="90" lv="43" blv="5" slv="6" boss="0" rate="0" eq="0"></gate>
<gate level="91" lv="44" blv="5" slv="7" boss="0" rate="30" eq="6105"></gate>
<gate level="92" lv="44" blv="5" slv="8" boss="0" rate="0" eq="0"></gate>
<gate level="93" lv="45" blv="5" slv="9" boss="0" rate="0" eq="0"></gate>
<gate level="94" lv="45" blv="5" slv="10" boss="0" rate="0" eq="0"></gate>
<gate level="95" lv="46" blv="5" slv="11" boss="0" rate="30" eq="6305"></gate>
<gate level="96" lv="46" blv="5" slv="12" boss="0" rate="0" eq="0"></gate>
<gate level="97" lv="47" blv="5" slv="13" boss="0" rate="0" eq="0"></gate>
<gate level="98" lv="48" blv="5" slv="14" boss="0" rate="0" eq="0"></gate>
<gate level="99" lv="49" blv="5" slv="15" boss="0" rate="0" eq="0"></gate>
<gate level="100" lv="50" blv="5" slv="16" boss="1" rate="30" eq="6205"></gate>
<!--西凉雄兵-->
<gate level="101" lv="41" blv="6" slv="1" boss="0" rate="0" eq="0"></gate>
<gate level="102" lv="41" blv="6" slv="2" boss="0" rate="0" eq="0"></gate>
<gate level="103" lv="42" blv="6" slv="3" boss="0" rate="30" eq="6006"></gate>
<gate level="104" lv="42" blv="6" slv="4" boss="0" rate="0" eq="0"></gate>
<gate level="105" lv="43" blv="6" slv="5" boss="0" rate="0" eq="0"></gate>
<gate level="106" lv="43" blv="6" slv="6" boss="0" rate="0" eq="0"></gate>
<gate level="107" lv="44" blv="6" slv="7" boss="0" rate="0" eq="0"></gate>
<gate level="108" lv="44" blv="6" slv="8" boss="0" rate="30" eq="6106"></gate>
<gate level="109" lv="45" blv="6" slv="9" boss="0" rate="0" eq="0"></gate>
<gate level="110" lv="46" blv="6" slv="10" boss="0" rate="0" eq="0"></gate>
<gate level="111" lv="47" blv="6" slv="11" boss="0" rate="0" eq="0"></gate>
<gate level="112" lv="48" blv="6" slv="12" boss="0" rate="0" eq="0"></gate>
<gate level="113" lv="49" blv="6" slv="13" boss="0" rate="30" eq="6306"></gate>
<gate level="114" lv="50" blv="6" slv="14" boss="1" rate="30" eq="6206"></gate>
<!--进击西蜀-->
<gate level="115" lv="51" blv="7" slv="1" boss="0" rate="0" eq="0"></gate>
<gate level="116" lv="51" blv="7" slv="2" boss="0" rate="0" eq="0"></gate>
<gate level="117" lv="52" blv="7" slv="3" boss="0" rate="0" eq="0"></gate>
<gate level="118" lv="52" blv="7" slv="4" boss="0" rate="0" eq="0"></gate>
<gate level="119" lv="53" blv="7" slv="5" boss="0" rate="0" eq="0"></gate>
<gate level="120" lv="53" blv="7" slv="6" boss="0" rate="0" eq="0"></gate>
<gate level="121" lv="54" blv="7" slv="7" boss="0" rate="0" eq="0"></gate>
<gate level="122" lv="54" blv="7" slv="8" boss="0" rate="25" eq="6007"></gate>
<gate level="123" lv="55" blv="7" slv="9" boss="0" rate="0" eq="0"></gate>
<gate level="124" lv="55" blv="7" slv="10" boss="0" rate="0" eq="0"></gate>
<gate level="125" lv="56" blv="7" slv="11" boss="0" rate="0" eq="0"></gate>
<gate level="126" lv="56" blv="7" slv="12" boss="0" rate="0" eq="0"></gate>
<gate level="127" lv="57" blv="7" slv="13" boss="0" rate="25" eq="6307"></gate>
<gate level="128" lv="57" blv="7" slv="14" boss="0" rate="0" eq="0"></gate>
<gate level="129" lv="58" blv="7" slv="15" boss="0" rate="0" eq="0"></gate>
<gate level="130" lv="58" blv="7" slv="16" boss="0" rate="0" eq="0"></gate>
<gate level="131" lv="59" blv="7" slv="17" boss="0" rate="0" eq="0"></gate>
<gate level="132" lv="59" blv="7" slv="18" boss="0" rate="25" eq="6107"></gate>
<gate level="133" lv="60" blv="7" slv="19" boss="0" rate="0" eq="0"></gate>
<gate level="134" lv="60" blv="7" slv="20" boss="0" rate="0" eq="0"></gate>
<gate level="135" lv="60" blv="7" slv="21" boss="0" rate="0" eq="0"></gate>
<gate level="136" lv="60" blv="7" slv="22" boss="1" rate="25" eq="6207"></gate>
<!--浪跃荆州-->
<gate level="137" lv="51" blv="8" slv="1" boss="0" rate="0" eq="0"></gate>
<gate level="138" lv="51" blv="8" slv="2" boss="0" rate="0" eq="0"></gate>
<gate level="139" lv="52" blv="8" slv="3" boss="0" rate="0" eq="0"></gate>
<gate level="140" lv="52" blv="8" slv="4" boss="0" rate="0" eq="0"></gate>
<gate level="141" lv="53" blv="8" slv="5" boss="0" rate="20" eq="6008"></gate>
<gate level="142" lv="53" blv="8" slv="6" boss="0" rate="0" eq="0"></gate>
<gate level="143" lv="54" blv="8" slv="7" boss="0" rate="0" eq="0"></gate>
<gate level="144" lv="54" blv="8" slv="8" boss="0" rate="0" eq="0"></gate>
<gate level="145" lv="55" blv="8" slv="9" boss="0" rate="0" eq="0"></gate>
<gate level="146" lv="55" blv="8" slv="10" boss="0" rate="20" eq="6108"></gate>
<gate level="147" lv="56" blv="8" slv="11" boss="0" rate="0" eq="0"></gate>
<gate level="148" lv="56" blv="8" slv="12" boss="0" rate="0" eq="0"></gate>
<gate level="149" lv="57" blv="8" slv="13" boss="0" rate="0" eq="0"></gate>
<gate level="150" lv="57" blv="8" slv="14" boss="0" rate="0" eq="0"></gate>
<gate level="151" lv="58" blv="8" slv="15" boss="0" rate="0" eq="0"></gate>
<gate level="152" lv="58" blv="8" slv="16" boss="0" rate="20" eq="6308"></gate>
<gate level="153" lv="59" blv="8" slv="17" boss="0" rate="0" eq="0"></gate>
<gate level="154" lv="59" blv="8" slv="18" boss="0" rate="0" eq="0"></gate>
<gate level="155" lv="60" blv="8" slv="19" boss="1" rate="20" eq="6208"></gate>
<!--异族犯境-->
<gate level="156" lv="61" blv="9" slv="1" boss="0" rate="0" eq="0"></gate>
<gate level="157" lv="61" blv="9" slv="2" boss="0" rate="0" eq="0"></gate>
<gate level="158" lv="62" blv="9" slv="3" boss="0" rate="0" eq="0"></gate>
<gate level="159" lv="62" blv="9" slv="4" boss="0" rate="20" eq="6009"></gate>
<gate level="160" lv="63" blv="9" slv="5" boss="0" rate="0" eq="0"></gate>
<gate level="161" lv="63" blv="9" slv="6" boss="0" rate="0" eq="0"></gate>
<gate level="162" lv="64" blv="9" slv="7" boss="0" rate="0" eq="0"></gate>
<gate level="163" lv="64" blv="9" slv="8" boss="0" rate="20" eq="6109"></gate>
<gate level="164" lv="65" blv="9" slv="9" boss="0" rate="0" eq="0"></gate>
<gate level="165" lv="65" blv="9" slv="10" boss="0" rate="0" eq="0"></gate>
<gate level="166" lv="66" blv="9" slv="11" boss="0" rate="0" eq="0"></gate>
<gate level="167" lv="66" blv="9" slv="12" boss="0" rate="0" eq="0"></gate>
<gate level="168" lv="67" blv="9" slv="13" boss="0" rate="20" eq="6309"></gate>
<gate level="169" lv="67" blv="9" slv="14" boss="0" rate="0" eq="0"></gate>
<gate level="170" lv="68" blv="9" slv="15" boss="0" rate="0" eq="0"></gate>
<gate level="171" lv="68" blv="9" slv="16" boss="0" rate="0" eq="0"></gate>
<gate level="172" lv="69" blv="9" slv="17" boss="0" rate="0" eq="0"></gate>
<gate level="173" lv="70" blv="9" slv="18" boss="1" rate="20" eq="6209"></gate>
<!--官渡雄兵-->
<gate level="174" lv="71" blv="10" slv="1" boss="0" rate="0" eq="0"></gate>
<gate level="175" lv="71" blv="10" slv="2" boss="0" rate="0" eq="0"></gate>
<gate level="176" lv="72" blv="10" slv="3" boss="0" rate="0" eq="0"></gate>
<gate level="177" lv="72" blv="10" slv="4" boss="0" rate="0" eq="0"></gate>
<gate level="178" lv="73" blv="10" slv="5" boss="0" rate="0" eq="0"></gate>
<gate level="179" lv="73" blv="10" slv="6" boss="0" rate="0" eq="0"></gate>
<gate level="180" lv="74" blv="10" slv="7" boss="0" rate="0" eq="0"></gate>
<gate level="181" lv="74" blv="10" slv="8" boss="0" rate="20" eq="6010"></gate>
<gate level="182" lv="75" blv="10" slv="9" boss="0" rate="0" eq="0"></gate>
<gate level="183" lv="75" blv="10" slv="10" boss="0" rate="0" eq="0"></gate>
<gate level="184" lv="76" blv="10" slv="11" boss="0" rate="0" eq="0"></gate>
<gate level="185" lv="76" blv="10" slv="12" boss="0" rate="20" eq="6110"></gate>
<gate level="186" lv="77" blv="10" slv="13" boss="0" rate="0" eq="0"></gate>
<gate level="187" lv="77" blv="10" slv="14" boss="0" rate="0" eq="0"></gate>
<gate level="188" lv="78" blv="10" slv="15" boss="0" rate="0" eq="0"></gate>
<gate level="189" lv="78" blv="10" slv="16" boss="0" rate="0" eq="0"></gate>
<gate level="190" lv="79" blv="10" slv="17" boss="0" rate="20" eq="6310"></gate>
<gate level="191" lv="79" blv="10" slv="18" boss="0" rate="0" eq="0"></gate>
<gate level="192" lv="80" blv="10" slv="19" boss="0" rate="0" eq="0"></gate>
<gate level="193" lv="80" blv="10" slv="20" boss="0" rate="0" eq="0"></gate>
<gate level="194" lv="80" blv="10" slv="21" boss="0" rate="0" eq="0"></gate>
<gate level="195" lv="80" blv="10" slv="22" boss="1" rate="20" eq="6210"></gate>
<!--魔降于世-->
<gate level="196" lv="81" blv="11" slv="1" boss="0" rate="0" eq="0"></gate>
<gate level="197" lv="81" blv="11" slv="2" boss="0" rate="0" eq="0"></gate>
<gate level="198" lv="82" blv="11" slv="3" boss="0" rate="0" eq="0"></gate>
<gate level="199" lv="82" blv="11" slv="4" boss="0" rate="20" eq="6011"></gate>
<gate level="200" lv="83" blv="11" slv="5" boss="0" rate="0" eq="0"></gate>
<gate level="201" lv="83" blv="11" slv="6" boss="0" rate="0" eq="0"></gate>
<gate level="202" lv="84" blv="11" slv="7" boss="0" rate="0" eq="0"></gate>
<gate level="203" lv="84" blv="11" slv="8" boss="0" rate="0" eq="0"></gate>
<gate level="204" lv="85" blv="11" slv="9" boss="0" rate="20" eq="6311"></gate>
<gate level="205" lv="85" blv="11" slv="10" boss="0" rate="0" eq="0"></gate>
<gate level="206" lv="86" blv="11" slv="11" boss="0" rate="0" eq="0"></gate>
<gate level="207" lv="86" blv="11" slv="12" boss="0" rate="0" eq="0"></gate>
<gate level="208" lv="87" blv="11" slv="13" boss="0" rate="20" eq="6111"></gate>
<gate level="209" lv="88" blv="11" slv="14" boss="0" rate="0" eq="0"></gate>
<gate level="210" lv="89" blv="11" slv="15" boss="0" rate="0" eq="0"></gate>
<gate level="211" lv="90" blv="11" slv="16" boss="1" rate="20" eq="6211"></gate>




<!--未开启
<gate level="212" lv="0" blv="1" slv="1" boss="0" rate="0" eq="0"></gate>
<gate level="213" lv="0" blv="1" slv="1" boss="0" rate="0" eq="0"></gate>
<gate level="214" lv="0" blv="1" slv="1" boss="0" rate="0" eq="0"></gate>
<gate level="215" lv="0" blv="1" slv="1" boss="0" rate="0" eq="0"></gate>
<gate level="216" lv="0" blv="1" slv="1" boss="0" rate="0" eq="0"></gate>
<gate level="217" lv="0" blv="1" slv="1" boss="0" rate="0" eq="0"></gate>
<gate level="218" lv="0" blv="1" slv="1" boss="0" rate="0" eq="0"></gate>
<gate level="219" lv="0" blv="1" slv="1" boss="0" rate="0" eq="0"></gate>
<gate level="220" lv="0" blv="1" slv="1" boss="0" rate="0" eq="0"></gate>
<gate level="221" lv="0" blv="1" slv="1" boss="0" rate="0" eq="0"></gate>
<gate level="222" lv="0" blv="1" slv="1" boss="0" rate="0" eq="0"></gate>
<gate level="223" lv="0" blv="1" slv="1" boss="0" rate="0" eq="0"></gate>
<gate level="224" lv="0" blv="1" slv="1" boss="0" rate="0" eq="0"></gate>
<gate level="225" lv="0" blv="1" slv="1" boss="0" rate="0" eq="0"></gate>
<gate level="226" lv="0" blv="1" slv="1" boss="0" rate="0" eq="0"></gate>
<gate level="227" lv="0" blv="1" slv="1" boss="0" rate="0" eq="0"></gate>
<gate level="228" lv="0" blv="1" slv="1" boss="0" rate="0" eq="0"></gate>
<gate level="229" lv="0" blv="1" slv="1" boss="0" rate="0" eq="0"></gate>
<gate level="230" lv="0" blv="1" slv="1" boss="0" rate="0" eq="0"></gate>
<gate level="231" lv="0" blv="1" slv="1" boss="0" rate="0" eq="0"></gate>
<gate level="232" lv="0" blv="1" slv="1" boss="0" rate="0" eq="0"></gate>
<gate level="233" lv="0" blv="1" slv="1" boss="0" rate="0" eq="0"></gate>
<gate level="234" lv="0" blv="1" slv="1" boss="0" rate="0" eq="0"></gate>
<gate level="235" lv="0" blv="1" slv="1" boss="0" rate="0" eq="0"></gate>
<gate level="236" lv="0" blv="1" slv="1" boss="0" rate="0" eq="0"></gate>
<gate level="237" lv="0" blv="1" slv="1" boss="0" rate="0" eq="0"></gate>
<gate level="238" lv="0" blv="1" slv="1" boss="0" rate="0" eq="0"></gate>
<gate level="239" lv="0" blv="1" slv="1" boss="0" rate="0" eq="0"></gate>
<gate level="240" lv="0" blv="1" slv="1" boss="0" rate="0" eq="0"></gate>
<gate level="241" lv="0" blv="1" slv="1" boss="0" rate="0" eq="0"></gate>
<gate level="242" lv="0" blv="1" slv="1" boss="0" rate="0" eq="0"></gate>
<gate level="243" lv="0" blv="1" slv="1" boss="0" rate="0" eq="0"></gate>
<gate level="244" lv="0" blv="1" slv="1" boss="0" rate="0" eq="0"></gate>
<gate level="245" lv="0" blv="1" slv="1" boss="0" rate="0" eq="0"></gate>
<gate level="246" lv="0" blv="1" slv="1" boss="0" rate="0" eq="0"></gate>
<gate level="247" lv="0" blv="1" slv="1" boss="0" rate="0" eq="0"></gate>
<gate level="248" lv="0" blv="1" slv="1" boss="0" rate="0" eq="0"></gate>
<gate level="249" lv="0" blv="1" slv="1" boss="0" rate="0" eq="0"></gate>
<gate level="250" lv="0" blv="1" slv="1" boss="0" rate="0" eq="0"></gate>
<gate level="251" lv="0" blv="1" slv="1" boss="0" rate="0" eq="0"></gate>
<gate level="252" lv="0" blv="1" slv="1" boss="0" rate="0" eq="0"></gate>
<gate level="253" lv="0" blv="1" slv="1" boss="0" rate="0" eq="0"></gate>
<gate level="254" lv="0" blv="1" slv="1" boss="0" rate="0" eq="0"></gate>
<gate level="255" lv="0" blv="1" slv="1" boss="0" rate="0" eq="0"></gate>
<gate level="256" lv="0" blv="1" slv="1" boss="0" rate="0" eq="0"></gate>
<gate level="257" lv="0" blv="1" slv="1" boss="0" rate="0" eq="0"></gate>
<gate level="258" lv="0" blv="1" slv="1" boss="0" rate="0" eq="0"></gate>
<gate level="259" lv="0" blv="1" slv="1" boss="0" rate="0" eq="0"></gate>
<gate level="260" lv="0" blv="1" slv="1" boss="0" rate="0" eq="0"></gate>
<gate level="261" lv="0" blv="1" slv="1" boss="0" rate="0" eq="0"></gate>
<gate level="262" lv="0" blv="1" slv="1" boss="0" rate="0" eq="0"></gate>
<gate level="263" lv="0" blv="1" slv="1" boss="0" rate="0" eq="0"></gate>
<gate level="264" lv="0" blv="1" slv="1" boss="0" rate="0" eq="0"></gate>
<gate level="265" lv="0" blv="1" slv="1" boss="0" rate="0" eq="0"></gate>
<gate level="266" lv="0" blv="1" slv="1" boss="0" rate="0" eq="0"></gate>
<gate level="267" lv="0" blv="1" slv="1" boss="0" rate="0" eq="0"></gate>
<gate level="268" lv="0" blv="1" slv="1" boss="0" rate="0" eq="0"></gate>
<gate level="269" lv="0" blv="1" slv="1" boss="0" rate="0" eq="0"></gate>
<gate level="270" lv="0" blv="1" slv="1" boss="0" rate="0" eq="0"></gate>
<gate level="271" lv="0" blv="1" slv="1" boss="0" rate="0" eq="0"></gate>
<gate level="272" lv="0" blv="1" slv="1" boss="0" rate="0" eq="0"></gate>
<gate level="273" lv="0" blv="1" slv="1" boss="0" rate="0" eq="0"></gate>
<gate level="274" lv="0" blv="1" slv="1" boss="0" rate="0" eq="0"></gate>
<gate level="275" lv="0" blv="1" slv="1" boss="0" rate="0" eq="0"></gate>
<gate level="276" lv="0" blv="1" slv="1" boss="0" rate="0" eq="0"></gate>
<gate level="277" lv="0" blv="1" slv="1" boss="0" rate="0" eq="0"></gate>
<gate level="278" lv="0" blv="1" slv="1" boss="0" rate="0" eq="0"></gate>
<gate level="279" lv="0" blv="1" slv="1" boss="0" rate="0" eq="0"></gate>
<gate level="280" lv="0" blv="1" slv="1" boss="0" rate="0" eq="0"></gate>
<gate level="281" lv="0" blv="1" slv="1" boss="0" rate="0" eq="0"></gate>
<gate level="282" lv="0" blv="1" slv="1" boss="0" rate="0" eq="0"></gate>
<gate level="283" lv="0" blv="1" slv="1" boss="0" rate="0" eq="0"></gate>
<gate level="284" lv="0" blv="1" slv="1" boss="0" rate="0" eq="0"></gate>
<gate level="285" lv="0" blv="1" slv="1" boss="0" rate="0" eq="0"></gate>
<gate level="286" lv="0" blv="1" slv="1" boss="0" rate="0" eq="0"></gate>
<gate level="287" lv="0" blv="1" slv="1" boss="0" rate="0" eq="0"></gate>
<gate level="288" lv="0" blv="1" slv="1" boss="0" rate="0" eq="0"></gate>
<gate level="289" lv="0" blv="1" slv="1" boss="0" rate="0" eq="0"></gate>
<gate level="290" lv="0" blv="1" slv="1" boss="0" rate="0" eq="0"></gate>
<gate level="291" lv="0" blv="1" slv="1" boss="0" rate="0" eq="0"></gate>
<gate level="292" lv="0" blv="1" slv="1" boss="0" rate="0" eq="0"></gate>
<gate level="293" lv="0" blv="1" slv="1" boss="0" rate="0" eq="0"></gate>
<gate level="294" lv="0" blv="1" slv="1" boss="0" rate="0" eq="0"></gate>
<gate level="295" lv="0" blv="1" slv="1" boss="0" rate="0" eq="0"></gate>
<gate level="296" lv="0" blv="1" slv="1" boss="0" rate="0" eq="0"></gate>
<gate level="297" lv="0" blv="1" slv="1" boss="0" rate="0" eq="0"></gate>
<gate level="298" lv="0" blv="1" slv="1" boss="0" rate="0" eq="0"></gate>
<gate level="299" lv="0" blv="1" slv="1" boss="0" rate="0" eq="0"></gate>
<gate level="300" lv="0" blv="1" slv="1" boss="0" rate="0" eq="0"></gate>
<gate level="301" lv="0" blv="1" slv="1" boss="0" rate="0" eq="0"></gate>
<gate level="302" lv="0" blv="1" slv="1" boss="0" rate="0" eq="0"></gate>
<gate level="303" lv="0" blv="1" slv="1" boss="0" rate="0" eq="0"></gate>
<gate level="304" lv="0" blv="1" slv="1" boss="0" rate="0" eq="0"></gate>
<gate level="305" lv="0" blv="1" slv="1" boss="0" rate="0" eq="0"></gate>
<gate level="306" lv="0" blv="1" slv="1" boss="0" rate="0" eq="0"></gate>
<gate level="307" lv="0" blv="1" slv="1" boss="0" rate="0" eq="0"></gate>
<gate level="308" lv="0" blv="1" slv="1" boss="0" rate="0" eq="0"></gate>
<gate level="309" lv="0" blv="1" slv="1" boss="0" rate="0" eq="0"></gate>
<gate level="310" lv="0" blv="1" slv="1" boss="0" rate="0" eq="0"></gate>
<gate level="311" lv="0" blv="1" slv="1" boss="0" rate="0" eq="0"></gate>
<gate level="312" lv="0" blv="1" slv="1" boss="0" rate="0" eq="0"></gate>
<gate level="313" lv="0" blv="1" slv="1" boss="0" rate="0" eq="0"></gate>
<gate level="314" lv="0" blv="1" slv="1" boss="0" rate="0" eq="0"></gate>
<gate level="315" lv="0" blv="1" slv="1" boss="0" rate="0" eq="0"></gate>
<gate level="316" lv="0" blv="1" slv="1" boss="0" rate="0" eq="0"></gate>
<gate level="317" lv="0" blv="1" slv="1" boss="0" rate="0" eq="0"></gate>
<gate level="318" lv="0" blv="1" slv="1" boss="0" rate="0" eq="0"></gate>
<gate level="319" lv="0" blv="1" slv="1" boss="0" rate="0" eq="0"></gate>
<gate level="320" lv="0" blv="1" slv="1" boss="0" rate="0" eq="0"></gate>
<gate level="321" lv="0" blv="1" slv="1" boss="0" rate="0" eq="0"></gate>
<gate level="322" lv="0" blv="1" slv="1" boss="0" rate="0" eq="0"></gate>
<gate level="323" lv="0" blv="1" slv="1" boss="0" rate="0" eq="0"></gate>
<gate level="324" lv="0" blv="1" slv="1" boss="0" rate="0" eq="0"></gate>
<gate level="325" lv="0" blv="1" slv="1" boss="0" rate="0" eq="0"></gate>
<gate level="326" lv="0" blv="1" slv="1" boss="0" rate="0" eq="0"></gate>
<gate level="327" lv="0" blv="1" slv="1" boss="0" rate="0" eq="0"></gate>
<gate level="328" lv="0" blv="1" slv="1" boss="0" rate="0" eq="0"></gate>
<gate level="329" lv="0" blv="1" slv="1" boss="0" rate="0" eq="0"></gate>
<gate level="330" lv="0" blv="1" slv="1" boss="0" rate="0" eq="0"></gate>
<gate level="331" lv="0" blv="1" slv="1" boss="0" rate="0" eq="0"></gate>
<gate level="332" lv="0" blv="1" slv="1" boss="0" rate="0" eq="0"></gate>
<gate level="333" lv="0" blv="1" slv="1" boss="0" rate="0" eq="0"></gate>
<gate level="334" lv="0" blv="1" slv="1" boss="0" rate="0" eq="0"></gate>
<gate level="335" lv="0" blv="1" slv="1" boss="0" rate="0" eq="0"></gate>
<gate level="336" lv="0" blv="1" slv="1" boss="0" rate="0" eq="0"></gate>
<gate level="337" lv="0" blv="1" slv="1" boss="0" rate="0" eq="0"></gate>
<gate level="338" lv="0" blv="1" slv="1" boss="0" rate="0" eq="0"></gate>
<gate level="339" lv="0" blv="1" slv="1" boss="0" rate="0" eq="0"></gate>
<gate level="340" lv="0" blv="1" slv="1" boss="0" rate="0" eq="0"></gate>
<gate level="341" lv="0" blv="1" slv="1" boss="0" rate="0" eq="0"></gate>
<gate level="342" lv="0" blv="1" slv="1" boss="0" rate="0" eq="0"></gate>
<gate level="343" lv="0" blv="1" slv="1" boss="0" rate="0" eq="0"></gate>
<gate level="344" lv="0" blv="1" slv="1" boss="0" rate="0" eq="0"></gate>
<gate level="345" lv="0" blv="1" slv="1" boss="0" rate="0" eq="0"></gate>
<gate level="346" lv="0" blv="1" slv="1" boss="0" rate="0" eq="0"></gate>
<gate level="347" lv="0" blv="1" slv="1" boss="0" rate="0" eq="0"></gate>
<gate level="348" lv="0" blv="1" slv="1" boss="0" rate="0" eq="0"></gate>
<gate level="349" lv="0" blv="1" slv="1" boss="0" rate="0" eq="0"></gate>
<gate level="350" lv="0" blv="1" slv="1" boss="0" rate="0" eq="0"></gate>
<gate level="351" lv="0" blv="1" slv="1" boss="0" rate="0" eq="0"></gate>
<gate level="352" lv="0" blv="1" slv="1" boss="0" rate="0" eq="0"></gate>
<gate level="353" lv="0" blv="1" slv="1" boss="0" rate="0" eq="0"></gate>
<gate level="354" lv="0" blv="1" slv="1" boss="0" rate="0" eq="0"></gate>
<gate level="355" lv="0" blv="1" slv="1" boss="0" rate="0" eq="0"></gate>
<gate level="356" lv="0" blv="1" slv="1" boss="0" rate="0" eq="0"></gate>
<gate level="357" lv="0" blv="1" slv="1" boss="0" rate="0" eq="0"></gate>
<gate level="358" lv="0" blv="1" slv="1" boss="0" rate="0" eq="0"></gate>
<gate level="359" lv="0" blv="1" slv="1" boss="0" rate="0" eq="0"></gate>
<gate level="360" lv="0" blv="1" slv="1" boss="0" rate="0" eq="0"></gate>
<gate level="361" lv="0" blv="1" slv="1" boss="0" rate="0" eq="0"></gate>
<gate level="362" lv="0" blv="1" slv="1" boss="0" rate="0" eq="0"></gate>
<gate level="363" lv="0" blv="1" slv="1" boss="0" rate="0" eq="0"></gate>
<gate level="364" lv="0" blv="1" slv="1" boss="0" rate="0" eq="0"></gate>
<gate level="365" lv="0" blv="1" slv="1" boss="0" rate="0" eq="0"></gate>
<gate level="366" lv="0" blv="1" slv="1" boss="0" rate="0" eq="0"></gate>
<gate level="367" lv="0" blv="1" slv="1" boss="0" rate="0" eq="0"></gate>
<gate level="368" lv="0" blv="1" slv="1" boss="0" rate="0" eq="0"></gate>
<gate level="369" lv="0" blv="1" slv="1" boss="0" rate="0" eq="0"></gate>
<gate level="370" lv="0" blv="1" slv="1" boss="0" rate="0" eq="0"></gate>
<gate level="371" lv="0" blv="1" slv="1" boss="0" rate="0" eq="0"></gate>
<gate level="372" lv="0" blv="1" slv="1" boss="0" rate="0" eq="0"></gate>
<gate level="373" lv="0" blv="1" slv="1" boss="0" rate="0" eq="0"></gate>
<gate level="374" lv="0" blv="1" slv="1" boss="0" rate="0" eq="0"></gate>
<gate level="375" lv="0" blv="1" slv="1" boss="0" rate="0" eq="0"></gate>
<gate level="376" lv="0" blv="1" slv="1" boss="0" rate="0" eq="0"></gate>
<gate level="377" lv="0" blv="1" slv="1" boss="0" rate="0" eq="0"></gate>
<gate level="378" lv="0" blv="1" slv="1" boss="0" rate="0" eq="0"></gate>
<gate level="379" lv="0" blv="1" slv="1" boss="0" rate="0" eq="0"></gate>
<gate level="380" lv="0" blv="1" slv="1" boss="0" rate="0" eq="0"></gate>
<gate level="381" lv="0" blv="1" slv="1" boss="0" rate="0" eq="0"></gate>
<gate level="382" lv="0" blv="1" slv="1" boss="0" rate="0" eq="0"></gate>
<gate level="383" lv="0" blv="1" slv="1" boss="0" rate="0" eq="0"></gate>
<gate level="384" lv="0" blv="1" slv="1" boss="0" rate="0" eq="0"></gate>
<gate level="385" lv="0" blv="1" slv="1" boss="0" rate="0" eq="0"></gate>
<gate level="386" lv="0" blv="1" slv="1" boss="0" rate="0" eq="0"></gate>
<gate level="387" lv="0" blv="1" slv="1" boss="0" rate="0" eq="0"></gate>
<gate level="388" lv="0" blv="1" slv="1" boss="0" rate="0" eq="0"></gate>
<gate level="389" lv="0" blv="1" slv="1" boss="0" rate="0" eq="0"></gate>
<gate level="390" lv="0" blv="1" slv="1" boss="0" rate="0" eq="0"></gate>
<gate level="391" lv="0" blv="1" slv="1" boss="0" rate="0" eq="0"></gate>
<gate level="392" lv="0" blv="1" slv="1" boss="0" rate="0" eq="0"></gate>
<gate level="393" lv="0" blv="1" slv="1" boss="0" rate="0" eq="0"></gate>
<gate level="394" lv="0" blv="1" slv="1" boss="0" rate="0" eq="0"></gate>
<gate level="395" lv="0" blv="1" slv="1" boss="0" rate="0" eq="0"></gate>
<gate level="396" lv="0" blv="1" slv="1" boss="0" rate="0" eq="0"></gate>
<gate level="397" lv="0" blv="1" slv="1" boss="0" rate="0" eq="0"></gate>
<gate level="398" lv="0" blv="1" slv="1" boss="0" rate="0" eq="0"></gate>
<gate level="399" lv="0" blv="1" slv="1" boss="0" rate="0" eq="0"></gate>
<gate level="400" lv="0" blv="1" slv="1" boss="0" rate="0" eq="0"></gate>
<gate level="401" lv="0" blv="1" slv="1" boss="0" rate="0" eq="0"></gate>
<gate level="402" lv="0" blv="1" slv="1" boss="0" rate="0" eq="0"></gate>
<gate level="403" lv="0" blv="1" slv="1" boss="0" rate="0" eq="0"></gate>
<gate level="404" lv="0" blv="1" slv="1" boss="0" rate="0" eq="0"></gate>
<gate level="405" lv="0" blv="1" slv="1" boss="0" rate="0" eq="0"></gate>
<gate level="406" lv="0" blv="1" slv="1" boss="0" rate="0" eq="0"></gate>
<gate level="407" lv="0" blv="1" slv="1" boss="0" rate="0" eq="0"></gate>
<gate level="408" lv="0" blv="1" slv="1" boss="0" rate="0" eq="0"></gate>
<gate level="409" lv="0" blv="1" slv="1" boss="0" rate="0" eq="0"></gate>
<gate level="410" lv="0" blv="1" slv="1" boss="0" rate="0" eq="0"></gate>
<gate level="411" lv="0" blv="1" slv="1" boss="0" rate="0" eq="0"></gate>
<gate level="412" lv="0" blv="1" slv="1" boss="0" rate="0" eq="0"></gate>
<gate level="413" lv="0" blv="1" slv="1" boss="0" rate="0" eq="0"></gate>
<gate level="414" lv="0" blv="1" slv="1" boss="0" rate="0" eq="0"></gate>
<gate level="415" lv="0" blv="1" slv="1" boss="0" rate="0" eq="0"></gate>
<gate level="416" lv="0" blv="1" slv="1" boss="0" rate="0" eq="0"></gate>
<gate level="417" lv="0" blv="1" slv="1" boss="0" rate="0" eq="0"></gate>
<gate level="418" lv="0" blv="1" slv="1" boss="0" rate="0" eq="0"></gate>
<gate level="419" lv="0" blv="1" slv="1" boss="0" rate="0" eq="0"></gate>
<gate level="420" lv="0" blv="1" slv="1" boss="0" rate="0" eq="0"></gate>
<gate level="421" lv="0" blv="1" slv="1" boss="0" rate="0" eq="0"></gate>
<gate level="422" lv="0" blv="1" slv="1" boss="0" rate="0" eq="0"></gate>
<gate level="423" lv="0" blv="1" slv="1" boss="0" rate="0" eq="0"></gate>
<gate level="424" lv="0" blv="1" slv="1" boss="0" rate="0" eq="0"></gate>
<gate level="425" lv="0" blv="1" slv="1" boss="0" rate="0" eq="0"></gate>
<gate level="426" lv="0" blv="1" slv="1" boss="0" rate="0" eq="0"></gate>
<gate level="427" lv="0" blv="1" slv="1" boss="0" rate="0" eq="0"></gate>
<gate level="428" lv="0" blv="1" slv="1" boss="0" rate="0" eq="0"></gate>
<gate level="429" lv="0" blv="1" slv="1" boss="0" rate="0" eq="0"></gate>
<gate level="430" lv="0" blv="1" slv="1" boss="0" rate="0" eq="0"></gate>
<gate level="431" lv="0" blv="1" slv="1" boss="0" rate="0" eq="0"></gate>
<gate level="432" lv="0" blv="1" slv="1" boss="0" rate="0" eq="0"></gate>
<gate level="433" lv="0" blv="1" slv="1" boss="0" rate="0" eq="0"></gate>
<gate level="434" lv="0" blv="1" slv="1" boss="0" rate="0" eq="0"></gate>
<gate level="435" lv="0" blv="1" slv="1" boss="0" rate="0" eq="0"></gate>
<gate level="436" lv="0" blv="1" slv="1" boss="0" rate="0" eq="0"></gate>
<gate level="437" lv="0" blv="1" slv="1" boss="0" rate="0" eq="0"></gate>
<gate level="438" lv="0" blv="1" slv="1" boss="0" rate="0" eq="0"></gate>
<gate level="439" lv="0" blv="1" slv="1" boss="0" rate="0" eq="0"></gate>
<gate level="440" lv="0" blv="1" slv="1" boss="0" rate="0" eq="0"></gate>
<gate level="441" lv="0" blv="1" slv="1" boss="0" rate="0" eq="0"></gate>
<gate level="442" lv="0" blv="1" slv="1" boss="0" rate="0" eq="0"></gate>
<gate level="443" lv="0" blv="1" slv="1" boss="0" rate="0" eq="0"></gate>
<gate level="444" lv="0" blv="1" slv="1" boss="0" rate="0" eq="0"></gate>
<gate level="445" lv="0" blv="1" slv="1" boss="0" rate="0" eq="0"></gate>
<gate level="446" lv="0" blv="1" slv="1" boss="0" rate="0" eq="0"></gate>
<gate level="447" lv="0" blv="1" slv="1" boss="0" rate="0" eq="0"></gate>
<gate level="448" lv="0" blv="1" slv="1" boss="0" rate="0" eq="0"></gate>
<gate level="449" lv="0" blv="1" slv="1" boss="0" rate="0" eq="0"></gate>
<gate level="450" lv="0" blv="1" slv="1" boss="0" rate="0" eq="0"></gate>
<gate level="451" lv="0" blv="1" slv="1" boss="0" rate="0" eq="0"></gate>
<gate level="452" lv="0" blv="1" slv="1" boss="0" rate="0" eq="0"></gate>
<gate level="453" lv="0" blv="1" slv="1" boss="0" rate="0" eq="0"></gate>
<gate level="454" lv="0" blv="1" slv="1" boss="0" rate="0" eq="0"></gate>
<gate level="455" lv="0" blv="1" slv="1" boss="0" rate="0" eq="0"></gate>
<gate level="456" lv="0" blv="1" slv="1" boss="0" rate="0" eq="0"></gate>
<gate level="457" lv="0" blv="1" slv="1" boss="0" rate="0" eq="0"></gate>
<gate level="458" lv="0" blv="1" slv="1" boss="0" rate="0" eq="0"></gate>
<gate level="459" lv="0" blv="1" slv="1" boss="0" rate="0" eq="0"></gate>
<gate level="460" lv="0" blv="1" slv="1" boss="0" rate="0" eq="0"></gate>
<gate level="461" lv="0" blv="1" slv="1" boss="0" rate="0" eq="0"></gate>
<gate level="462" lv="0" blv="1" slv="1" boss="0" rate="0" eq="0"></gate>
<gate level="463" lv="0" blv="1" slv="1" boss="0" rate="0" eq="0"></gate>
<gate level="464" lv="0" blv="1" slv="1" boss="0" rate="0" eq="0"></gate>
<gate level="465" lv="0" blv="1" slv="1" boss="0" rate="0" eq="0"></gate>
<gate level="466" lv="0" blv="1" slv="1" boss="0" rate="0" eq="0"></gate>
<gate level="467" lv="0" blv="1" slv="1" boss="0" rate="0" eq="0"></gate>
<gate level="468" lv="0" blv="1" slv="1" boss="0" rate="0" eq="0"></gate>
<gate level="469" lv="0" blv="1" slv="1" boss="0" rate="0" eq="0"></gate>
<gate level="470" lv="0" blv="1" slv="1" boss="0" rate="0" eq="0"></gate>
<gate level="471" lv="0" blv="1" slv="1" boss="0" rate="0" eq="0"></gate>
<gate level="472" lv="0" blv="1" slv="1" boss="0" rate="0" eq="0"></gate>
<gate level="473" lv="0" blv="1" slv="1" boss="0" rate="0" eq="0"></gate>
<gate level="474" lv="0" blv="1" slv="1" boss="0" rate="0" eq="0"></gate>
<gate level="475" lv="0" blv="1" slv="1" boss="0" rate="0" eq="0"></gate>
<gate level="476" lv="0" blv="1" slv="1" boss="0" rate="0" eq="0"></gate>
<gate level="477" lv="0" blv="1" slv="1" boss="0" rate="0" eq="0"></gate>
<gate level="478" lv="0" blv="1" slv="1" boss="0" rate="0" eq="0"></gate>
<gate level="479" lv="0" blv="1" slv="1" boss="0" rate="0" eq="0"></gate>
<gate level="480" lv="0" blv="1" slv="1" boss="0" rate="0" eq="0"></gate>
<gate level="481" lv="0" blv="1" slv="1" boss="0" rate="0" eq="0"></gate>
<gate level="482" lv="0" blv="1" slv="1" boss="0" rate="0" eq="0"></gate>
<gate level="483" lv="0" blv="1" slv="1" boss="0" rate="0" eq="0"></gate>
<gate level="484" lv="0" blv="1" slv="1" boss="0" rate="0" eq="0"></gate>
<gate level="485" lv="0" blv="1" slv="1" boss="0" rate="0" eq="0"></gate>
<gate level="486" lv="0" blv="1" slv="1" boss="0" rate="0" eq="0"></gate>
<gate level="487" lv="0" blv="1" slv="1" boss="0" rate="0" eq="0"></gate>
<gate level="488" lv="0" blv="1" slv="1" boss="0" rate="0" eq="0"></gate>
<gate level="489" lv="0" blv="1" slv="1" boss="0" rate="0" eq="0"></gate>
<gate level="490" lv="0" blv="1" slv="1" boss="0" rate="0" eq="0"></gate>
<gate level="491" lv="0" blv="1" slv="1" boss="0" rate="0" eq="0"></gate>
<gate level="492" lv="0" blv="1" slv="1" boss="0" rate="0" eq="0"></gate>
<gate level="493" lv="0" blv="1" slv="1" boss="0" rate="0" eq="0"></gate>
<gate level="494" lv="0" blv="1" slv="1" boss="0" rate="0" eq="0"></gate>
<gate level="495" lv="0" blv="1" slv="1" boss="0" rate="0" eq="0"></gate>
<gate level="496" lv="0" blv="1" slv="1" boss="0" rate="0" eq="0"></gate>
<gate level="497" lv="0" blv="1" slv="1" boss="0" rate="0" eq="0"></gate>
<gate level="498" lv="0" blv="1" slv="1" boss="0" rate="0" eq="0"></gate>
<gate level="499" lv="0" blv="1" slv="1" boss="0" rate="0" eq="0"></gate>
<gate level="500" lv="0" blv="1" slv="1" boss="0" rate="0" eq="0"></gate>
<gate level="501" lv="0" blv="1" slv="1" boss="0" rate="0" eq="0"></gate>
<gate level="502" lv="0" blv="1" slv="1" boss="0" rate="0" eq="0"></gate>
<gate level="503" lv="0" blv="1" slv="1" boss="0" rate="0" eq="0"></gate>
<gate level="504" lv="0" blv="1" slv="1" boss="0" rate="0" eq="0"></gate>
<gate level="505" lv="0" blv="1" slv="1" boss="0" rate="0" eq="0"></gate>
<gate level="506" lv="0" blv="1" slv="1" boss="0" rate="0" eq="0"></gate>
<gate level="507" lv="0" blv="1" slv="1" boss="0" rate="0" eq="0"></gate>
<gate level="508" lv="0" blv="1" slv="1" boss="0" rate="0" eq="0"></gate>
<gate level="509" lv="0" blv="1" slv="1" boss="0" rate="0" eq="0"></gate>
<gate level="510" lv="0" blv="1" slv="1" boss="0" rate="0" eq="0"></gate>

-->










</gates>
</content>
