<?xml version="1.0" encoding="UTF-8"?>
<content>

<enemys>
	<enemy id="1">
		<hero id="1001" time="0" snum="4" ap="47" aspeed="50" hp="234" def="1" sb="0" ms="0" bj="0" bjp="20000" speed="100"/>		
	</enemy>
	<enemy id="2">
		<hero id="1002" time="0" snum="4" ap="49" aspeed="50" hp="357" def="2" sb="0" ms="0" bj="0" bjp="20000" speed="100"/>			
	</enemy>
	<enemy id="3">
		<hero id="1003" time="0" snum="4" ap="53" aspeed="50" hp="475" def="3" sb="0" ms="0" bj="0" bjp="20000" speed="100"/>					
	</enemy>
	<enemy id="4">
		<hero id="1004" time="0" snum="4" ap="61" aspeed="50" hp="603" def="4" sb="0" ms="0" bj="0" bjp="20000" speed="100"/>			
	</enemy>
	<enemy id="5">
		<hero id="1005" time="0" snum="4" ap="69" aspeed="50" hp="724" def="5" sb="0" ms="0" bj="0" bjp="20000" speed="100"/>				
	</enemy>
	<enemy id="6">
		<hero id="1006" time="0" snum="9" ap="76" aspeed="50" hp="844" def="6" sb="0" ms="0" bj="0" bjp="20000" speed="100"/>						
	</enemy>
	<enemy id="7">
		<hero id="1007" time="0" snum="9" ap="83" aspeed="50" hp="963" def="7" sb="0" ms="0" bj="0" bjp="20000" speed="100"/>				
	</enemy>
	<enemy id="8">
		<hero id="1008" time="0" snum="9" ap="98" aspeed="50" hp="1087" def="8" sb="0" ms="0" bj="0" bjp="20000" speed="100"/>			
	</enemy>
	<enemy id="9">
		<hero id="1009" time="0" snum="9" ap="117" aspeed="50" hp="1057" def="9" sb="0" ms="0" bj="0" bjp="20000" speed="100"/>			
	</enemy>
	<enemy id="10">
		<hero id="1010" time="0" snum="9" ap="131" aspeed="50" hp="1122" def="10" sb="0" ms="0" bj="0" bjp="20000" speed="100"/>			
	</enemy>
	<enemy id="11">
		<hero id="1011" time="0" snum="9" ap="151" aspeed="50" hp="1257" def="11" sb="0" ms="0" bj="0" bjp="20000" speed="100"/>		
	</enemy>
	<enemy id="12">
		<hero id="1012" time="0" snum="9" ap="162" aspeed="50" hp="1389" def="12" sb="0" ms="0" bj="0" bjp="20000" speed="100"/>			
	</enemy>
	<enemy id="13">
		<hero id="1013" time="0" snum="9" ap="174" aspeed="50" hp="1412" def="13" sb="0" ms="0" bj="0" bjp="20000" speed="100"/>					
	</enemy>
	<enemy id="14">
		<hero id="1014" time="0" snum="9" ap="187" aspeed="50" hp="1537" def="14" sb="0" ms="0" bj="0" bjp="20000" speed="100"/>			
	</enemy>
	<enemy id="15">
		<hero id="1015" time="0" snum="9" ap="203" aspeed="50" hp="1552" def="15" sb="0" ms="0" bj="0" bjp="20000" speed="100"/>		
	</enemy>
	<enemy id="16">
		<hero id="1016" time="0" snum="9" ap="220" aspeed="50" hp="1608" def="16" sb="0" ms="0" bj="0" bjp="20000" speed="100"/>		
	</enemy>
	<enemy id="17">
		<hero id="1012" time="0" snum="9" ap="162" aspeed="50" hp="1389" def="12" sb="0" ms="0" bj="0" bjp="20000" speed="100"/>			
		<hero id="1013" time="0" snum="9" ap="174" aspeed="50" hp="1412" def="13" sb="0" ms="0" bj="0" bjp="20000" speed="100"/>	
		<hero id="1014" time="0" snum="9" ap="187" aspeed="50" hp="1537" def="14" sb="0" ms="0" bj="0" bjp="20000" speed="100"/>		
		<hero id="1015" time="0" snum="9" ap="203" aspeed="50" hp="1552" def="15" sb="0" ms="0" bj="0" bjp="20000" speed="100"/>		
		<hero id="1016" time="0" snum="9" ap="220" aspeed="50" hp="1608" def="16" sb="0" ms="0" bj="0" bjp="20000" speed="100"/>		
	</enemy>
	
	
	

	<enemy id="18">
		<hero id="1017" time="0" snum="9" ap="310" aspeed="60" hp="2031" def="20" sb="1000" ms="1000" bj="100" bjp="20000" speed="100"/>		
	</enemy>
	<enemy id="19">
		<hero id="1018" time="0" snum="9" ap="323" aspeed="60" hp="2087" def="21" sb="1000" ms="1000" bj="1000" bjp="20000" speed="100"/>		
	</enemy>
	<enemy id="20">
		<hero id="1019" time="0" snum="9" ap="337" aspeed="60" hp="2135" def="22" sb="1000" ms="1000" bj="1000" bjp="20000" speed="100"/>		
	</enemy>
	<enemy id="21">
		<hero id="1020" time="0" snum="9" ap="354" aspeed="60" hp="2175" def="23" sb="1000" ms="1000" bj="1000" bjp="20000" speed="100"/>		
	</enemy>
	<enemy id="22">
		<hero id="1021" time="0" snum="9" ap="373" aspeed="60" hp="2257" def="24" sb="1000" ms="1000" bj="1000" bjp="20000" speed="100"/>		
	</enemy>
	<enemy id="23">
		<hero id="1022" time="0" snum="9" ap="392" aspeed="60" hp="2234" def="25" sb="1000" ms="1000" bj="1000" bjp="20000" speed="100"/>		
	</enemy>
	<enemy id="24">
		<hero id="1023" time="0" snum="9" ap="411" aspeed="60" hp="2439" def="26" sb="1000" ms="1000" bj="1000" bjp="20000" speed="100"/>		
	</enemy>
	<enemy id="25">
		<hero id="1024" time="0" snum="9" ap="427" aspeed="60" hp="2488" def="27" sb="1000" ms="1000" bj="1000" bjp="20000" speed="100"/>		
	</enemy>
	<enemy id="26">
		<hero id="1025" time="0" snum="9" ap="449" aspeed="60" hp="2531" def="28" sb="1000" ms="1000" bj="1000" bjp="20000" speed="100"/>		
	</enemy>
	<enemy id="27">
		<hero id="1026" time="0" snum="9" ap="467" aspeed="60" hp="2606" def="29" sb="1000" ms="1000" bj="1000" bjp="20000" speed="100"/>		
	</enemy>
	<enemy id="28">
		<hero id="1027" time="0" snum="9" ap="482" aspeed="60" hp="2673" def="30" sb="1000" ms="1000" bj="1000" bjp="20000" speed="100"/>		
	</enemy>
	<enemy id="29">
		<hero id="1028" time="0" snum="9" ap="499" aspeed="60" hp="2743" def="31" sb="1000" ms="1000" bj="1000" bjp="20000" speed="100"/>		
	</enemy>
	<enemy id="30">
		<hero id="1029" time="0" snum="9" ap="513" aspeed="60" hp="2813" def="32" sb="1000" ms="1000" bj="1000" bjp="20000" speed="100"/>		
	</enemy>
	<enemy id="31">
		<hero id="1030" time="0" snum="9" ap="529" aspeed="60" hp="2903" def="33" sb="1000" ms="1000" bj="1000" bjp="20000" speed="100"/>		
	</enemy>
	<enemy id="32">
		<hero id="1031" time="0" snum="9" ap="538" aspeed="60" hp="2944" def="34" sb="1000" ms="1000" bj="1000" bjp="20000" speed="100"/>			
	</enemy>
	<enemy id="33">
		<hero id="1032" time="0" snum="9" ap="547" aspeed="60" hp="3111" def="35" sb="1000" ms="1000" bj="1000" bjp="20000" speed="100"/>		
	</enemy>
	<enemy id="34">
		<hero id="1033" time="0" snum="9" ap="553" aspeed="60" hp="3203" def="36" sb="1000" ms="1000" bj="1000" bjp="20000" speed="100"/>		
	</enemy>
	<enemy id="35">
		<hero id="1034" time="0" snum="9" ap="569" aspeed="60" hp="3283" def="37" sb="1000" ms="1000" bj="1000" bjp="20000" speed="100"/>		
	</enemy>
	<enemy id="36">
		<hero id="1035" time="0" snum="9" ap="576" aspeed="60" hp="3346" def="38" sb="1000" ms="1000" bj="1000" bjp="20000" speed="100"/>			
	</enemy>
	<enemy id="37">
		<hero id="1036" time="0" snum="9" ap="584" aspeed="60" hp="2457" def="39" sb="1000" ms="1000" bj="1000" bjp="20000" speed="100"/>		
	</enemy>
	<enemy id="38">
		<hero id="1037" time="0" snum="9" ap="600" aspeed="60" hp="3800" def="40" sb="1000" ms="1000" bj="1000" bjp="20000" speed="100"/>		
	</enemy>
	<enemy id="39">
		<hero id="1033" time="0" snum="9" ap="553" aspeed="60" hp="3203" def="36" sb="1000" ms="1000" bj="1000" bjp="20000" speed="100"/>		
		<hero id="1034" time="0" snum="9" ap="569" aspeed="60" hp="3283" def="37" sb="1000" ms="1000" bj="1000" bjp="20000" speed="100"/>	
		<hero id="1035" time="0" snum="9" ap="576" aspeed="60" hp="3346" def="38" sb="1000" ms="1000" bj="1000" bjp="20000" speed="100"/>
		<hero id="1036" time="0" snum="9" ap="584" aspeed="60" hp="2457" def="39" sb="1000" ms="1000" bj="1000" bjp="20000" speed="100"/>		
		<hero id="1037" time="0" snum="9" ap="600" aspeed="60" hp="3800" def="40" sb="1000" ms="1000" bj="1000" bjp="20000" speed="100"/>	
	</enemy>
	
	
	
	
	<enemy id="40">
		<hero id="1038" time="0" snum="9" ap="653" aspeed="70" hp="4003" def="50" sb="2000" ms="2000" bj="2000" bjp="20000" speed="110"/>		
	</enemy>
	<enemy id="41">
		<hero id="1039" time="0" snum="9" ap="685" aspeed="70" hp="4207" def="51" sb="2000" ms="2000" bj="2000" bjp="20000" speed="110"/>		
	</enemy>
	<enemy id="42">
		<hero id="1040" time="0" snum="9" ap="714" aspeed="70" hp="4407" def="52" sb="2000" ms="2000" bj="2000" bjp="20000" speed="110"/>		
	</enemy>
	<enemy id="43">
		<hero id="1041" time="0" snum="9" ap="733" aspeed="70" hp="4612" def="53" sb="2000" ms="2000" bj="2000" bjp="20000" speed="110"/>			
	</enemy>
	<enemy id="44">
		<hero id="1042" time="0" snum="9" ap="751" aspeed="70" hp="4832" def="54" sb="2000" ms="2000" bj="2000" bjp="20000" speed="110"/>				
	</enemy>
	<enemy id="45">
		<hero id="1043" time="0" snum="9" ap="773" aspeed="70" hp="5034" def="55" sb="2000" ms="2000" bj="2000" bjp="20000" speed="110"/>		
	</enemy>
	<enemy id="46">
		<hero id="1044" time="0" snum="9" ap="809" aspeed="70" hp="5231" def="56" sb="2000" ms="2000" bj="2000" bjp="20000" speed="110"/>			
	</enemy>
	<enemy id="47">
		<hero id="1045" time="0" snum="9" ap="822" aspeed="70" hp="5470" def="57" sb="2000" ms="2000" bj="2000" bjp="20000" speed="110"/>		
	</enemy>
	<enemy id="48">
		<hero id="1046" time="0" snum="9" ap="857" aspeed="70" hp="5668" def="58" sb="2000" ms="2000" bj="2000" bjp="20000" speed="110"/>			
	</enemy>
	<enemy id="49">
		<hero id="1047" time="0" snum="9" ap="883" aspeed="70" hp="5834" def="59" sb="2000" ms="2000" bj="2000" bjp="20000" speed="110"/>		
	</enemy>
	<enemy id="50">
		<hero id="1048" time="0" snum="9" ap="905" aspeed="70" hp="6017" def="60" sb="2000" ms="2000" bj="2000" bjp="20000" speed="110"/>						
	</enemy>
	<enemy id="51">
		<hero id="1049" time="0" snum="9" ap="937" aspeed="70" hp="6221" def="61" sb="2000" ms="2000" bj="2000" bjp="20000" speed="110"/>		
	</enemy>
	<enemy id="52">
		<hero id="1050" time="0" snum="9" ap="958" aspeed="70" hp="6437" def="62" sb="2000" ms="2000" bj="2000" bjp="20000" speed="110"/>						
	</enemy>
	<enemy id="53">
		<hero id="1051" time="0" snum="9" ap="989" aspeed="70" hp="6691" def="63" sb="2000" ms="2000" bj="2000" bjp="20000" speed="110"/>			
	</enemy>
	<enemy id="54">
		<hero id="1052" time="0" snum="9" ap="1015" aspeed="70" hp="6873" def="64" sb="2000" ms="2000" bj="2000" bjp="20000" speed="110"/>		
	</enemy>
	<enemy id="55">
		<hero id="1053" time="0" snum="9" ap="1043" aspeed="70" hp="7031" def="65" sb="2000" ms="2000" bj="2000" bjp="20000" speed="110"/>			
	</enemy>
	<enemy id="56">
		<hero id="1054" time="0" snum="9" ap="1070" aspeed="70" hp="7212" def="66" sb="2000" ms="2000" bj="2000" bjp="20000" speed="110"/>		
	</enemy>
	<enemy id="57">
		<hero id="1055" time="0" snum="9" ap="1091" aspeed="70" hp="7432" def="67" sb="2000" ms="2000" bj="2000" bjp="20000" speed="110"/>		
	</enemy>
	<enemy id="58">
		<hero id="1056" time="0" snum="9" ap="1128" aspeed="70" hp="7682" def="70" sb="2000" ms="2000" bj="2000" bjp="20000" speed="110"/>		
	</enemy>
	<enemy id="59">
		<hero id="1057" time="0" snum="9" ap="1156" aspeed="70" hp="7880" def="75" sb="2000" ms="2000" bj="2000" bjp="20000" speed="110"/>		
	</enemy>
	<enemy id="60">
		<hero id="1058" time="0" snum="9" ap="1200" aspeed="70" hp="8000" def="80" sb="2000" ms="2000" bj="2000" bjp="20000" speed="110"/>		
	</enemy>
	<enemy id="61">
		<hero id="1054" time="0" snum="16" ap="1070" aspeed="70" hp="7212" def="66" sb="2000" ms="2000" bj="2000" bjp="20000" speed="110"/>		
		<hero id="1055" time="0" snum="16" ap="1091" aspeed="70" hp="7432" def="67" sb="2000" ms="2000" bj="2000" bjp="20000" speed="110"/>			
		<hero id="1056" time="0" snum="16" ap="1128" aspeed="70" hp="7682" def="70" sb="2000" ms="2000" bj="2000" bjp="20000" speed="110"/>	
		<hero id="1057" time="0" snum="16" ap="1156" aspeed="70" hp="7880" def="75" sb="2000" ms="2000" bj="2000" bjp="20000" speed="110"/>	
		<hero id="1058" time="0" snum="16" ap="1200" aspeed="70" hp="8000" def="80" sb="2000" ms="2000" bj="2000" bjp="20000" speed="110"/>				
	</enemy>
	
	
	
	<enemy id="62">
		<hero id="1059" time="0" snum="16" ap="1252" aspeed="80" hp="8531" def="81" sb="2000" ms="2500" bj="2500" bjp="20000" speed="110"/>		
	</enemy>
	<enemy id="63">
		<hero id="1060" time="0" snum="16" ap="1277" aspeed="80" hp="8930" def="82" sb="2000" ms="2500" bj="2500" bjp="20000" speed="110"/>		
	</enemy>
	<enemy id="64">
		<hero id="1061" time="0" snum="16" ap="1291" aspeed="80" hp="9234" def="83" sb="2000" ms="2500" bj="2500" bjp="20000" speed="110"/>		
	</enemy>
	<enemy id="65">
		<hero id="1062" time="0" snum="16" ap="1313" aspeed="80" hp="9573" def="84" sb="2000" ms="2500" bj="2500" bjp="20000" speed="110"/>		
	</enemy>
	<enemy id="66">
		<hero id="1063" time="0" snum="16" ap="1336" aspeed="80" hp="9881" def="85" sb="2000" ms="2500" bj="2500" bjp="20000" speed="110"/>			
	</enemy>
	<enemy id="67">
		<hero id="1064" time="0" snum="16" ap="1352" aspeed="80" hp="10134" def="86" sb="2000" ms="2500" bj="2500" bjp="20000" speed="110"/>		
	</enemy>
	<enemy id="68">
		<hero id="1065" time="0" snum="16" ap="1377" aspeed="80" hp="10675" def="87" sb="2000" ms="2500" bj="2500" bjp="20000" speed="110"/>		
	</enemy>
	<enemy id="69">
		<hero id="1066" time="0" snum="16" ap="1406" aspeed="80" hp="10932" def="88" sb="2000" ms="2500" bj="2500" bjp="20000" speed="110"/>		
	</enemy>
	<enemy id="70">
		<hero id="1067" time="0" snum="16" ap="1425" aspeed="80" hp="11211" def="89" sb="2000" ms="2500" bj="2500" bjp="20000" speed="110"/>		
	</enemy>
	<enemy id="71">
		<hero id="1068" time="0" snum="16" ap="1444" aspeed="80" hp="11535" def="90" sb="2000" ms="2500" bj="2500" bjp="20000" speed="110"/>		
	</enemy>
	<enemy id="72">
		<hero id="1069" time="0" snum="16" ap="1479" aspeed="80" hp="11800" def="91" sb="2000" ms="2500" bj="2500" bjp="20000" speed="110"/>		
	</enemy>
	<enemy id="73">
		<hero id="1070" time="0" snum="16" ap="1494" aspeed="80" hp="12122" def="92" sb="2000" ms="2500" bj="2500" bjp="20000" speed="110"/>		
	</enemy>
	<enemy id="74">
		<hero id="1071" time="0" snum="16" ap="1523" aspeed="80" hp="12432" def="93" sb="2000" ms="2500" bj="2500" bjp="20000" speed="110"/>		
	</enemy>
	<enemy id="75">
		<hero id="1072" time="0" snum="16" ap="1545" aspeed="80" hp="12786" def="94" sb="2000" ms="2500" bj="2500" bjp="20000" speed="110"/>		
	</enemy>
	<enemy id="76">
		<hero id="1073" time="0" snum="16" ap="1563" aspeed="80" hp="13041" def="95" sb="2000" ms="2500" bj="2500" bjp="20000" speed="110"/>		
	</enemy>
	<enemy id="77">
		<hero id="1074" time="0" snum="16" ap="1591" aspeed="80" hp="13354" def="96" sb="2000" ms="2500" bj="2500" bjp="20000" speed="110"/>		
	</enemy>
	<enemy id="78">
		<hero id="1075" time="0" snum="16" ap="1617" aspeed="80" hp="13673" def="97" sb="2000" ms="2500" bj="2500" bjp="20000" speed="110"/>		
	</enemy>
	<enemy id="79">
		<hero id="1076" time="0" snum="16" ap="1632" aspeed="80" hp="13934" def="98" sb="2000" ms="2500" bj="2500" bjp="20000" speed="110"/>		
	</enemy>
	<enemy id="80">
		<hero id="1077" time="0" snum="16" ap="1666" aspeed="80" hp="14324" def="99" sb="2000" ms="2500" bj="2500" bjp="20000" speed="110"/>		
	</enemy>
	<enemy id="81">
		<hero id="1078" time="0" snum="16" ap="1707" aspeed="80" hp="14537" def="100" sb="2000" ms="2500" bj="2500" bjp="20000" speed="110"/>		
	</enemy>
	<enemy id="82">
		<hero id="1079" time="0" snum="16" ap="1734" aspeed="80" hp="14873" def="103" sb="2000" ms="2500" bj="2500" bjp="20000" speed="110"/>		
	</enemy>
	<enemy id="83">
		<hero id="1080" time="0" snum="16" ap="1800" aspeed="80" hp="16000" def="110" sb="2000" ms="2500" bj="2500" bjp="20000" speed="110"/>					
	</enemy>
	<enemy id="84">
		<hero id="1076" time="0" snum="16" ap="1630" aspeed="80" hp="13900" def="98" sb="2000" ms="2500" bj="2500" bjp="20000" speed="110"/>
		<hero id="1077" time="0" snum="16" ap="1665" aspeed="80" hp="14200" def="99" sb="2000" ms="2500" bj="2500" bjp="20000" speed="110"/>	
		<hero id="1078" time="0" snum="16" ap="1700" aspeed="80" hp="14500" def="100" sb="2000" ms="2500" bj="2500" bjp="20000" speed="110"/>		
		<hero id="1079" time="0" snum="16" ap="1730" aspeed="80" hp="14800" def="103" sb="2000" ms="2500" bj="2500" bjp="20000" speed="110"/>		
		<hero id="1080" time="0" snum="16" ap="1800" aspeed="80" hp="16000" def="110" sb="2000" ms="2500" bj="2500" bjp="20000" speed="110"/>			
	</enemy>
	
	
	
	
	<enemy id="85">
		<hero id="1081" time="0" snum="16" ap="1850" aspeed="100" hp="13000" def="112" sb="1500" ms="1500" bj="2000" bjp="20000" speed="120"/>		
	</enemy>
	<enemy id="86">
		<hero id="1082" time="0" snum="16" ap="1883" aspeed="100" hp="13500" def="114" sb="1500" ms="1500" bj="2000" bjp="20000" speed="120"/>	
		<hero id="1081" time="20" snum="16" ap="1850" aspeed="100" hp="13000" def="112" sb="1500" ms="1500" bj="2000" bjp="20000" speed="120"/>	
					
	</enemy>
	<enemy id="87">
		<hero id="1083" time="0" snum="16" ap="1912" aspeed="100" hp="15000" def="116" sb="1500" ms="1500" bj="2000" bjp="20000" speed="120"/>
		<hero id="1082" time="20" snum="16" ap="1883" aspeed="100" hp="13500" def="114" sb="1500" ms="1500" bj="2000" bjp="20000" speed="120"/>	
				
	</enemy>
	<enemy id="88">
		<hero id="1084" time="0" snum="16" ap="1935" aspeed="100" hp="14500" def="118" sb="1500" ms="1500" bj="2000" bjp="20000" speed="120"/>	
		<hero id="1083" time="20" snum="16" ap="1912" aspeed="100" hp="15000" def="116" sb="1500" ms="1500" bj="2000" bjp="20000" speed="120"/>
	
	</enemy>
	<enemy id="89">
		<hero id="1085" time="0" snum="16" ap="1953" aspeed="100" hp="16000" def="120" sb="1500" ms="1500" bj="2000" bjp="20000" speed="120"/>		
		<hero id="1084" time="20" snum="16" ap="1935" aspeed="100" hp="14500" def="118" sb="1500" ms="1500" bj="2000" bjp="20000" speed="120"/>

	</enemy>
	<enemy id="90">
		<hero id="1086" time="0" snum="16" ap="1978" aspeed="100" hp="14000" def="122" sb="1500" ms="1500" bj="2000" bjp="20000" speed="120"/>		
		<hero id="1085" time="20" snum="16" ap="1953" aspeed="100" hp="16000" def="120" sb="1500" ms="1500" bj="2000" bjp="20000" speed="120"/>	

	</enemy>
	<enemy id="91">
		<hero id="1087" time="0" snum="16" ap="2003" aspeed="100" hp="14500" def="124" sb="1500" ms="1500" bj="2000" bjp="20000" speed="120"/>	
		<hero id="1086" time="20" snum="16" ap="1978" aspeed="100" hp="14000" def="122" sb="1500" ms="1500" bj="2000" bjp="20000" speed="120"/>	
	
	</enemy>
	<enemy id="92">
		<hero id="1088" time="0" snum="16" ap="2023" aspeed="100" hp="16000" def="126" sb="1500" ms="1500" bj="2000" bjp="20000" speed="120"/>	
		<hero id="1087" time="20" snum="16" ap="2003" aspeed="100" hp="14500" def="124" sb="1500" ms="1500" bj="2000" bjp="20000" speed="120"/>	
	
	</enemy>
	<enemy id="93">
		<hero id="1089" time="0" snum="16" ap="2047" aspeed="100" hp="14500" def="128" sb="1500" ms="1500" bj="2000" bjp="20000" speed="120"/>	
		<hero id="1088" time="20" snum="16" ap="2023" aspeed="100" hp="16000" def="126" sb="1500" ms="1500" bj="2000" bjp="20000" speed="120"/>	
			
	</enemy>
	<enemy id="94">
		<hero id="1090" time="0" snum="16" ap="2062" aspeed="100" hp="14500" def="130" sb="1500" ms="1500" bj="2000" bjp="20000" speed="120"/>	
		<hero id="1089" time="20" snum="16" ap="2047" aspeed="100" hp="14500" def="128" sb="1500" ms="1500" bj="2000" bjp="20000" speed="120"/>	
	
	</enemy>
	<enemy id="95">
		<hero id="1091" time="0" snum="16" ap="2088" aspeed="100" hp="15000" def="132" sb="1500" ms="1500" bj="2000" bjp="20000" speed="120"/>	
		<hero id="1090" time="20" snum="16" ap="2062" aspeed="100" hp="14500" def="130" sb="1500" ms="1500" bj="2000" bjp="20000" speed="120"/>	
	
	</enemy>
	<enemy id="96">
		<hero id="1092" time="0" snum="16" ap="2104" aspeed="100" hp="15500" def="135" sb="1500" ms="1500" bj="2000" bjp="20000" speed="120"/>		
		<hero id="1091" time="20" snum="16" ap="2088" aspeed="100" hp="15000" def="132" sb="1500" ms="1500" bj="2000" bjp="20000" speed="120"/>	
	
	</enemy>
	<enemy id="97">
		<hero id="1093" time="0" snum="16" ap="2145" aspeed="100" hp="16000" def="139" sb="1500" ms="1500" bj="2000" bjp="20000" speed="120"/>	
		<hero id="1092" time="20" snum="16" ap="2104" aspeed="100" hp="15500" def="135" sb="1500" ms="1500" bj="2000" bjp="20000" speed="120"/>	
		
	</enemy>
	<enemy id="98">
		<hero id="1094" time="0" snum="16" ap="2200" aspeed="100" hp="16500" def="143" sb="1500" ms="1500" bj="2000" bjp="20000" speed="120"/>		
		<hero id="1093" time="20" snum="16" ap="2145" aspeed="100" hp="16000" def="139" sb="1500" ms="1500" bj="2000" bjp="20000" speed="120"/>	

	</enemy>
	<enemy id="99">
		<hero id="1095" time="0" snum="16" ap="2800" aspeed="100" hp="26000" def="150" sb="3000" ms="3000" bj="4000" bjp="20000" speed="120"/>		
	</enemy>
	<enemy id="100">
		<hero id="1091" time="0" snum="16" ap="2088" aspeed="100" hp="15000" def="132" sb="2000" ms="2000" bj="2000" bjp="20000" speed="120"/>	
		<hero id="1092" time="0" snum="16" ap="2104" aspeed="100" hp="15500" def="135" sb="2000" ms="2000" bj="2000" bjp="20000" speed="120"/>
		<hero id="1093" time="0" snum="16" ap="2145" aspeed="100" hp="16000" def="139" sb="2000" ms="2000" bj="2000" bjp="20000" speed="120"/>		
		<hero id="1094" time="0" snum="16" ap="2200" aspeed="100" hp="16500" def="143" sb="2000" ms="2000" bj="2000" bjp="20000" speed="120"/>		
		<hero id="1095" time="0" snum="16" ap="2800" aspeed="100" hp="26000" def="180" sb="3000" ms="3000" bj="3000" bjp="20000" speed="120"/>			
	</enemy>
	
	
	
	
	<enemy id="101">
		<hero id="1096" time="0" snum="16" ap="2500" aspeed="120" hp="17000" def="148" sb="1500" ms="1500" bj="2000" bjp="20000" speed="120"/>		
	</enemy>
	<enemy id="102">
		<hero id="1097" time="0" snum="16" ap="2521" aspeed="120" hp="16500" def="151" sb="1500" ms="1500" bj="2000" bjp="20000" speed="120"/>		
		<hero id="1096" time="25" snum="16" ap="2500" aspeed="120" hp="17000" def="148" sb="1500" ms="1500" bj="2000" bjp="20000" speed="120"/>
	</enemy>
	<enemy id="103">
		<hero id="1098" time="0" snum="16" ap="2547" aspeed="120" hp="18000" def="154" sb="1500" ms="1500" bj="2000" bjp="20000" speed="120"/>		
		<hero id="1097" time="25" snum="16" ap="2521" aspeed="120" hp="16500" def="151" sb="1500" ms="1500" bj="2000" bjp="20000" speed="120"/>
		
	</enemy>
	<enemy id="104">
		<hero id="1099" time="0" snum="16" ap="2565" aspeed="120" hp="17500" def="157" sb="1500" ms="1500" bj="2000" bjp="20000" speed="120"/>
		<hero id="1098" time="25" snum="16" ap="2547" aspeed="120" hp="18000" def="154" sb="1500" ms="1500" bj="2000" bjp="20000" speed="120"/>
		
	</enemy>
	<enemy id="105">
		<hero id="1100" time="0" snum="16" ap="2600" aspeed="120" hp="19000" def="160" sb="1500" ms="1500" bj="2000" bjp="20000" speed="120"/>	
		<hero id="1099" time="25" snum="16" ap="2565" aspeed="120" hp="17500" def="157" sb="1500" ms="1500" bj="2000" bjp="20000" speed="120"/>	
	
	</enemy>
	<enemy id="106">
		<hero id="1101" time="0" snum="16" ap="2706" aspeed="120" hp="18500" def="163" sb="1500" ms="1500" bj="2000" bjp="20000" speed="120"/>	
		<hero id="1100" time="25" snum="16" ap="2600" aspeed="120" hp="19000" def="160" sb="1500" ms="1500" bj="2000" bjp="20000" speed="120"/>	
	
	</enemy>
	<enemy id="107">
		<hero id="1102" time="0" snum="16" ap="2732" aspeed="120" hp="17500" def="166" sb="1500" ms="1500" bj="2000" bjp="20000" speed="120"/>		
		<hero id="1101" time="25" snum="16" ap="2706" aspeed="120" hp="18500" def="163" sb="1500" ms="1500" bj="2000" bjp="20000" speed="120"/>	

	</enemy>
	<enemy id="108">
		<hero id="1103" time="0" snum="16" ap="2767" aspeed="120" hp="19500" def="169" sb="1500" ms="1500" bj="2000" bjp="20000" speed="120"/>	
		<hero id="1102" time="25" snum="16" ap="2732" aspeed="120" hp="17500" def="166" sb="1500" ms="1500" bj="2000" bjp="20000" speed="120"/>
	
	</enemy>
	<enemy id="109">
		<hero id="1104" time="0" snum="16" ap="2793" aspeed="120" hp="19000" def="172" sb="1500" ms="1500" bj="2000" bjp="20000" speed="120"/>	
		<hero id="1103" time="25" snum="16" ap="2767" aspeed="120" hp="19500" def="169" sb="1500" ms="1500" bj="2000" bjp="20000" speed="120"/>	
	
	</enemy>
	<enemy id="110">
		<hero id="1105" time="0" snum="16" ap="2824" aspeed="120" hp="20000" def="175" sb="1500" ms="1500" bj="2000" bjp="20000" speed="120"/>	
		<hero id="1104" time="25" snum="16" ap="2793" aspeed="120" hp="19000" def="172" sb="1500" ms="1500" bj="2000" bjp="20000" speed="120"/>	
	
	</enemy>
	<enemy id="111">
		<hero id="1106" time="0" snum="16" ap="2853" aspeed="120" hp="20500" def="177" sb="1500" ms="1500" bj="2000" bjp="20000" speed="120"/>		
		<hero id="1105" time="25" snum="16" ap="2824" aspeed="120" hp="20000" def="175" sb="1500" ms="1500" bj="2000" bjp="20000" speed="120"/>		

	</enemy>
	<enemy id="112">
		<hero id="1107" time="0" snum="16" ap="2887" aspeed="120" hp="21000" def="180" sb="1500" ms="1500" bj="2000" bjp="20000" speed="120"/>	
		<hero id="1106" time="25" snum="16" ap="2853" aspeed="120" hp="20500" def="177" sb="1500" ms="1500" bj="2000" bjp="20000" speed="120"/>	
	
	</enemy>
	<enemy id="113">
		<hero id="1108" time="0" snum="16" ap="3000" aspeed="120" hp="22000" def="190" sb="1500" ms="1500" bj="2000" bjp="20000" speed="120"/>		
		<hero id="1107" time="25" snum="16" ap="2887" aspeed="120" hp="21000" def="180" sb="1500" ms="1500" bj="2000" bjp="20000" speed="120"/>	
	
	</enemy>
	<enemy id="114">
		<hero id="1104" time="0" snum="16" ap="2793" aspeed="120" hp="19000" def="0" sb="1500" ms="1500" bj="2000" bjp="20000" speed="120"/>	
		<hero id="1105" time="0" snum="16" ap="2824" aspeed="120" hp="20000" def="0" sb="1500" ms="1500" bj="2000" bjp="20000" speed="120"/>	
		<hero id="1106" time="0" snum="16" ap="2853" aspeed="120" hp="20500" def="0" sb="1500" ms="1500" bj="2000" bjp="20000" speed="120"/>	
		<hero id="1107" time="0" snum="16" ap="2887" aspeed="120" hp="21000" def="0" sb="1500" ms="1500" bj="2000" bjp="20000" speed="120"/>	
		<hero id="1108" time="0" snum="16" ap="3000" aspeed="120" hp="22000" def="0" sb="1500" ms="1500" bj="2000" bjp="20000" speed="120"/>			
	</enemy>
	
	
	
	
	<enemy id="115">
		<hero id="1109" time="0" snum="16" ap="3000" aspeed="4100" hp="36000" def="250" sb="3000" ms="3500" bj="4000" bjp="20000" speed="130"/>		
	</enemy>
	<enemy id="116">
		<hero id="1110" time="0" snum="16" ap="3031" aspeed="140" hp="23145" def="193" sb="1500" ms="1500" bj="2000" bjp="20000" speed="130"/>			
	</enemy>
	<enemy id="117">
		<hero id="1111" time="0" snum="16" ap="3063" aspeed="140" hp="23248" def="195" sb="1500" ms="1500" bj="2000" bjp="20000" speed="130"/>		
		<hero id="1110" time="30" snum="16" ap="3031" aspeed="140" hp="23145" def="193" sb="1500" ms="1500" bj="2000" bjp="20000" speed="130"/>	

	</enemy>
	<enemy id="118">
		<hero id="1112" time="0" snum="16" ap="3082" aspeed="140" hp="23347" def="197" sb="1500" ms="1500" bj="2000" bjp="20000" speed="130"/>	
		<hero id="1111" time="30" snum="16" ap="3063" aspeed="140" hp="23248" def="195" sb="1500" ms="1500" bj="2000" bjp="20000" speed="130"/>	
	
	</enemy>
	<enemy id="119">
		<hero id="1113" time="0" snum="16" ap="3104" aspeed="140" hp="23478" def="199" sb="1500" ms="1500" bj="2000" bjp="20000" speed="130"/>		
		<hero id="1112" time="30" snum="16" ap="3082" aspeed="140" hp="23347" def="197" sb="1500" ms="1500" bj="2000" bjp="20000" speed="130"/>	

	</enemy>
	<enemy id="120">
		<hero id="1114" time="0" snum="16" ap="3137" aspeed="140" hp="23599" def="202" sb="1500" ms="1500" bj="2000" bjp="20000" speed="130"/>		
		<hero id="1113" time="30" snum="16" ap="3104" aspeed="140" hp="23478" def="199" sb="1500" ms="1500" bj="2000" bjp="20000" speed="130"/>	

	</enemy>
	<enemy id="121">
		<hero id="1115" time="0" snum="16" ap="3163" aspeed="140" hp="23672" def="204" sb="1500" ms="1500" bj="2000" bjp="20000" speed="130"/>		
		<hero id="1114" time="30" snum="16" ap="3137" aspeed="140" hp="23599" def="202" sb="1500" ms="1500" bj="2000" bjp="20000" speed="130"/>	

	</enemy>
	<enemy id="122">
		<hero id="1116" time="0" snum="16" ap="3198" aspeed="140" hp="23785" def="206" sb="1500" ms="1500" bj="2000" bjp="20000" speed="130"/>	
		<hero id="1115" time="30" snum="16" ap="3163" aspeed="140" hp="23672" def="204" sb="1500" ms="1500" bj="2000" bjp="20000" speed="130"/>		
	
	</enemy>
	<enemy id="123">
		<hero id="1117" time="0" snum="16" ap="3224" aspeed="140" hp="23821" def="208" sb="1500" ms="1500" bj="2000" bjp="20000" speed="130"/>	
		<hero id="1116" time="30" snum="16" ap="3198" aspeed="140" hp="23785" def="206" sb="1500" ms="1500" bj="2000" bjp="20000" speed="130"/>
		
	</enemy>
	<enemy id="124">
		<hero id="1118" time="0" snum="16" ap="3255" aspeed="140" hp="23945" def="210" sb="1500" ms="1500" bj="2000" bjp="20000" speed="130"/>	
		<hero id="1117" time="30" snum="16" ap="3224" aspeed="140" hp="23821" def="208" sb="1500" ms="1500" bj="2000" bjp="20000" speed="130"/>	
	
	</enemy>
	<enemy id="125">
		<hero id="1119" time="0" snum="16" ap="3289" aspeed="140" hp="24037" def="212" sb="1500" ms="1500" bj="2000" bjp="20000" speed="130"/>	
		<hero id="1118" time="30" snum="16" ap="3255" aspeed="140" hp="23945" def="210" sb="1500" ms="1500" bj="2000" bjp="20000" speed="130"/>
	
	</enemy>
	<enemy id="126">
		<hero id="1120" time="0" snum="16" ap="3310" aspeed="140" hp="24175" def="214" sb="1500" ms="1500" bj="2000" bjp="20000" speed="130"/>		
		<hero id="1119" time="30" snum="16" ap="3289" aspeed="140" hp="24037" def="212" sb="1500" ms="1500" bj="2000" bjp="20000" speed="130"/>

	</enemy>
	<enemy id="127">
		<hero id="1121" time="0" snum="16" ap="3342" aspeed="140" hp="24231" def="216" sb="1500" ms="1500" bj="2000" bjp="20000" speed="130"/>	
		<hero id="1120" time="30" snum="16" ap="3310" aspeed="140" hp="24175" def="214" sb="1500" ms="1500" bj="2000" bjp="20000" speed="130"/>
	
	</enemy>
	<enemy id="128">
		<hero id="1122" time="0" snum="16" ap="3376" aspeed="140" hp="24356" def="218" sb="1500" ms="1500" bj="2000" bjp="20000" speed="130"/>	
		<hero id="1121" time="30" snum="16" ap="3342" aspeed="140" hp="24231" def="216" sb="1500" ms="1500" bj="2000" bjp="20000" speed="130"/>	
	
	</enemy>
	<enemy id="129">
		<hero id="1123" time="0" snum="16" ap="3404" aspeed="140" hp="24467" def="220" sb="1500" ms="1500" bj="2000" bjp="20000" speed="130"/>	
		<hero id="1122" time="30" snum="16" ap="3376" aspeed="140" hp="24356" def="218" sb="1500" ms="1500" bj="2000" bjp="20000" speed="130"/>
	
	</enemy>
	<enemy id="130">
		<hero id="1124" time="0" snum="16" ap="3438" aspeed="140" hp="24531" def="222" sb="1500" ms="1500" bj="2000" bjp="20000" speed="130"/>	
		<hero id="1123" time="30" snum="16" ap="3404" aspeed="140" hp="24467" def="220" sb="1500" ms="1500" bj="2000" bjp="20000" speed="130"/>		
	
	</enemy>
	<enemy id="131">
		<hero id="1125" time="0" snum="16" ap="3467" aspeed="140" hp="24672" def="224" sb="1500" ms="1500" bj="2000" bjp="20000" speed="130"/>	
		<hero id="1124" time="30" snum="16" ap="3438" aspeed="140" hp="24531" def="222" sb="1500" ms="1500" bj="2000" bjp="20000" speed="130"/>	
	
	</enemy>
	<enemy id="132">
		<hero id="1126" time="0" snum="16" ap="3493" aspeed="140" hp="24793" def="226" sb="1500" ms="1500" bj="2000" bjp="20000" speed="130"/>		
		<hero id="1125" time="30" snum="16" ap="3467" aspeed="140" hp="24672" def="224" sb="1500" ms="1500" bj="2000" bjp="20000" speed="130"/>	

	</enemy>
	<enemy id="133">
		<hero id="1127" time="0" snum="16" ap="3521" aspeed="140" hp="24922" def="228" sb="1500" ms="1500" bj="2000" bjp="20000" speed="130"/>	
		<hero id="1126" time="30" snum="16" ap="3493" aspeed="140" hp="24793" def="226" sb="1500" ms="1500" bj="2000" bjp="20000" speed="130"/>
		
	</enemy>
	<enemy id="134">
		<hero id="1128" time="0" snum="16" ap="3550" aspeed="140" hp="25304" def="230" sb="1500" ms="1500" bj="2000" bjp="20000" speed="130"/>		
		<hero id="1127" time="30" snum="16" ap="3521" aspeed="140" hp="24922" def="228" sb="1500" ms="1500" bj="2000" bjp="20000" speed="130"/>	

	</enemy>
	<enemy id="135">
		<hero id="1129" time="0" snum="16" ap="3600" aspeed="140" hp="26000" def="240" sb="1500" ms="1500" bj="2000" bjp="20000" speed="130"/>	
		<hero id="1128" time="30" snum="16" ap="3550" aspeed="140" hp="25304" def="230" sb="1500" ms="1500" bj="2000" bjp="20000" speed="130"/>	
	
	</enemy>
	<enemy id="136">
		<hero id="1125" time="0" snum="16" ap="3467" aspeed="140" hp="24672" def="224" sb="1500" ms="1500" bj="2000" bjp="20000" speed="130"/>	
		<hero id="1126" time="0" snum="16" ap="3493" aspeed="140" hp="24793" def="226" sb="1500" ms="1500" bj="2000" bjp="20000" speed="130"/>
		<hero id="1127" time="0" snum="16" ap="3521" aspeed="140" hp="24922" def="228" sb="1500" ms="1500" bj="2000" bjp="20000" speed="130"/>	
		<hero id="1128" time="0" snum="16" ap="3550" aspeed="140" hp="25304" def="230" sb="1500" ms="1500" bj="2000" bjp="20000" speed="130"/>		
		<hero id="1129" time="0" snum="16" ap="3600" aspeed="140" hp="26000" def="240" sb="1500" ms="1500" bj="2000" bjp="20000" speed="130"/>				
	</enemy>
	
	
	
	
	<enemy id="137">
		<hero id="1130" time="0" snum="16" ap="3600" aspeed="160" hp="23578" def="200" sb="2000" ms="1500" bj="2000" bjp="20000" speed="130"/>		
	</enemy>
	<enemy id="138">
		<hero id="1131" time="0" snum="16" ap="3641" aspeed="160" hp="23982" def="200" sb="2000" ms="1500" bj="2000" bjp="20000" speed="130"/>		
		<hero id="1130" time="30" snum="16" ap="3600" aspeed="160" hp="23578" def="200" sb="2000" ms="1500" bj="2000" bjp="20000" speed="130"/>	

	</enemy>
	<enemy id="139">
		<hero id="1132" time="0" snum="16" ap="3700" aspeed="160" hp="36000" def="280" sb="3500" ms="3500" bj="4000" bjp="20000" speed="130"/>		
	</enemy>
	<enemy id="140">
		<hero id="1133" time="0" snum="16" ap="3741" aspeed="160" hp="24032" def="202" sb="2000" ms="1500" bj="2000" bjp="20000" speed="130"/>		
		<hero id="1130" time="30" snum="16" ap="3600" aspeed="160" hp="23578" def="200" sb="2000" ms="1500" bj="2000" bjp="20000" speed="130"/>	
		<hero id="1131" time="60" snum="16" ap="3641" aspeed="160" hp="23982" def="200" sb="2000" ms="1500" bj="2000" bjp="20000" speed="130"/>		

	</enemy>
	<enemy id="141">
		<hero id="1134" time="0" snum="16" ap="3792" aspeed="160" hp="24232" def="204" sb="2000" ms="1500" bj="2000" bjp="20000" speed="130"/>	
		<hero id="1131" time="30" snum="16" ap="3641" aspeed="160" hp="23982" def="200" sb="2000" ms="1500" bj="2000" bjp="20000" speed="130"/>	
		<hero id="1133" time="60" snum="16" ap="3741" aspeed="160" hp="24032" def="202" sb="2000" ms="1500" bj="2000" bjp="20000" speed="130"/>	
	
	</enemy>
	<enemy id="142">
		<hero id="1135" time="0" snum="16" ap="3853" aspeed="160" hp="24567" def="206" sb="2000" ms="1500" bj="2000" bjp="20000" speed="130"/>		
		<hero id="1133" time="30" snum="16" ap="3741" aspeed="160" hp="24032" def="202" sb="2000" ms="1500" bj="2000" bjp="20000" speed="130"/>
		<hero id="1134" time="60" snum="16" ap="3792" aspeed="160" hp="24232" def="204" sb="2000" ms="1500" bj="2000" bjp="20000" speed="130"/>

	</enemy>
	<enemy id="143">
		<hero id="1136" time="0" snum="16" ap="3924" aspeed="160" hp="24735" def="208" sb="2000" ms="1500" bj="2000" bjp="20000" speed="130"/>	
		<hero id="1134" time="30" snum="16" ap="3792" aspeed="160" hp="24232" def="204" sb="2000" ms="1500" bj="2000" bjp="20000" speed="130"/>
		<hero id="1135" time="60" snum="16" ap="3853" aspeed="160" hp="24567" def="206" sb="2000" ms="1500" bj="2000" bjp="20000" speed="130"/>	
	
	</enemy>
	<enemy id="144">
		<hero id="1137" time="0" snum="16" ap="3975" aspeed="160" hp="24909" def="210" sb="2000" ms="1500" bj="2000" bjp="20000" speed="130"/>	
		<hero id="1135" time="30" snum="16" ap="3853" aspeed="160" hp="24567" def="206" sb="2000" ms="1500" bj="2000" bjp="20000" speed="130"/>
		<hero id="1136" time="60" snum="16" ap="3924" aspeed="160" hp="24735" def="208" sb="2000" ms="1500" bj="2000" bjp="20000" speed="130"/>		
	
	</enemy>
	<enemy id="145">
		<hero id="1138" time="0" snum="16" ap="4027" aspeed="160" hp="25207" def="212" sb="2000" ms="1500" bj="2000" bjp="20000" speed="130"/>	
		<hero id="1136" time="30" snum="16" ap="3924" aspeed="160" hp="24735" def="208" sb="2000" ms="1500" bj="2000" bjp="20000" speed="130"/>
		<hero id="1137" time="60" snum="16" ap="3975" aspeed="160" hp="24909" def="210" sb="2000" ms="1500" bj="2000" bjp="20000" speed="130"/>	
	
	</enemy>
	<enemy id="146">
		<hero id="1139" time="0" snum="16" ap="4067" aspeed="160" hp="25498" def="214" sb="2000" ms="1500" bj="2000" bjp="20000" speed="130"/>		
		<hero id="1137" time="30" snum="16" ap="3975" aspeed="160" hp="24909" def="210" sb="2000" ms="1500" bj="2000" bjp="20000" speed="130"/>	
		<hero id="1138" time="60" snum="16" ap="4027" aspeed="160" hp="25207" def="212" sb="2000" ms="1500" bj="2000" bjp="20000" speed="130"/>		

	</enemy>
	<enemy id="147">
		<hero id="1140" time="0" snum="16" ap="4098" aspeed="160" hp="25682" def="216" sb="2000" ms="1500" bj="2000" bjp="20000" speed="130"/>		
		<hero id="1138" time="30" snum="16" ap="4027" aspeed="160" hp="25207" def="212" sb="2000" ms="1500" bj="2000" bjp="20000" speed="130"/>	
		<hero id="1139" time="60" snum="16" ap="4067" aspeed="160" hp="25498" def="214" sb="2000" ms="1500" bj="2000" bjp="20000" speed="130"/>		

	</enemy>
	<enemy id="148">
		<hero id="1141" time="0" snum="16" ap="4135" aspeed="160" hp="25803" def="218" sb="2000" ms="1500" bj="2000" bjp="20000" speed="130"/>		
		<hero id="1139" time="30" snum="16" ap="4067" aspeed="160" hp="25498" def="214" sb="2000" ms="1500" bj="2000" bjp="20000" speed="130"/>	
		<hero id="1140" time="60" snum="16" ap="4098" aspeed="160" hp="25682" def="216" sb="2000" ms="1500" bj="2000" bjp="20000" speed="130"/>		

	</enemy>
	<enemy id="149">
		<hero id="1142" time="0" snum="16" ap="4198" aspeed="160" hp="26032" def="220" sb="2000" ms="1500" bj="2000" bjp="20000" speed="130"/>	
		<hero id="1140" time="30" snum="16" ap="4098" aspeed="160" hp="25682" def="216" sb="2000" ms="1500" bj="2000" bjp="20000" speed="130"/>	
		<hero id="1141" time="60" snum="16" ap="4135" aspeed="160" hp="25803" def="218" sb="2000" ms="1500" bj="2000" bjp="20000" speed="130"/>	
	
	</enemy>
	<enemy id="150">
		<hero id="1143" time="0" snum="16" ap="4232" aspeed="160" hp="26351" def="222" sb="2000" ms="1500" bj="2000" bjp="20000" speed="130"/>	
		<hero id="1141" time="30" snum="16" ap="4135" aspeed="160" hp="25803" def="218" sb="2000" ms="1500" bj="2000" bjp="20000" speed="130"/>
		<hero id="1142" time="60" snum="16" ap="4198" aspeed="160" hp="26032" def="220" sb="2000" ms="1500" bj="2000" bjp="20000" speed="130"/>	
	
	</enemy>
	<enemy id="151">
		<hero id="1144" time="0" snum="16" ap="4250" aspeed="160" hp="26578" def="224" sb="2000" ms="1500" bj="2000" bjp="20000" speed="130"/>
		<hero id="1142" time="30" snum="16" ap="4198" aspeed="160" hp="26032" def="220" sb="2000" ms="1500" bj="2000" bjp="20000" speed="130"/>	
		<hero id="1143" time="60" snum="16" ap="4232" aspeed="160" hp="26351" def="222" sb="2000" ms="1500" bj="2000" bjp="20000" speed="130"/>	
		
	</enemy>
	<enemy id="152">
		<hero id="1145" time="0" snum="16" ap="4313" aspeed="160" hp="26871" def="226" sb="2000" ms="1500" bj="2000" bjp="20000" speed="130"/>
		<hero id="1143" time="30" snum="16" ap="4232" aspeed="160" hp="26351" def="222" sb="2000" ms="1500" bj="2000" bjp="20000" speed="130"/>	
		<hero id="1144" time="60" snum="16" ap="4250" aspeed="160" hp="26578" def="224" sb="2000" ms="1500" bj="2000" bjp="20000" speed="130"/>	
		
	</enemy>
	<enemy id="153">
		<hero id="1146" time="0" snum="16" ap="4355" aspeed="160" hp="27359" def="228" sb="2000" ms="1500" bj="2000" bjp="20000" speed="130"/>		
		<hero id="1144" time="30" snum="16" ap="4250" aspeed="160" hp="26578" def="224" sb="2000" ms="1500" bj="2000" bjp="20000" speed="130"/>	
		<hero id="1145" time="60" snum="16" ap="4313" aspeed="160" hp="26871" def="226" sb="2000" ms="1500" bj="2000" bjp="20000" speed="130"/>		

	</enemy>
	<enemy id="154">	
		<hero id="1147" time="0" snum="16" ap="4400" aspeed="160" hp="28000" def="230" sb="2000" ms="1500" bj="2000" bjp="20000" speed="130"/>	
		<hero id="1145" time="30" snum="16" ap="4313" aspeed="160" hp="26871" def="226" sb="2000" ms="1500" bj="2000" bjp="20000" speed="130"/>		
		<hero id="1146" time="60" snum="16" ap="4355" aspeed="160" hp="27359" def="228" sb="2000" ms="1500" bj="2000" bjp="20000" speed="130"/>
	
	</enemy>
	<enemy id="155">
		<hero id="1132" time="0" snum="16" ap="3700" aspeed="160" hp="36000" def="280" sb="2000" ms="2000" bj="3000" bjp="20000" speed="130"/>	
		<hero id="1144" time="0" snum="16" ap="4250" aspeed="160" hp="26578" def="224" sb="2000" ms="1500" bj="2000" bjp="20000" speed="130"/>	
		<hero id="1145" time="0" snum="16" ap="4313" aspeed="160" hp="26871" def="226" sb="2000" ms="1500" bj="2000" bjp="20000" speed="130"/>		
		<hero id="1146" time="0" snum="16" ap="4355" aspeed="160" hp="27359" def="228" sb="2000" ms="1500" bj="2000" bjp="20000" speed="130"/>
		<hero id="1147" time="0" snum="16" ap="4400" aspeed="160" hp="28000" def="230" sb="2000" ms="1500" bj="2000" bjp="20000" speed="130"/>	
	</enemy>
	
	
	
	
	<enemy id="156">
		<hero id="1148" time="0" snum="25" ap="4431" aspeed="180" hp="40371" def="230" sb="3500" ms="4000" bj="4000" bjp="20000" speed="140"/>		
	</enemy>
	<enemy id="157">
		<hero id="1149" time="0" snum="25" ap="4478" aspeed="180" hp="28867" def="230" sb="2000" ms="2000" bj="2000" bjp="20000" speed="140"/>		
	</enemy>
	<enemy id="158">
		<hero id="1150" time="0" snum="25" ap="4504" aspeed="180" hp="28987" def="232" sb="2000" ms="2000" bj="2000" bjp="20000" speed="140"/>		
		<hero id="1149" time="30" snum="25" ap="4478" aspeed="180" hp="28867" def="230" sb="2000" ms="2000" bj="2000" bjp="20000" speed="140"/>

	</enemy>
	<enemy id="159">
		<hero id="1151" time="0" snum="16" ap="4537" aspeed="180" hp="28767" def="234" sb="2000" ms="2000" bj="2000" bjp="20000" speed="140"/>		
		<hero id="1149" time="30" snum="16" ap="4478" aspeed="180" hp="28867" def="230" sb="2000" ms="2000" bj="2000" bjp="20000" speed="140"/>
		<hero id="1150" time="50" snum="16" ap="4504" aspeed="180" hp="28987" def="232" sb="2000" ms="2000" bj="2000" bjp="20000" speed="140"/>	

	</enemy>
	<enemy id="160">
		<hero id="1152" time="0" snum="16" ap="4568" aspeed="180" hp="28641" def="236" sb="2000" ms="2000" bj="2000" bjp="20000" speed="140"/>	
		<hero id="1150" time="30" snum="16" ap="4504" aspeed="180" hp="28987" def="232" sb="2000" ms="2000" bj="2000" bjp="20000" speed="140"/>	
		<hero id="1151" time="50" snum="16" ap="4537" aspeed="180" hp="28767" def="234" sb="2000" ms="2000" bj="2000" bjp="20000" speed="140"/>	
	
	</enemy>
	<enemy id="161">
		<hero id="1153" time="0" snum="16" ap="4603" aspeed="180" hp="28768" def="238" sb="2000" ms="2000" bj="2000" bjp="20000" speed="140"/>	
		<hero id="1151" time="30" snum="16" ap="4537" aspeed="180" hp="28767" def="234" sb="2000" ms="2000" bj="2000" bjp="20000" speed="140"/>	
		<hero id="1152" time="50" snum="16" ap="4568" aspeed="180" hp="28641" def="236" sb="2000" ms="2000" bj="2000" bjp="20000" speed="140"/>
	
	</enemy>
	<enemy id="162">
		<hero id="1154" time="0" snum="16" ap="4641" aspeed="180" hp="28741" def="240" sb="2000" ms="2000" bj="2000" bjp="20000" speed="140"/>	
		<hero id="1152" time="30" snum="16" ap="4568" aspeed="180" hp="28641" def="236" sb="2000" ms="2000" bj="2000" bjp="20000" speed="140"/>
		<hero id="1153" time="50" snum="16" ap="4603" aspeed="180" hp="28768" def="238" sb="2000" ms="2000" bj="2000" bjp="20000" speed="140"/>		
	
	</enemy>
	<enemy id="163">
		<hero id="1155" time="0" snum="16" ap="4675" aspeed="180" hp="29674" def="242" sb="2000" ms="2000" bj="2000" bjp="20000" speed="140"/>		
		<hero id="1153" time="30" snum="16" ap="4603" aspeed="180" hp="28768" def="238" sb="2000" ms="2000" bj="2000" bjp="20000" speed="140"/>		
		<hero id="1154" time="50" snum="16" ap="4641" aspeed="180" hp="28741" def="240" sb="2000" ms="2000" bj="2000" bjp="20000" speed="140"/>	

	</enemy>
	<enemy id="164">
		<hero id="1156" time="0" snum="16" ap="4708" aspeed="180" hp="29765" def="244" sb="2000" ms="2000" bj="2000" bjp="20000" speed="140"/>		
		<hero id="1154" time="30" snum="16" ap="4641" aspeed="180" hp="28741" def="240" sb="2000" ms="2000" bj="2000" bjp="20000" speed="140"/>	
		<hero id="1155" time="50" snum="16" ap="4675" aspeed="180" hp="29674" def="242" sb="2000" ms="2000" bj="2000" bjp="20000" speed="140"/>		

	</enemy>
	<enemy id="165">
		<hero id="1157" time="0" snum="16" ap="4742" aspeed="180" hp="29420" def="246" sb="2000" ms="2000" bj="2000" bjp="20000" speed="140"/>	
		<hero id="1155" time="30" snum="16" ap="4675" aspeed="180" hp="29674" def="242" sb="2000" ms="2000" bj="2000" bjp="20000" speed="140"/>		
		<hero id="1156" time="50" snum="16" ap="4708" aspeed="180" hp="29765" def="244" sb="2000" ms="2000" bj="2000" bjp="20000" speed="140"/>	
	
	</enemy>
	<enemy id="166">
		<hero id="1158" time="0" snum="16" ap="4788" aspeed="180" hp="42047" def="248" sb="4000" ms="4000" bj="4000" bjp="20000" speed="140"/>		
	</enemy>
	<enemy id="167">
		<hero id="1159" time="0" snum="16" ap="4821" aspeed="180" hp="30785" def="250" sb="2000" ms="2000" bj="2000" bjp="20000" speed="140"/>	
		<hero id="1156" time="30" snum="16" ap="4708" aspeed="180" hp="29765" def="244" sb="2000" ms="2000" bj="2000" bjp="20000" speed="140"/>	
		<hero id="1157" time="50" snum="16" ap="4742" aspeed="180" hp="29420" def="246" sb="2000" ms="2000" bj="2000" bjp="20000" speed="140"/>	
	
	</enemy>
	<enemy id="168">
		<hero id="1160" time="0" snum="16" ap="4869" aspeed="180" hp="30737" def="252" sb="2000" ms="2000" bj="2000" bjp="20000" speed="140"/>		
		<hero id="1157" time="30" snum="16" ap="4742" aspeed="180" hp="29420" def="246" sb="2000" ms="2000" bj="2000" bjp="20000" speed="140"/>	
		<hero id="1159" time="50" snum="16" ap="4821" aspeed="180" hp="30785" def="250" sb="2000" ms="2000" bj="2000" bjp="20000" speed="140"/>

	</enemy>
	<enemy id="169">
		<hero id="1161" time="0" snum="16" ap="4903" aspeed="180" hp="30892" def="254" sb="2000" ms="2000" bj="2000" bjp="20000" speed="140"/>		
		<hero id="1159" time="30" snum="16" ap="4821" aspeed="180" hp="30785" def="250" sb="2000" ms="2000" bj="2000" bjp="20000" speed="140"/>
		<hero id="1160" time="50" snum="16" ap="4869" aspeed="180" hp="30737" def="252" sb="2000" ms="2000" bj="2000" bjp="20000" speed="140"/>	

	</enemy>
	<enemy id="170">
		<hero id="1162" time="0" snum="16" ap="4957" aspeed="180" hp="31278" def="256" sb="2000" ms="2000" bj="2000" bjp="20000" speed="140"/>	
		<hero id="1160" time="30" snum="16" ap="4869" aspeed="180" hp="30737" def="252" sb="2000" ms="2000" bj="2000" bjp="20000" speed="140"/>	
		<hero id="1161" time="50" snum="16" ap="4903" aspeed="180" hp="30892" def="254" sb="2000" ms="2000" bj="2000" bjp="20000" speed="140"/>		
	
	</enemy>
	<enemy id="171">
		<hero id="1163" time="0" snum="16" ap="5031" aspeed="180" hp="31878" def="258" sb="2000" ms="2000" bj="2000" bjp="20000" speed="140"/>		
		<hero id="1161" time="30" snum="16" ap="4903" aspeed="180" hp="30892" def="254" sb="2000" ms="2000" bj="2000" bjp="20000" speed="140"/>	
		<hero id="1162" time="50" snum="16" ap="4957" aspeed="180" hp="31278" def="256" sb="2000" ms="2000" bj="2000" bjp="20000" speed="140"/>	

	</enemy>
	<enemy id="172">
		<hero id="1164" time="0" snum="16" ap="5200" aspeed="180" hp="32000" def="260" sb="2000" ms="2000" bj="2000" bjp="20000" speed="140"/>	
		<hero id="1162" time="30" snum="16" ap="4957" aspeed="180" hp="31278" def="256" sb="2000" ms="2000" bj="2000" bjp="20000" speed="140"/>	
		<hero id="1163" time="50" snum="16" ap="5031" aspeed="180" hp="31878" def="258" sb="2000" ms="2000" bj="2000" bjp="20000" speed="140"/>		
	
	</enemy>
	<enemy id="173">
		<hero id="1148" time="0" snum="0" ap="4431" aspeed="180" hp="40371" def="230" sb="2500" ms="2500" bj="2500" bjp="20000" speed="140"/>		
		<hero id="1158" time="0" snum="0" ap="4788" aspeed="180" hp="42047" def="248" sb="2500" ms="2500" bj="2500" bjp="20000" speed="140"/>		
		<hero id="1159" time="0" snum="0" ap="4821" aspeed="180" hp="30785" def="250" sb="2000" ms="2000" bj="2000" bjp="20000" speed="140"/>	
		<hero id="1163" time="0" snum="0" ap="5031" aspeed="180" hp="31878" def="258" sb="2000" ms="2000" bj="2000" bjp="20000" speed="140"/>	
		<hero id="1164" time="0" snum="0" ap="5200" aspeed="180" hp="32000" def="260" sb="2000" ms="2000" bj="2000" bjp="20000" speed="140"/>				
	</enemy>
	
	
	
	
	<enemy id="174">
		<hero id="1165" time="0" snum="25" ap="5231" aspeed="200" hp="32248" def="270" sb="2000" ms="2000" bj="2000" bjp="20000" speed="140"/>		
	</enemy>
	<enemy id="175">
		<hero id="1166" time="0" snum="25" ap="5278" aspeed="200" hp="32457" def="272" sb="2000" ms="2000" bj="2000" bjp="20000" speed="140"/>		
		<hero id="1165" time="20" snum="25" ap="5231" aspeed="200" hp="32248" def="270" sb="2000" ms="2000" bj="2000" bjp="20000" speed="140"/>

	</enemy>
	<enemy id="176">
		<hero id="1167" time="0" snum="25" ap="5307" aspeed="200" hp="41000" def="274" sb="4000" ms="4000" bj="5000" bjp="20000" speed="140"/>		
	</enemy>
	<enemy id="177">
		<hero id="1168" time="0" snum="16" ap="5351" aspeed="200" hp="32972" def="276" sb="2000" ms="2000" bj="2000" bjp="20000" speed="140"/>		
		<hero id="1165" time="20" snum="16" ap="5231" aspeed="200" hp="32248" def="270" sb="2000" ms="2000" bj="2000" bjp="20000" speed="140"/>
		<hero id="1166" time="40" snum="16" ap="5278" aspeed="200" hp="32457" def="272" sb="2000" ms="2000" bj="2000" bjp="20000" speed="140"/>

	</enemy>
	<enemy id="178">
		<hero id="1169" time="0" snum="16" ap="5394" aspeed="200" hp="33312" def="278" sb="2000" ms="2000" bj="2000" bjp="20000" speed="140"/>	
		<hero id="1166" time="20" snum="16" ap="5278" aspeed="200" hp="32457" def="272" sb="2000" ms="2000" bj="2000" bjp="20000" speed="140"/>
		<hero id="1168" time="40" snum="16" ap="5351" aspeed="200" hp="32972" def="276" sb="2000" ms="2000" bj="2000" bjp="20000" speed="140"/>	
	
	</enemy>
	<enemy id="179">
		<hero id="1170" time="0" snum="16" ap="5432" aspeed="200" hp="33678" def="280" sb="2000" ms="2000" bj="2000" bjp="20000" speed="140"/>		
		<hero id="1168" time="20" snum="16" ap="5351" aspeed="200" hp="32972" def="276" sb="2000" ms="2000" bj="2000" bjp="20000" speed="140"/>	
		<hero id="1169" time="40" snum="16" ap="5394" aspeed="200" hp="33312" def="278" sb="2000" ms="2000" bj="2000" bjp="20000" speed="140"/>	

	</enemy>
	<enemy id="180">
		<hero id="1171" time="0" snum="16" ap="5467" aspeed="200" hp="33951" def="282" sb="2000" ms="2000" bj="2000" bjp="20000" speed="140"/>	
		<hero id="1170" time="20" snum="16" ap="5432" aspeed="200" hp="33678" def="280" sb="2000" ms="2000" bj="2000" bjp="20000" speed="140"/>
	
	</enemy>
	<enemy id="181">
		<hero id="1172" time="0" snum="16" ap="5492" aspeed="200" hp="34231" def="284" sb="2000" ms="2000" bj="2000" bjp="20000" speed="140"/>	
		<hero id="1170" time="20" snum="16" ap="5432" aspeed="200" hp="33678" def="280" sb="2000" ms="2000" bj="2000" bjp="20000" speed="140"/>
		<hero id="1171" time="40" snum="16" ap="5467" aspeed="200" hp="33951" def="282" sb="2000" ms="2000" bj="2000" bjp="20000" speed="140"/>	
	
	</enemy>
	<enemy id="182">
		<hero id="1173" time="0" snum="16" ap="5541" aspeed="200" hp="34671" def="286" sb="2000" ms="2000" bj="2000" bjp="20000" speed="140"/>		
		<hero id="1171" time="20" snum="16" ap="5467" aspeed="200" hp="33951" def="282" sb="2000" ms="2000" bj="2000" bjp="20000" speed="140"/>	
		<hero id="1172" time="40" snum="16" ap="5492" aspeed="200" hp="34231" def="284" sb="2000" ms="2000" bj="2000" bjp="20000" speed="140"/>	

	</enemy>
	<enemy id="183">
		<hero id="1174" time="0" snum="16" ap="5599" aspeed="200" hp="35101" def="288" sb="2000" ms="2000" bj="2000" bjp="20000" speed="140"/>		
		<hero id="1172" time="20" snum="16" ap="5492" aspeed="200" hp="34231" def="284" sb="2000" ms="2000" bj="2000" bjp="20000" speed="140"/>	
		<hero id="1173" time="40" snum="16" ap="5541" aspeed="200" hp="34671" def="286" sb="2000" ms="2000" bj="2000" bjp="20000" speed="140"/>	

	</enemy>
	<enemy id="184">
		<hero id="1175" time="0" snum="16" ap="5632" aspeed="200" hp="35372" def="290" sb="2000" ms="2000" bj="2000" bjp="20000" speed="140"/>		
		<hero id="1173" time="20" snum="16" ap="5541" aspeed="200" hp="34671" def="286" sb="2000" ms="2000" bj="2000" bjp="20000" speed="140"/>	
		<hero id="1174" time="40" snum="16" ap="5599" aspeed="200" hp="35101" def="288" sb="2000" ms="2000" bj="2000" bjp="20000" speed="140"/>	

	</enemy>
	<enemy id="185">
		<hero id="1176" time="0" snum="25" ap="5687" aspeed="200" hp="43000" def="292" sb="4000" ms="4500" bj="5000" bjp="20000" speed="140"/>		
	</enemy>
	<enemy id="186">
		<hero id="1177" time="0" snum="16" ap="5721" aspeed="200" hp="36732" def="294" sb="2000" ms="2000" bj="2000" bjp="20000" speed="140"/>	
		<hero id="1174" time="20" snum="16" ap="5599" aspeed="200" hp="35101" def="288" sb="2000" ms="2000" bj="2000" bjp="20000" speed="140"/>	
		<hero id="1175" time="40" snum="16" ap="5632" aspeed="200" hp="35372" def="290" sb="2000" ms="2000" bj="2000" bjp="20000" speed="140"/>	
	
	</enemy>
	<enemy id="187">
		<hero id="1178" time="0" snum="16" ap="5764" aspeed="200" hp="36985" def="296" sb="2000" ms="2000" bj="2000" bjp="20000" speed="140"/>	
		<hero id="1175" time="20" snum="16" ap="5632" aspeed="200" hp="35372" def="290" sb="2000" ms="2000" bj="2000" bjp="20000" speed="140"/>	
		<hero id="1177" time="40" snum="16" ap="5721" aspeed="200" hp="36732" def="294" sb="2000" ms="2000" bj="2000" bjp="20000" speed="140"/>	
	
	</enemy>
	<enemy id="188">
		<hero id="1179" time="0" snum="16" ap="5799" aspeed="200" hp="37032" def="298" sb="2000" ms="2000" bj="2000" bjp="20000" speed="140"/>	
		<hero id="1177" time="20" snum="16" ap="5721" aspeed="200" hp="36732" def="294" sb="2000" ms="2000" bj="2000" bjp="20000" speed="140"/>	
		<hero id="1178" time="40" snum="16" ap="5764" aspeed="200" hp="36985" def="296" sb="2000" ms="2000" bj="2000" bjp="20000" speed="140"/>	
	
	</enemy>
	<enemy id="189">
		<hero id="1180" time="0" snum="16" ap="5842" aspeed="200" hp="37335" def="300" sb="2000" ms="2000" bj="2000" bjp="20000" speed="140"/>		
		<hero id="1178" time="20" snum="16" ap="5764" aspeed="200" hp="36985" def="296" sb="2000" ms="2000" bj="2000" bjp="20000" speed="140"/>	
		<hero id="1179" time="40" snum="16" ap="5799" aspeed="200" hp="37032" def="298" sb="2000" ms="2000" bj="2000" bjp="20000" speed="140"/>

	</enemy>
	<enemy id="190">
		<hero id="1181" time="0" snum="16" ap="5881" aspeed="200" hp="37661" def="302" sb="2000" ms="2000" bj="2000" bjp="20000" speed="140"/>	
		<hero id="1179" time="20" snum="16" ap="5799" aspeed="200" hp="37032" def="298" sb="2000" ms="2000" bj="2000" bjp="20000" speed="140"/>
		<hero id="1180" time="40" snum="16" ap="5842" aspeed="200" hp="37335" def="300" sb="2000" ms="2000" bj="2000" bjp="20000" speed="140"/>
	
	</enemy>
	<enemy id="191">
		<hero id="1182" time="0" snum="16" ap="5973" aspeed="200" hp="37927" def="304" sb="2000" ms="2000" bj="2000" bjp="20000" speed="140"/>		
		<hero id="1180" time="20" snum="16" ap="5842" aspeed="200" hp="37335" def="300" sb="2000" ms="2000" bj="2000" bjp="20000" speed="140"/>
		<hero id="1181" time="40" snum="16" ap="5881" aspeed="200" hp="37661" def="302" sb="2000" ms="2000" bj="2000" bjp="20000" speed="140"/>

	</enemy>
	<enemy id="192">
		<hero id="1183" time="0" snum="16" ap="6021" aspeed="200" hp="38420" def="306" sb="2000" ms="2000" bj="2000" bjp="20000" speed="140"/>		
		<hero id="1181" time="20" snum="16" ap="5881" aspeed="200" hp="37661" def="302" sb="2000" ms="2000" bj="2000" bjp="20000" speed="140"/>
		<hero id="1182" time="40" snum="16" ap="5973" aspeed="200" hp="37927" def="304" sb="2000" ms="2000" bj="2000" bjp="20000" speed="140"/>

	</enemy>
	<enemy id="193">
		<hero id="1184" time="0" snum="25" ap="7000" aspeed="200" hp="45000" def="308" sb="4500" ms="4500" bj="5000" bjp="20000" speed="140"/>		
	</enemy>
	<enemy id="194">
		<hero id="1185" time="0" snum="16" ap="6200" aspeed="200" hp="39000" def="310" sb="2000" ms="2000" bj="2000" bjp="20000" speed="140"/>	
		<hero id="1183" time="20" snum="16" ap="6021" aspeed="200" hp="38420" def="306" sb="2000" ms="2000" bj="2000" bjp="20000" speed="140"/>
		<hero id="1184" time="40" snum="16" ap="7000" aspeed="200" hp="45000" def="308" sb="3000" ms="3000" bj="3500" bjp="20000" speed="140"/>
	
	</enemy>
	<enemy id="195">
		<hero id="1177" time="0" snum="16" ap="5721" aspeed="200" hp="36732" def="294" sb="2000" ms="2000" bj="2000" bjp="20000" speed="140"/>		
		<hero id="1167" time="0" snum="16" ap="5307" aspeed="200" hp="41000" def="274" sb="2500" ms="2500" bj="3000" bjp="20000" speed="140"/>		
		<hero id="1176" time="0" snum="16" ap="5687" aspeed="200" hp="43000" def="292" sb="2500" ms="2500" bj="3000" bjp="20000" speed="140"/>			
		<hero id="1184" time="0" snum="16" ap="7000" aspeed="200" hp="45000" def="308" sb="3000" ms="3000" bj="3500" bjp="20000" speed="140"/>	
		<hero id="1185" time="0" snum="16" ap="6200" aspeed="200" hp="39000" def="310" sb="2000" ms="2000" bj="2000" bjp="20000" speed="140"/>			
	</enemy>
	
	
	
	
	<enemy id="196">
		<hero id="1186" time="0" snum="25" ap="8000" aspeed="200" hp="45000" def="450" sb="4500" ms="5000" bj="5000" bjp="20000" speed="150"/>		
	</enemy>
	<enemy id="197">
		<hero id="1187" time="0" snum="25" ap="6314" aspeed="200" hp="39354" def="315" sb="6000" ms="3000" bj="2500" bjp="20000" speed="150"/>		
	</enemy>
	<enemy id="198">
		<hero id="1188" time="0" snum="25" ap="6387" aspeed="200" hp="39471" def="320" sb="2500" ms="2500" bj="2500" bjp="20000" speed="150"/>	
		<hero id="1187" time="20" snum="25" ap="6314" aspeed="200" hp="39354" def="315" sb="2500" ms="2500" bj="2500" bjp="20000" speed="150"/>	
		
	</enemy>
	<enemy id="199">
		<hero id="1189" time="0" snum="16" ap="6453" aspeed="200" hp="39657" def="325" sb="2500" ms="2500" bj="2500" bjp="20000" speed="150"/>	
		<hero id="1187" time="20" snum="16" ap="6314" aspeed="200" hp="39354" def="315" sb="2500" ms="2500" bj="2500" bjp="20000" speed="150"/>	
		<hero id="1188" time="30" snum="16" ap="6387" aspeed="200" hp="39471" def="320" sb="2500" ms="2500" bj="2500" bjp="20000" speed="150"/>	
	
	</enemy>
	<enemy id="200">
		<hero id="1190" time="0" snum="16" ap="6521" aspeed="200" hp="39781" def="330" sb="2500" ms="2500" bj="2500" bjp="20000" speed="150"/>	
		<hero id="1188" time="20" snum="16" ap="6387" aspeed="200" hp="39471" def="320" sb="2500" ms="2500" bj="2500" bjp="20000" speed="150"/>	
		<hero id="1189" time="30" snum="16" ap="6453" aspeed="200" hp="39657" def="325" sb="2500" ms="2500" bj="2500" bjp="20000" speed="150"/>	

	</enemy>
	<enemy id="201">
		<hero id="1191" time="0" snum="16" ap="6583" aspeed="200" hp="39862" def="335" sb="2500" ms="2500" bj="2500" bjp="20000" speed="150"/>	
		<hero id="1189" time="20" snum="16" ap="6453" aspeed="200" hp="39657" def="325" sb="2500" ms="2500" bj="2500" bjp="20000" speed="150"/>	
		<hero id="1190" time="30" snum="16" ap="6521" aspeed="200" hp="39781" def="330" sb="2500" ms="2500" bj="2500" bjp="20000" speed="150"/>	
	
	</enemy>
	<enemy id="202">
		<hero id="1192" time="0" snum="16" ap="6641" aspeed="200" hp="39981" def="340" sb="2500" ms="2500" bj="2500" bjp="20000" speed="150"/>		
		<hero id="1190" time="20" snum="16" ap="6521" aspeed="200" hp="39781" def="330" sb="2500" ms="2500" bj="2500" bjp="20000" speed="150"/>	
		<hero id="1191" time="30" snum="16" ap="6583" aspeed="200" hp="39862" def="335" sb="2500" ms="2500" bj="2500" bjp="20000" speed="150"/>	

	</enemy>
	<enemy id="203">
		<hero id="1193" time="0" snum="16" ap="6705" aspeed="200" hp="40237" def="345" sb="2500" ms="2500" bj="2500" bjp="20000" speed="150"/>	
		<hero id="1191" time="20" snum="16" ap="6583" aspeed="200" hp="39862" def="335" sb="2500" ms="2500" bj="2500" bjp="20000" speed="150"/>	
		<hero id="1192" time="30" snum="16" ap="6641" aspeed="200" hp="39981" def="340" sb="2500" ms="2500" bj="2500" bjp="20000" speed="150"/>	
		
	</enemy>
	<enemy id="204">
		<hero id="1194" time="0" snum="16" ap="6762" aspeed="200" hp="40457" def="350" sb="2500" ms="2500" bj="2500" bjp="20000" speed="150"/>	
		<hero id="1192" time="20" snum="16" ap="6641" aspeed="200" hp="39981" def="340" sb="2500" ms="2500" bj="2500" bjp="20000" speed="150"/>	
		<hero id="1193" time="30" snum="16" ap="6705" aspeed="200" hp="40237" def="345" sb="2500" ms="2500" bj="2500" bjp="20000" speed="150"/>	
	
	</enemy>
	<enemy id="205">
		<hero id="1195" time="0" snum="16" ap="6821" aspeed="200" hp="40687" def="355" sb="2500" ms="2500" bj="2500" bjp="20000" speed="150"/>	
		<hero id="1193" time="20" snum="16" ap="6705" aspeed="200" hp="40237" def="345" sb="2500" ms="2500" bj="2500" bjp="20000" speed="150"/>	
		<hero id="1194" time="30" snum="16" ap="6762" aspeed="200" hp="40457" def="350" sb="2500" ms="2500" bj="2500" bjp="20000" speed="150"/>	

	</enemy>
	<enemy id="206">
		<hero id="1196" time="0" snum="16" ap="6893" aspeed="200" hp="40938" def="360" sb="2500" ms="2500" bj="2500" bjp="20000" speed="150"/>		
		<hero id="1194" time="20" snum="16" ap="6762" aspeed="200" hp="40457" def="350" sb="2500" ms="2500" bj="2500" bjp="20000" speed="150"/>	
		<hero id="1195" time="30" snum="16" ap="6821" aspeed="200" hp="40687" def="355" sb="2500" ms="2500" bj="2500" bjp="20000" speed="150"/>	

	</enemy>
	<enemy id="207">
		<hero id="1197" time="0" snum="16" ap="6954" aspeed="200" hp="41232" def="365" sb="2500" ms="2500" bj="2500" bjp="20000" speed="150"/>	
		<hero id="1195" time="20" snum="16" ap="6821" aspeed="200" hp="40687" def="355" sb="2500" ms="2500" bj="2500" bjp="20000" speed="150"/>	
		<hero id="1196" time="30" snum="16" ap="6893" aspeed="200" hp="40938" def="360" sb="2500" ms="2500" bj="2500" bjp="20000" speed="150"/>		
	
	</enemy>
	<enemy id="208">
		<hero id="1198" time="0" snum="16" ap="7031" aspeed="200" hp="41567" def="370" sb="2500" ms="2500" bj="2500" bjp="20000" speed="150"/>	
		<hero id="1196" time="20" snum="16" ap="6893" aspeed="200" hp="40938" def="360" sb="2500" ms="2500" bj="2500" bjp="20000" speed="150"/>		
		<hero id="1197" time="30" snum="16" ap="6954" aspeed="200" hp="41232" def="365" sb="2500" ms="2500" bj="2500" bjp="20000" speed="150"/>	

	</enemy>
	<enemy id="209">
		<hero id="1199" time="0" snum="16" ap="6878" aspeed="200" hp="42357" def="380" sb="7000" ms="0" bj="2500" bjp="20000" speed="150"/>	
		<hero id="1197" time="20" snum="16" ap="6954" aspeed="200" hp="41232" def="365" sb="2500" ms="2500" bj="2500" bjp="20000" speed="150"/>	
		<hero id="1198" time="30" snum="16" ap="7031" aspeed="200" hp="41567" def="370" sb="2500" ms="2500" bj="2500" bjp="20000" speed="150"/>
		
	</enemy>
	<enemy id="210">
		<hero id="1200" time="0" snum="25" ap="9000" aspeed="200" hp="50000" def="510" sb="5000" ms="5000" bj="50000" bjp="20000" speed="150"/>		
	</enemy>
	<enemy id="211">
		<hero id="1186" time="0" snum="16" ap="8000" aspeed="200" hp="45000" def="320" sb="3000" ms="3000" bj="5000" bjp="20000" speed="150"/>
		<hero id="1197" time="0" snum="16" ap="6954" aspeed="200" hp="41232" def="365" sb="2500" ms="2500" bj="2500" bjp="20000" speed="150"/>	
		<hero id="1198" time="0" snum="16" ap="7031" aspeed="200" hp="41567" def="370" sb="2500" ms="2500" bj="2500" bjp="20000" speed="150"/>
		<hero id="1199" time="0" snum="16" ap="6878" aspeed="200" hp="32000" def="380" sb="5000" ms="0" bj="2000" bjp="20000" speed="150"/>
		<hero id="1200" time="0" snum="16" ap="9000" aspeed="200" hp="50000" def="510" sb="3500" ms="3500" bj="5000" bjp="20000" speed="150"/>		
	</enemy>
	
	
	
	
	
	
	
	
	
	
	
	
	
	
	
	
	
	
	
	
	
	
	
	
	
	
	
	
	
</enemys>
</content>
