<?xml version="1.0" encoding="UTF-8"?>
<content>

	
	<!--CBAS : 4321-->
	<heroes>
<!--蜀国-->
		<!--周仓-->
		<hero	id="1701" type="4" name="hero_1701" rate="0" belong="3" gold="0" main="1" icon="H1701" anim="H_19" description="hero_desc_1701">
			<Str>74</Str>
			<Agi>70</Agi>
			<Int>58</Int>
			<ww>0</ww>
			<range>60</range>
			<skill sk3="" sk4=""/> 
 			<sgs>4031</sgs>
						
	</hero>
	
		<!--廖化-->
		<hero	id="1702" type="4" name="hero_1702" rate="0" belong="3" gold="0" main="1" icon="H1702" anim="H_20" description="hero_desc_1702">   
			<Str>76</Str>
			<Agi>70</Agi>
			<Int>61</Int>
			<ww>3000</ww>
			<range>60</range>
			<skill sk3="" sk4=""/> 	
			<sgs>4041</sgs>
	</hero>
	
		<!--李严-->
		<hero	id="1703" type="3" name="hero_1703" rate="0" belong="3" gold="10" main="3" icon="H1703" anim="H_21" description="hero_desc_1703">   
			<Str>76</Str>
			<Agi>73</Agi>
			<Int>90</Int>
			<ww>5000</ww>
			<range>60</range>
			<skill sk3="" sk4=""/> 
			<sgs>4062</sgs>
	</hero>
	
		<!--关兴-->
		<hero	id="1704" type="3" name="hero_1704" rate="0" belong="3" gold="50" main="2" icon="H1704" anim="H_22" description="hero_desc_1704">   
			<Str>76</Str>
			<Agi>80</Agi>
			<Int>57</Int>
			<ww>7000</ww>
			<range>60</range>
			<skill sk3="" sk4=""/> 
			<sgs>4042</sgs>
	</hero>
	
		<!--张苞-->
		<hero	id="1705" type="3" name="hero_1705" rate="0" belong="3" gold="50" main="1" icon="H1705" anim="H_23" description="hero_desc_1705">   
			<Str>81</Str>
			<Agi>75</Agi>
			<Int>51</Int>
			<ww>10000</ww>
			<range>60</range>
			<skill sk3="" sk4=""/> 
			<sgs>4032</sgs>
	</hero>
	
		<!--马岱-->
		<hero	id="1706" type="3" name="hero_1706" rate="0" belong="3" gold="100" main="2" icon="H1706" anim="H_24" description="hero_desc_1706">   
			<Str>78</Str>
			<Agi>85</Agi>
			<Int>75</Int>
			<ww>15000</ww>
			<range>60</range>
			<skill sk3="" sk4=""/> 
			<sgs>4003</sgs>
	</hero>
	
		<!--关平-->
		<hero	id="1707" type="3" name="hero_1707" rate="0" belong="3" gold="100" main="1" icon="H1707" anim="H_25" description="hero_desc_1707">   
			<Str>86</Str>
			<Agi>83</Agi>
			<Int>71</Int>
			<ww>20000</ww>
			<range>60</range>
			<skill sk3="" sk4=""/> 
			<sgs>4023</sgs>
	</hero>
	
		<!--王平-->
		<hero	id="1708" type="3" name="hero_1708" rate="0" belong="3" gold="150" main="2" icon="H1708" anim="H_26" description="hero_desc_1708">   
			<Str>80</Str>
			<Agi>85</Agi>
			<Int>85</Int>
			<ww>25000</ww>
			<range>60</range>
			<skill sk3="" sk4=""/> 
			<sgs>4073</sgs>
	</hero>
    
		<!--严颜-->
		<hero	id="1709" type="2" name="hero_1709" rate="0" belong="3" gold="150" main="1" icon="H1709" anim="H_27" description="hero_desc_1709">   
			<Str>92</Str>
			<Agi>87</Agi>
			<Int>74</Int>
			<ww>30000</ww>
			<range>60</range>
			<skill sk3="" sk4=""/> 
			<sgs>4053</sgs>
	</hero>
	
		<!--姜维-->
		<hero	id="1710" type="2" name="hero_1710" rate="0" belong="3" gold="200" main="2" icon="H1710" anim="H_28" description="hero_desc_1710">   
			<Str>90</Str>
			<Agi>95</Agi>
			<Int>92</Int>
			<ww>35000</ww>
			<range>60</range>
			<skill sk3="" sk4=""/> 
			<sgs>4065</sgs>
	</hero>
	
		<!--魏延-->
		<hero	id="1711" type="2" name="hero_1711" rate="0" belong="3" gold="200" main="1" icon="H1711" anim="H_29" description="hero_desc_1711">   
			<Str>96</Str>
			<Agi>94</Agi>
			<Int>72</Int>
			<ww>40000</ww>
			<range>60</range>
			<skill sk3="" sk4=""/> 
			<sgs>4033</sgs>
	</hero>
	
		<!--黄忠-->
		<hero	id="1712" type="1" name="hero_1712" rate="0" belong="3" gold="300" main="1" icon="H1712" anim="H_30" description="hero_desc_1712">   
			<Str>102</Str>
			<Agi>100</Agi>
			<Int>78</Int>
			<ww>45000</ww>
			<range>150</range>
			<skill sk3="" sk4=""/> 
			<sgs>4065</sgs>
	</hero>
	
		<!--马超-->
		<hero	id="1713" type="1" name="hero_1713" rate="0" belong="3" gold="300" main="2" icon="H1713" anim="H_31" description="hero_desc_1713">   
			<Str>103</Str>
			<Agi>106</Agi>
			<Int>54</Int>
			<ww>50000</ww>
			<range>60</range>
			<skill sk3="" sk4=""/> 
			<sgs>4004</sgs>
	</hero>
	
		<!--庞统-->
		<hero	id="1714" type="1" name="hero_1714" rate="0" belong="3" gold="300" main="3" icon="H1714" anim="H_32" description="hero_desc_1714">   
			<Str>47</Str>
			<Agi>53</Agi>
			<Int>105</Int>
			<ww>57000</ww>
			<range>100</range>
			<skill sk3="" sk4=""/> 
			<sgs>4043</sgs>
	</hero>
	
		<!--赵云-->
		<hero	id="1715" type="1" name="hero_1715" rate="0" belong="3" gold="300" main="2" icon="H1715" anim="H_33" description="hero_desc_1715">   
			<Str>102</Str>
			<Agi>110</Agi>
			<Int>81</Int>
			<ww>65000</ww>
			<range>60</range>
			<skill sk3="" sk4=""/> 
			<sgs>4084</sgs>
	</hero>
	
		<!--张飞-->
		<hero	id="1716" type="1" name="hero_1716" rate="0" belong="3" gold="300" main="1" icon="H1716" anim="H_34" description="hero_desc_1716">   
			<Str>110</Str>
			<Agi>101</Agi>
			<Int>57</Int>
			<ww>75000</ww>
			<range>60</range>
			<skill sk3="" sk4=""/> 
			<sgs>4045</sgs>
	</hero>

		<!--关羽-->
		<hero	id="1717" type="1" name="hero_1717" rate="0" belong="3" gold="300" main="1" icon="H1717" anim="H_35" description="hero_desc_1717">   
			<Str>108</Str>
			<Agi>105</Agi>
			<Int>76</Int>
			<ww>85000</ww>
			<range>60</range>
			<skill sk3="" sk4=""/> 
			<sgs>4034</sgs>
	</hero>
	
		<!--诸葛亮-->
		<hero	id="1718" type="1" name="hero_1718" rate="0" belong="3" gold="500" main="3" icon="H1718" anim="H_36" description="hero_desc_1718">   
			<Str>62</Str>
			<Agi>65</Agi>
			<Int>120</Int>
			<ww>100000</ww>
			<range>100</range>
			<skill sk3="" sk4=""/> 
			<sgs>4065</sgs>
	</hero>

	
	
	
	
<!--魏国-->
		<!--于禁-->
		<hero	id="1801" type="4" name="hero_1801" rate="0" belong="2" gold="0" main="2" icon="H1801" anim="H_01" description="hero_desc_1801">   
			<Str>72</Str>
			<Agi>74</Agi>
			<Int>51</Int>
			<ww>0</ww>
			<range>60</range>
			<skill sk3="" sk4=""/> 
			<sgs>4021</sgs>
	</hero>
	
		<!--李典-->
		<hero	id="1802" type="4" name="hero_1802" rate="0" belong="2" gold="0" main="1" icon="H1802" anim="H_02" description="hero_desc_1802">   
			<Str>79</Str>
			<Agi>76</Agi>
			<Int>72</Int>
			<ww>3000</ww>
			<range>60</range>
			<skill sk3="" sk4=""/> 
			<sgs>4061</sgs>
	</hero>
	
		<!--乐进-->
		<hero	id="1803" type="3" name="hero_1803" rate="0" belong="2" gold="10" main="2" icon="H1803" anim="H_03" description="hero_desc_1803">   
			<Str>80</Str>
			<Agi>84</Agi>
			<Int>76</Int>
			<ww>5000</ww>
			<range>60</range>
			<skill sk3="" sk4=""/> 
			<sgs>4022</sgs>
	</hero>
	
	
		<!--曹彰-->
		<hero	id="1804" type="3" name="hero_1804" rate="0" belong="2" gold="50" main="1" icon="H1804" anim="H_04" description="hero_desc_1804">   
			<Str>86</Str>
			<Agi>80</Agi>
			<Int>68</Int>
			<ww>7000</ww>
			<range>60</range>
			<skill sk3="" sk4=""/> 
			<sgs>4052</sgs>
	</hero>
	
		<!--曹洪-->
		<hero	id="1805" type="3" name="hero_1805" rate="0" belong="2" gold="50" main="2" icon="H1805" anim="H_05" description="hero_desc_1805">   
			<Str>83</Str>
			<Agi>86</Agi>
			<Int>63</Int>
			<ww>10000</ww>
			<range>60</range>
			<skill sk3="" sk4=""/> 
			<sgs>4033</sgs>
	</hero>
	
	    <!--邓艾-->
		<hero	id="1806" type="2" name="hero_1806" rate="0" belong="2" gold="100" main="3" icon="H1806" anim="H_06" description="hero_desc_1806">   
			<Str>82</Str>
			<Agi>87</Agi>
			<Int>97</Int>
			<ww>15000</ww>
			<range>60</range>
			<skill sk3="" sk4=""/> 
			<sgs>4043</sgs>
	</hero>
	
		<!--贾诩-->
		<hero	id="1807" type="2" name="hero_1807" rate="0" belong="2" gold="100" main="3" icon="H1807" anim="H_07" description="hero_desc_1807">   
			<Str>42</Str>
			<Agi>46</Agi>
			<Int>101</Int>
			<ww>20000</ww>
			<range>100</range>
			<skill>14002</skill>
			<sgs>4063</sgs>
	</hero>
	
		<!--曹仁-->
		<hero	id="1808" type="2" name="hero_1808" rate="0" belong="2" gold="150" main="1" icon="H1808" anim="H_08" description="hero_desc_1808">   
			<Str>89</Str>
			<Agi>86</Agi>
			<Int>74</Int>
			<ww>25000</ww>
			<range>60</range>
			<skill sk3="" sk4=""/> 
			<sgs>4053</sgs>
	</hero>
    
		<!--徐晃-->
		<hero	id="1809" type="2" name="hero_1809" rate="0" belong="2" gold="150" main="2" icon="H1809" anim="H_09" description="hero_desc_1809">   
			<Str>92</Str>
			<Agi>91</Agi>
			<Int>67</Int>
			<ww>30000</ww>
			<range>60</range>
			<skill sk3="" sk4=""/> 
			<sgs>4023</sgs>
	</hero>
	
		<!--夏侯渊-->
		<hero	id="1810" type="2" name="hero_1810" rate="0" belong="2" gold="200" main="1" icon="H1810" anim="H_10" description="hero_desc_1810">   
			<Str>93</Str>
			<Agi>90</Agi>
			<Int>71</Int>
			<ww>35000</ww>
			<range>150</range>
			<skill sk3="" sk4=""/> 
			<sgs>4013</sgs>
	</hero>
	
		<!--张郃-->
		<hero	id="1811" type="2" name="hero_1811" rate="0" belong="2" gold="200" main="2" icon="H1811" anim="H_11" description="hero_desc_1811">   
			<Str>91</Str>
			<Agi>94</Agi>
			<Int>77</Int>
			<ww>40000</ww>
			<range>60</range>
			<skill sk3="" sk4=""/> 
			<sgs>4025</sgs>
	</hero>
	
		<!--夏侯惇-->
		<hero	id="1812" type="2" name="hero_1812" rate="0" belong="2" gold="200" main="1" icon="H1812" anim="H_12" description="hero_desc_1812">   
			<Str>98</Str>
			<Agi>92</Agi>
			<Int>63</Int>
			<ww>45000</ww>
			<range>60</range>
			<skill sk3="" sk4=""/> 
			<sgs>4024</sgs>
	</hero>
	
		<!--庞德-->
		<hero	id="1813" type="1" name="hero_1813" rate="0" belong="2" gold="300" main="1" icon="H1813" anim="H_13" description="hero_desc_1813">   
			<Str>107</Str>
			<Agi>101</Agi>
			<Int>72</Int>
			<ww>50000</ww>
			<range>60</range>
			<skill sk3="" sk4=""/> 
			<sgs>4003</sgs>
	</hero>
	
		<!--郭嘉-->
		<hero	id="1814" type="1" name="hero_1814" rate="0" belong="2" gold="300" main="3" icon="H1814" anim="H_14" description="hero_desc_1814">   
			<Str>49</Str>
			<Agi>56</Agi>
			<Int>104</Int>
			<ww>57000</ww>
			<range>100</range>
			<skill sk3="" sk4=""/> 
			<sgs>4044</sgs>
	</hero>
	
		<!--张辽-->
		<hero	id="1815" type="1" name="hero_1815" rate="0" belong="2" gold="300" main="2" icon="H1815" anim="H_15" description="hero_desc_1815">   
			<Str>101</Str>
			<Agi>107</Agi>
			<Int>81</Int>
			<ww>65000</ww>
			<range>60</range>
			<skill sk3="" sk4=""/> 
			<sgs>4024</sgs>
	</hero>
	
		<!--许诸-->
		<hero	id="1816" type="1" name="hero_1816" rate="0" belong="2" gold="300" main="1" icon="H1816" anim="H_16" description="hero_desc_1816">    
			<Str>110</Str>
			<Agi>101</Agi>
			<Int>66</Int>
			<ww>75000</ww>
			<range>60</range>
			<skill sk3="" sk4=""/> 
			<sgs>4035</sgs>
	</hero>

		<!--典韦-->
		<hero	id="1817" type="1" name="hero_1817" rate="0" belong="2" gold="300" main="1" icon="H1817" anim="H_17" description="hero_desc_1817">    
			<Str>108</Str>
			<Agi>104</Agi>
			<Int>62</Int>
			<ww>85000</ww>
			<range>60</range>
			<skill sk3="" sk4=""/> 
			<sgs>4044</sgs>
	</hero>
	
		<!--司马懿-->
		<hero	id="1818" type="1" name="hero_1818" rate="0" belong="2" gold="500" main="3" icon="H1818" anim="H_18" description="hero_desc_1818">   
			<Str>71</Str>
			<Agi>73</Agi>
			<Int>108</Int>
			<ww>100000</ww>
			<range>100</range>
			<skill sk3="" sk4=""/> 
			<sgs>4025</sgs>
	</hero>
	
	
<!--吴国-->	
		<!--祖茂-->
		<hero	id="1901" type="4" name="hero_1901" rate="0" belong="4" gold="0" main="2" icon="H1901" anim="H_37" description="hero_desc_1901">   
			<Str>71</Str>
			<Agi>81</Agi>
			<Int>66</Int>
			<ww>0</ww>
			<range>60</range>
			<skill sk3="" sk4=""/> 
			<sgs>4011</sgs>
	</hero>
	
		<!--潘璋-->
		<hero	id="1902" type="3" name="hero_1902" rate="0" belong="4" gold="0" main="2" icon="H1902" anim="H_38" description="hero_desc_1902">   
			<Str>78</Str>
			<Agi>84</Agi>
			<Int>57</Int>
			<ww>3000</ww>
			<range>60</range>
			<skill sk3="" sk4=""/> 
			<sgs>4052</sgs>
	</hero>
	
		<!--丁奉-->
		<hero	id="1903" type="3" name="hero_1903" rate="0" belong="4" gold="10" main="1" icon="H1903" anim="H_39" description="hero_desc_1903">   
			<Str>85</Str>
			<Agi>80</Agi>
			<Int>61</Int>
			<ww>5000</ww>
			<range>60</range>
			<skill sk3="" sk4=""/> 
			<sgs>4012</sgs>
	</hero>
	
		<!--蒋钦-->
		<hero	id="1904" type="3" name="hero_1904" rate="0" belong="4" gold="50" main="2" icon="H1904" anim="H_40" description="hero_desc_1904">   
			<Str>77</Str>
			<Agi>90</Agi>
			<Int>64</Int>
			<ww>7000</ww>
			<range>60</range>
			<skill sk3="" sk4=""/> 
			<sgs>4032</sgs>
	</hero>
	
		<!--程普-->
		<hero	id="1905" type="3" name="hero_1905" rate="0" belong="4" gold="50" main="1" icon="H1905" anim="H_41" description="hero_desc_1905">   
			<Str>86</Str>
			<Agi>81</Agi>
			<Int>78</Int>
			<ww>10000</ww>
			<range>60</range>
			<skill sk3="" sk4=""/> 
			<sgs>4023</sgs>
	</hero>
	
		<!--徐盛-->
		<hero	id="1906" type="3" name="hero_1906" rate="0" belong="4" gold="100" main="1" icon="H1906" anim="H_42" description="hero_desc_1906">   
			<Str>88</Str>
			<Agi>83</Agi>
			<Int>71</Int>
			<ww>15000</ww>
			<range>60</range>
			<skill sk3="" sk4=""/> 
			<sgs>4033</sgs>
	</hero>
	
		<!--凌统-->
		<hero	id="1907" type="2" name="hero_1907" rate="0" belong="4" gold="100" main="2" icon="H1907" anim="H_43" description="hero_desc_1907">   
			<Str>86</Str>
			<Agi>92</Agi>
			<Int>69</Int>
			<ww>20000</ww>
			<range>150</range>
			<skill sk3="" sk4=""/> 
			<sgs>4013</sgs>
	</hero>
	
		<!--张昭-->
		<hero	id="1908" type="2" name="hero_1908" rate="0" belong="4" gold="150" main="3" icon="H1908" anim="H_44" description="hero_desc_1908">   
			<Str>34</Str>
			<Agi>48</Agi>
			<Int>94</Int>
			<ww>25000</ww>
			<range>100</range>
			<skill sk3="" sk4=""/> 
			<sgs>4043</sgs>
	</hero>
    
		<!--韩当-->
		<hero	id="1909" type="2" name="hero_1909" rate="0" belong="4" gold="150" main="1" icon="H1909" anim="H_45" description="hero_desc_1909">   
			<Str>91</Str>
			<Agi>88</Agi>
			<Int>66</Int>
			<ww>30000</ww>
			<range>60</range>
			<skill sk3="" sk4=""/> 
			<sgs>4053</sgs>
	</hero>
	
		<!--吕蒙-->
		<hero	id="1910" type="2" name="hero_1910" rate="0" belong="4" gold="200" main="3" icon="H1910" anim="H_46" description="hero_desc_1910">   
			<Str>81</Str>
			<Agi>86</Agi>
			<Int>92</Int>
			<ww>35000</ww>
			<range>60</range>
			<skill sk3="" sk4=""/> 
			<sgs>4063</sgs>
	</hero>
	
		<!--鲁肃-->
		<hero	id="1911" type="2" name="hero_1911" rate="0" belong="4" gold="200" main="3" icon="H1911" anim="H_47" description="hero_desc_1911">   
			<Str>48</Str>
			<Agi>53</Agi>
			<Int>96</Int>
			<ww>40000</ww>
			<range>100</range>
			<skill sk3="" sk4=""/> 
			<sgs>4073</sgs>
	</hero>
	
		<!--黄盖-->
		<hero	id="1912" type="2" name="hero_1912" rate="0" belong="4" gold="200" main="1" icon="H1912" anim="H_48" description="hero_desc_1912">   
			<Str>94</Str>
			<Agi>90</Agi>
			<Int>81</Int>
			<ww>45000</ww>
			<range>60</range>
			<skill sk3="" sk4=""/> 
			<sgs>4054</sgs>
	</hero>
	
		<!--甘宁-->
		<hero	id="1913" type="1" name="hero_1913" rate="0" belong="4" gold="300" main="1" icon="H1913" anim="H_49" description="hero_desc_1913">   
			<Str>101</Str>
			<Agi>105</Agi>
			<Int>76</Int>
			<ww>50000</ww>
			<range>60</range>
			<skill sk3="" sk4=""/> 
			<sgs>4027</sgs>
	</hero>
	
		<!--陆逊-->
		<hero	id="1914" type="1" name="hero_1914" rate="0" belong="4" gold="300" main="1" icon="H1914" anim="H_50" description="hero_desc_1914">   
			<Str>74</Str>
			<Agi>81</Agi>
			<Int>100</Int>
			<ww>57000</ww>
			<range>60</range>
			<skill sk3="" sk4=""/> 
			<sgs>4026</sgs>
	</hero>
	
		<!--周泰-->
		<hero	id="1915" type="1" name="hero_1915" rate="0" belong="4" gold="300" main="1" icon="H1915" anim="H_51" description="hero_desc_1915">   
			<Str>106</Str>
			<Agi>100</Agi>
			<Int>78</Int>
			<ww>65000</ww>
			<range>60</range>
			<skill sk3="" sk4=""/> 
			<sgs>4054</sgs>
	</hero>
	
		<!--太史慈-->
		<hero	id="1916" type="1" name="hero_1916" rate="0" belong="4" gold="300" main="2" icon="H1916" anim="H_52" description="hero_desc_1916">  
			<Str>103</Str>
			<Agi>108</Agi>
			<Int>82</Int>
			<ww>75000</ww>
			<range>150</range>
			<skill sk3="" sk4=""/> 
			<sgs>4014</sgs>
	</hero>

		<!--孙策-->
		<hero	id="1917" type="1" name="hero_1917" rate="0" belong="4" gold="300" main="2" icon="H1917" anim="H_53" description="hero_desc_1917">    
			<Str>107</Str>
			<Agi>105</Agi>
			<Int>72</Int>
			<ww>85000</ww>
			<range>60</range>
			<skill sk3="" sk4=""/> 
			<sgs>4026</sgs>
	</hero>
	
		<!--周瑜-->
		<hero	id="1918" type="1" name="hero_1918" rate="0" belong="4" gold="500" main="3" icon="H1918" anim="H_54" description="hero_desc_1918">   
			<Str>81</Str>
			<Agi>82</Agi>
			<Int>106</Int>
			<ww>100000</ww>
			<range>60</range>
			<skill sk3="" sk4=""/> 
			<sgs>4027</sgs>
	</hero>	
	
	
<!--弑神-->	
		
	<hero	id="4001" type="3" name="hero_4001" rate="0" belong="0" gold="200" main="" icon="H4001" anim="H_17" description="hero_desc_4001">
	        <ep>50</ep>
			<health>50000000</health>
			<health_add>400000</health_add>
			<magic>8500000</magic>
			<magic_add>34000</magic_add>
			<damage>5000</damage>
			<damage_add>500</damage_add>
			<attackspeed>90</attackspeed>
			<attackspeed_add>0</attackspeed_add>
			<speed>150</speed>
			<speed_add>0</speed_add>
			<range>[140,140]</range>
			<cost>[5000,10000]</cost>
			<time>[3600,7200]</time>
			<gold>[100,200]</gold>
			<silver>[1000,2000]</silver>
            <born>14001</born>
		</hero>

		
	
		
<!--黄巾之乱-->
		<!--程志远-->
		<hero	id="1001" type="5" name="hero_1001" rate="0" belong="0" gold="100000" main="1" icon="H1001" anim="S_01" description="hero_desc_1001">   
			<Str>50</Str>
			<Agi>50</Agi>
			<Int>50</Int>
			<range>60</range>
			<skill sk3="" sk4=""/> 
			<sgs>4011</sgs>
	</hero>
		<!--高升-->
		<hero	id="1002" type="5" name="hero_1002" rate="0" belong="0" gold="100000" main="1" icon="H1002" anim="S_02" description="hero_desc_1002">   
			<Str>50</Str>
			<Agi>50</Agi>
			<Int>50</Int>
			<range>60</range>
			<skill sk3="" sk4=""/> 
			<sgs>4001</sgs>
	</hero>
		<!--龚都-->
		<hero	id="1003" type="5" name="hero_1003" rate="0" belong="0" gold="100000" main="1" icon="H1003" anim="S_03" description="hero_desc_1003">   
			<Str>50</Str>
			<Agi>50</Agi>
			<Int>50</Int>
			<range>60</range>
			<skill sk3="" sk4=""/> 
			<sgs>4021</sgs>
	</hero>
		<!--何仪-->
		<hero	id="1004" type="5" name="hero_1004" rate="0" belong="0" gold="100000" main="1" icon="H1004" anim="S_11" description="hero_desc_1004">   
			<Str>50</Str>
			<Agi>50</Agi>
			<Int>50</Int>
			<range>60</range>
			<skill sk3="" sk4=""/> 
			<sgs>4031</sgs>
	</hero>
		<!--裴元绍-->
		<hero	id="1005" type="5" name="hero_1005" rate="0" belong="0" gold="100000" main="1" icon="H1005" anim="S_12" description="hero_desc_1005">   
			<Str>50</Str>
			<Agi>50</Agi>
			<Int>50</Int>
			<range>60</range>
			<skill sk3="" sk4=""/> 
			<sgs>4041</sgs>
	</hero>
		<!--邓茂-->
		<hero	id="1006" type="5" name="hero_1006" rate="0" belong="0" gold="100000" main="1" icon="H1006" anim="S_13" description="hero_desc_1006">   
			<Str>50</Str>
			<Agi>50</Agi>
			<Int>50</Int>
			<range>60</range>
			<skill sk3="" sk4=""/> 
			<sgs>4051</sgs>
	</hero>
		<!--赵弘-->
		<hero	id="1007" type="5" name="hero_1007" rate="0" belong="0" gold="100000" main="1" icon="H1007" anim="S_21" description="hero_desc_1007">   
			<Str>50</Str>
			<Agi>50</Agi>
			<Int>50</Int>
			<range>60</range>
			<skill sk3="" sk4=""/> 
			<sgs>4061</sgs>
	</hero>
		<!--韩忠-->
		<hero	id="1008" type="5" name="hero_1008" rate="0" belong="0" gold="100000" main="1" icon="H1008" anim="S_22" description="hero_desc_1008">   
			<Str>50</Str>
			<Agi>50</Agi>
			<Int>50</Int>
			<range>60</range>
			<skill sk3="" sk4=""/> 
			<sgs>4071</sgs>
	</hero>
		<!--管亥-->
		<hero	id="1009" type="4" name="hero_1009" rate="10" hirelv="9"  belong="1" gold="10" main="2" icon="H1009" anim="H_101" description="hero_desc_1009">   
			<Str>72</Str>
			<Agi>63</Agi>
			<Int>61</Int>
			<range>60</range>
			<skill sk3="" sk4=""/> 
			<sgs>4081</sgs>
	</hero>
		<!--卞喜-->
		<hero	id="1010" type="5" name="hero_1010" rate="0" belong="0" gold="100000" main="1" icon="H1010" anim="S_23" description="hero_desc_1010">   
			<Str>50</Str>
			<Agi>50</Agi>
			<Int>50</Int>
			<range>60</range>
			<skill sk3="" sk4=""/> 
			<sgs>4091</sgs>
	</hero>
		<!--严政-->
		<hero	id="1011" type="5" name="hero_1011" rate="0" belong="0" gold="100000" main="1" icon="H1011" anim="S_31" description="hero_desc_1011">   
			<Str>50</Str>
			<Agi>50</Agi>
			<Int>50</Int>
			<range>60</range>
			<skill sk3="" sk4=""/> 
			<sgs>4001</sgs>
	</hero>
		<!--刘辟-->
		<hero	id="1012" type="5" name="hero_1012" rate="0" belong="0" gold="100000" main="1" icon="H1012" anim="S_32" description="hero_desc_1012">   
			<Str>50</Str>
			<Agi>50</Agi>
			<Int>50</Int>
			<range>60</range>
			<skill sk3="" sk4=""/> 
			<sgs>4011</sgs>
	</hero>
		<!--马元义-->
		<hero	id="1013" type="5" name="hero_1013" rate="0" belong="0" gold="100000" main="1" icon="H1013" anim="S_33" description="hero_desc_1013">   
			<Str>50</Str>
			<Agi>50</Agi>
			<Int>50</Int>
			<range>60</range>
			<skill sk3="" sk4=""/> 
			<sgs>4021</sgs>
	</hero>
		<!--张梁-->
		<hero	id="1014" type="4" name="hero_1014" rate="0" belong="0" gold="100000" main="1" icon="H1014" anim="S_41" description="hero_desc_1014">   
			<Str>50</Str>
			<Agi>50</Agi>
			<Int>50</Int>
			<range>60</range>
			<skill sk3="" sk4=""/> 
			<sgs>4032</sgs>
	</hero>
		<!--张宝-->
		<hero	id="1015" type="4" name="hero_1015" rate="0" belong="0" gold="100000" main="1" icon="H1015" anim="S_42" description="hero_desc_1015">   
			<Str>50</Str>
			<Agi>50</Agi>
			<Int>50</Int>
			<range>60</range>
			<skill sk3="" sk4=""/> 
			<sgs>4062</sgs>
	</hero>
		<!--张角-->
		<hero	id="1016" type="3" name="hero_1016" rate="0" belong="0" gold="100000" main="1" icon="H1016" anim="S_43" description="hero_desc_1016">   
			<Str>50</Str>
			<Agi>50</Agi>
			<Int>50</Int>
			<range>60</range>
			<skill sk3="" sk4=""/> 
			<sgs>4022</sgs>
			
<!--群雄割据-->			
	</hero>
		<!--潘凤-->
		<hero	id="1017" type="4" name="hero_1017" rate="10" hirelv="18" belong="1" gold="20" main="1" icon="H1017" anim="S_51" description="hero_desc_1017">   
			<Str>78</Str>
			<Agi>66</Agi>
			<Int>35</Int>
			<range>60</range>
			<skill sk3="" sk4=""/> 
			<sgs>4071</sgs>
	</hero>
		<!--韩馥-->
		<hero	id="1018" type="5" name="hero_1018" rate="0" belong="0" gold="100000" main="1" icon="H1018" anim="S_52" description="hero_desc_1018">   
			<Str>70</Str>
			<Agi>70</Agi>
			<Int>70</Int>
			<range>60</range>
			<skill sk3="" sk4=""/> 
			<sgs>4001</sgs>
	</hero>
		<!--张邈-->
		<hero	id="1019" type="5" name="hero_1019" rate="0" belong="0" gold="100000" main="1" icon="H1019" anim="S_53" description="hero_desc_1019">   
			<Str>70</Str>
			<Agi>70</Agi>
			<Int>70</Int>
			<range>60</range>
			<skill sk3="" sk4=""/> 
			<sgs>4011</sgs>
	</hero>
		<!--张闿-->
		<hero	id="1020" type="5" name="hero_1020" rate="0" belong="0" gold="100000" main="1" icon="H1020" anim="S_61" description="hero_desc_1020">   
			<Str>70</Str>
			<Agi>70</Agi>
			<Int>70</Int>
			<range>60</range>
			<skill sk3="" sk4=""/> 
			<sgs>4021</sgs>
	</hero>
		<!--张超-->
		<hero	id="1021" type="5" name="hero_1021" rate="0" belong="0" gold="100000" main="1" icon="H1021" anim="S_62" description="hero_desc_1021">   
			<Str>70</Str>
			<Agi>70</Agi>
			<Int>70</Int>
			<range>60</range>
			<skill sk3="" sk4=""/> 
			<sgs>4031</sgs>
	</hero>
		<!--糜芳-->
		<hero	id="1022" type="5" name="hero_1022" rate="0" belong="0" gold="100000" main="1" icon="H1022" anim="S_63" description="hero_desc_1022">   
			<Str>70</Str>
			<Agi>70</Agi>
			<Int>70</Int>
			<range>60</range>
			<skill sk3="" sk4=""/> 
			<sgs>4041</sgs>
	</hero>
		<!--陶谦-->
		<hero	id="1023" type="3" name="hero_1023" rate="0" belong="0" gold="100000" main="1" icon="H1023" anim="S_91" description="hero_desc_1023">   
			<Str>70</Str>
			<Agi>70</Agi>
			<Int>70</Int>
			<range>60</range>
			<skill sk3="" sk4=""/> 
			<sgs>4045</sgs>
	</hero>
		<!--刘岱-->
		<hero	id="1024" type="5" name="hero_1024" rate="0" belong="0" gold="100000" main="1" icon="H1024" anim="S_72" description="hero_desc_1024">   
			<Str>70</Str>
			<Agi>70</Agi>
			<Int>70</Int>
			<range>60</range>
			<skill sk3="" sk4=""/> 
			<sgs>4051</sgs>
	</hero>
		<!--方悦-->
		<hero	id="1025" type="5" name="hero_1025" rate="0" belong="0" gold="100000" main="1" icon="H1025" anim="S_73" description="hero_desc_1025">   
			<Str>70</Str>
			<Agi>70</Agi>
			<Int>70</Int>
			<range>60</range>
			<skill sk3="" sk4=""/> 
			<sgs>4061</sgs>
	</hero>
		<!--王匡-->
		<hero	id="1026" type="5" name="hero_1026" rate="0" belong="0" gold="100000" main="1" icon="H1026" anim="S_51" description="hero_desc_1026">   
			<Str>70</Str>
			<Agi>70</Agi>
			<Int>70</Int>
			<range>60</range>
			<skill sk3="" sk4=""/> 
			<sgs>4071</sgs>
	</hero>
		<!--乔瑁-->
		<hero	id="1027" type="5" name="hero_1027" rate="0" belong="0" gold="100000" main="1" icon="H1027" anim="S_81" description="hero_desc_1027">   
			<Str>70</Str>
			<Agi>70</Agi>
			<Int>70</Int>
			<range>60</range>
			<skill sk3="" sk4=""/> 
			<sgs>4081</sgs>
	</hero>
		<!--鲍信-->
		<hero	id="1028" type="5" name="hero_1028" rate="0" belong="0" gold="100000" main="1" icon="H1028" anim="S_82" description="hero_desc_1028">   
			<Str>70</Str>
			<Agi>70</Agi>
			<Int>70</Int>
			<range>60</range>
			<skill sk3="" sk4=""/> 
			<sgs>4091</sgs>
	</hero>
		<!--武安国-->
		<hero	id="1029" type="4" name="hero_1029" rate="0" belong="0" gold="100000" main="1" icon="H1029" anim="S_83" description="hero_desc_1029">   
			<Str>70</Str>
			<Agi>70</Agi>
			<Int>70</Int>
			<range>60</range>
			<skill sk3="" sk4=""/> 
			<sgs>4022</sgs>
	</hero>
		<!--孔融-->
		<hero	id="1030" type="4" name="hero_1030" rate="0" belong="0" gold="100000" main="1" icon="H1030" anim="S_71" description="hero_desc_1030">   
			<Str>70</Str>
			<Agi>70</Agi>
			<Int>70</Int>
			<range>60</range>
			<skill sk3="" sk4=""/> 
			<sgs>4042</sgs>
	</hero>
		<!--刘繇-->
		<hero	id="1031" type="5" name="hero_1031" rate="0" belong="0" gold="100000" main="1" icon="H1031" anim="S_92" description="hero_desc_1031">   
			<Str>70</Str>
			<Agi>70</Agi>
			<Int>70</Int>
			<range>60</range>
			<skill sk3="" sk4=""/> 
			<sgs>4012</sgs>
	</hero>
		<!--圃阎-->
		<hero	id="1032" type="5" name="hero_1032" rate="0" belong="0" gold="100000" main="1" icon="H1032" anim="S_93" description="hero_desc_1032">   
			<Str>70</Str>
			<Agi>70</Agi>
			<Int>70</Int>
			<range>60</range>
			<skill sk3="" sk4=""/> 
			<sgs>4002</sgs>
	</hero>
		<!--张卫-->
		<hero	id="1033" type="5" name="hero_1033" rate="0" belong="0" gold="100000" main="1" icon="H1033" anim="H_19" description="hero_desc_1033">   
			<Str>70</Str>
			<Agi>70</Agi>
			<Int>70</Int>
			<range>60</range>
			<skill sk3="" sk4=""/> 
			<sgs>4032</sgs>
	</hero>
		<!--杨昂-->
		<hero	id="1034" type="4" name="hero_1034" rate="0" belong="0" gold="100000" main="1" icon="H1034" anim="H_20" description="hero_desc_1034">   
			<Str>70</Str>
			<Agi>70</Agi>
			<Int>70</Int>
			<range>60</range>
			<skill sk3="" sk4=""/> 
			<sgs>4052</sgs>
	</hero>
		<!--杨柏-->
		<hero	id="1035" type="4" name="hero_1035" rate="0" belong="0" gold="100000" main="1" icon="H1035" anim="H_21" description="hero_desc_1035">   
			<Str>70</Str>
			<Agi>70</Agi>
			<Int>70</Int>
			<range>60</range>
			<skill sk3="" sk4=""/> 
			<sgs>4062</sgs>
	</hero>
		<!--杨任-->
		<hero	id="1036" type="4" name="hero_1036" rate="0" belong="0" gold="100000" main="1" icon="H1036" anim="H_22" description="hero_desc_1036">   
			<Str>70</Str>
			<Agi>70</Agi>
			<Int>70</Int>
			<range>60</range>
			<skill sk3="" sk4=""/> 
			<sgs>4072</sgs>
	</hero>
		<!--张鲁-->
		<hero	id="1037" type="4" name="hero_1037" rate="0" belong="0" gold="100000" main="1" icon="H1037" anim="H_23" description="hero_desc_1037">   
			<Str>70</Str>
			<Agi>70</Agi>
			<Int>70</Int>
			<range>60</range>
			<skill sk3="" sk4=""/> 
			<sgs>4043</sgs>
	</hero>
	
	
	
	
<!--董卓之乱-->
		<!--华雄-->
		<hero	id="1038" type="4" name="hero_1038" rate="10" hirelv="40" belong="1" gold="30" main="1" icon="H1038" anim="H_103" description="hero_desc_1038">   
			<Str>84</Str>
			<Agi>70</Agi>
			<Int>42</Int>
			<range>60</range>
			<skill sk3="" sk4=""/> 
			<sgs>4002</sgs>
	</hero>
		<!--樊稠-->
		<hero	id="1039" type="4" name="hero_1039" rate="0" belong="0" gold="100000" main="1" icon="H1039" anim="H_25" description="hero_desc_1039">   
			<Str>85</Str>
			<Agi>85</Agi>
			<Int>85</Int>
			<range>60</range>
			<skill sk3="" sk4=""/> 
			<sgs>4001</sgs>
	</hero>
		<!--胡珍-->
		<hero	id="1040" type="4" name="hero_1040" rate="0" belong="0" gold="100000" main="1" icon="H1040" anim="H_26" description="hero_desc_1040">   
			<Str>85</Str>
			<Agi>85</Agi>
			<Int>85</Int>
			<range>60</range>
			<skill sk3="" sk4=""/> 
			<sgs>4011</sgs>
	</hero>
		<!--郭汜-->
		<hero	id="1041" type="4" name="hero_1041" rate="0" belong="0" gold="100000" main="1" icon="H1041" anim="H_27" description="hero_desc_1041">   
			<Str>85</Str>
			<Agi>85</Agi>
			<Int>85</Int>
			<range>60</range>
			<skill sk3="" sk4=""/> 
			<sgs>4021</sgs>
	</hero>
		<!--李傕-->
		<hero	id="1042" type="4" name="hero_1042" rate="0" belong="0" gold="100000" main="1" icon="H1042" anim="H_01" description="hero_desc_1042">   
			<Str>85</Str>
			<Agi>85</Agi>
			<Int>85</Int>
			<range>60</range>
			<skill sk3="" sk4=""/> 
			<sgs>4031</sgs>
	</hero>
		<!--李肃-->
		<hero	id="1043" type="4" name="hero_1043" rate="0" belong="0" gold="100000" main="1" icon="H1043" anim="H_07" description="hero_desc_1043">   
			<Str>85</Str>
			<Agi>85</Agi>
			<Int>85</Int>
			<range>60</range>
			<skill sk3="" sk4=""/> 
			<sgs>4041</sgs>
	</hero>
		<!--李儒-->
		<hero	id="1044" type="4" name="hero_1044" rate="0" belong="0" gold="100000" main="1" icon="H1044" anim="H_44" description="hero_desc_1044">   
			<Str>85</Str>
			<Agi>85</Agi>
			<Int>85</Int>
			<range>60</range>
			<skill sk3="" sk4=""/> 
			<sgs>4051</sgs>
	</hero>
		<!--牛辅-->
		<hero	id="1045" type="4" name="hero_1045" rate="0" belong="0" gold="100000" main="1" icon="H1045" anim="H_04" description="hero_desc_1045">   
			<Str>85</Str>
			<Agi>85</Agi>
			<Int>85</Int>
			<range>60</range>
			<skill sk3="" sk4=""/> 
			<sgs>4061</sgs>
	</hero>
		<!--杨奉-->
		<hero	id="1046" type="4" name="hero_1046" rate="0" belong="0" gold="100000" main="1" icon="H1046" anim="H_05" description="hero_desc_1046">   
			<Str>85</Str>
			<Agi>85</Agi>
			<Int>85</Int>
			<range>60</range>
			<skill sk3="" sk4=""/> 
			<sgs>4071</sgs>
	</hero>
		<!--张济-->
		<hero	id="1047" type="4" name="hero_1047" rate="0" belong="0" gold="100000" main="1" icon="H1047" anim="H_06" description="hero_desc_1047">   
			<Str>85</Str>
			<Agi>85</Agi>
			<Int>85</Int>
			<range>60</range>
			<skill sk3="" sk4=""/> 
			<sgs>4081</sgs>
	</hero>
		<!--王方-->
		<hero	id="1048" type="4" name="hero_1048" rate="0" belong="0" gold="100000" main="1" icon="H1048" anim="H_03" description="hero_desc_1048">   
			<Str>85</Str>
			<Agi>85</Agi>
			<Int>85</Int>
			<range>60</range>
			<skill sk3="" sk4=""/> 
			<sgs>4091</sgs>
	</hero>
		<!--李蒙-->
		<hero	id="1049" type="4" name="hero_1049" rate="0" belong="0" gold="100000" main="1" icon="H1049" anim="H_08" description="hero_desc_1049">   
			<Str>85</Str>
			<Agi>85</Agi>
			<Int>85</Int>
			<range>60</range>
			<skill sk3="" sk4=""/> 
			<sgs>4012</sgs>
	</hero>
		<!--董越-->
		<hero	id="1050" type="4" name="hero_1050" rate="0" belong="0" gold="100000" main="1" icon="H1050" anim="H_37" description="hero_desc_1050">   
			<Str>85</Str>
			<Agi>85</Agi>
			<Int>85</Int>
			<range>60</range>
			<skill sk3="" sk4=""/> 
			<sgs>4022</sgs>
	</hero>
		<!--许靖-->
		<hero	id="1051" type="4" name="hero_1051" rate="0" belong="0" gold="100000" main="1" icon="H1051" anim="H_38" description="hero_desc_1051">   
			<Str>85</Str>
			<Agi>85</Agi>
			<Int>85</Int>
			<range>60</range>
			<skill sk3="" sk4=""/> 
			<sgs>4032</sgs>
	</hero>
		<!--董承-->
		<hero	id="1052" type="4" name="hero_1052" rate="0" belong="0" gold="100000" main="1" icon="H1052" anim="H_39" description="hero_desc_1052">   
			<Str>85</Str>
			<Agi>85</Agi>
			<Int>85</Int>
			<range>60</range>
			<skill sk3="" sk4=""/> 
			<sgs>4042</sgs>
	</hero>
		<!--杨彪-->
		<hero	id="1053" type="4" name="hero_1053" rate="0" belong="0" gold="100000" main="1" icon="H1053" anim="H_40" description="hero_desc_1053">   
			<Str>85</Str>
			<Agi>85</Agi>
			<Int>85</Int>
			<range>60</range>
			<skill sk3="" sk4=""/> 
			<sgs>4052</sgs>
	</hero>
		<!--貂蝉-->
		<hero	id="1054" type="4" name="hero_1054" rate="10" hirelv="56" belong="1" gold="100" main="2" icon="H1054" anim="H_104" description="hero_desc_1054">   
			<Str>70</Str>
			<Agi>88</Agi>
			<Int>86</Int>
			<range>60</range>
			<skill sk3="" sk4=""/> 
			<sgs>4062</sgs>
	</hero>
		<!--王允-->
		<hero	id="1055" type="4" name="hero_1055" rate="0" belong="0" gold="100000" main="1" icon="H1055" anim="H_44" description="hero_desc_1055">   
			<Str>100</Str>
			<Agi>100</Agi>
			<Int>100</Int>
			<range>60</range>
			<skill sk3="" sk4=""/> 
			<sgs>4072</sgs>
	</hero>
		<!--崔勇-->
		<hero	id="1056" type="4" name="hero_1056" rate="0" belong="0" gold="100000" main="1" icon="H1056" anim="H_43" description="hero_desc_1056">   
			<Str>100</Str>
			<Agi>100</Agi>
			<Int>100</Int>
			<range>60</range>
			<skill sk3="" sk4=""/> 
			<sgs>4092</sgs>
	</hero>
		<!--蔡邕-->
		<hero	id="1057" type="4" name="hero_1057" rate="0" belong="0" gold="100000" main="1" icon="H1057" anim="H_44" description="hero_desc_1057">   
			<Str>100</Str>
			<Agi>100</Agi>
			<Int>100</Int>
			<range>60</range>
			<skill sk3="" sk4=""/> 
			<sgs>4082</sgs>
	</hero>
		<!--董卓-->
		<hero	id="1058" type="3" name="hero_1058" rate="0" belong="0" gold="100000" main="1" icon="H1058" anim="H_102" description="hero_desc_1058">   
			<Str>100</Str>
			<Agi>100</Agi>
			<Int>100</Int>
			<range>60</range>
			<skill sk3="" sk4=""/> 
			<sgs>4004</sgs>
	</hero>
	
	
	
	
	
	
<!--伪帝末日-->
		<!--纪灵-->
		<hero	id="1059" type="4" name="hero_1059" rate="10" hirelv="62"  belong="1" gold="50" main="1" icon="H1059" anim="H_105" description="hero_desc_1059">   
			<Str>89</Str>
			<Agi>70</Agi>
			<Int>59</Int>
			<range>60</range>
			<skill sk3="" sk4=""/> 
			<sgs>4022</sgs>
	</hero>
		<!--张勋-->
		<hero	id="1060" type="4" name="hero_1060" rate="0" belong="0" gold="100000" main="1" icon="H1060" anim="H_24" description="hero_desc_1060">   
			<Str>105</Str>
			<Agi>105</Agi>
			<Int>105</Int>
			<range>60</range>
			<skill sk3="" sk4=""/> 
			<sgs>4002</sgs>
	</hero>
		<!--李丰-->
		<hero	id="1061" type="4" name="hero_1061" rate="0" belong="0" gold="100000" main="1" icon="H1061" anim="H_44" description="hero_desc_1061">   
			<Str>105</Str>
			<Agi>105</Agi>
			<Int>105</Int>
			<range>60</range>
			<skill sk3="" sk4=""/> 
			<sgs>4012</sgs>
	</hero>
		<!--陈纪-->
		<hero	id="1062" type="4" name="hero_1062" rate="0" belong="0" gold="100000" main="1" icon="H1062" anim="H_42" description="hero_desc_1062">   
			<Str>105</Str>
			<Agi>105</Agi>
			<Int>105</Int>
			<range>60</range>
			<skill sk3="" sk4=""/> 
			<sgs>4032</sgs>
	</hero>
		<!--陈兰-->
		<hero	id="1063" type="4" name="hero_1063" rate="0" belong="0" gold="100000" main="1" icon="H1063" anim="H_41" description="hero_desc_1063">   
			<Str>105</Str>
			<Agi>105</Agi>
			<Int>105</Int>
			<range>60</range>
			<skill sk3="" sk4=""/> 
			<sgs>4042</sgs>
	</hero>
		<!--韩暹-->
		<hero	id="1064" type="4" name="hero_1064" rate="0" belong="0" gold="100000" main="1" icon="H1064" anim="H_02" description="hero_desc_1064">   
			<Str>105</Str>
			<Agi>105</Agi>
			<Int>105</Int>
			<range>60</range>
			<skill sk3="" sk4=""/> 
			<sgs>4052</sgs>
	</hero>
		<!--杨利-->
		<hero	id="1065" type="4" name="hero_1065" rate="0" belong="0" gold="100000" main="1" icon="H1065" anim="H_03" description="hero_desc_1065">   
			<Str>105</Str>
			<Agi>105</Agi>
			<Int>105</Int>
			<range>60</range>
			<skill sk3="" sk4=""/> 
			<sgs>4062</sgs>
	</hero>
		<!--桥蕤-->
		<hero	id="1066" type="4" name="hero_1066" rate="0" belong="0" gold="100000" main="1" icon="H1066" anim="H_01" description="hero_desc_1066">   
			<Str>105</Str>
			<Agi>105</Agi>
			<Int>105</Int>
			<range>60</range>
			<skill sk3="" sk4=""/> 
			<sgs>4072</sgs>
	</hero>
		<!--杨弘-->
		<hero	id="1067" type="4" name="hero_1067" rate="0" belong="0" gold="100000" main="1" icon="H1067" anim="H_04" description="hero_desc_1067">   
			<Str>105</Str>
			<Agi>105</Agi>
			<Int>105</Int>
			<range>60</range>
			<skill sk3="" sk4=""/> 
			<sgs>4082</sgs>
	</hero>
		<!--韩胤-->
		<hero	id="1068" type="4" name="hero_1068" rate="0" belong="0" gold="100000" main="1" icon="H1068" anim="H_05" description="hero_desc_1068">   
			<Str>105</Str>
			<Agi>105</Agi>
			<Int>105</Int>
			<range>60</range>
			<skill sk3="" sk4=""/> 
			<sgs>4092</sgs>
	</hero>
		<!--袁耀-->
		<hero	id="1069" type="4" name="hero_1069" rate="0" belong="0" gold="100000" main="1" icon="H1069" anim="H_06" description="hero_desc_1069">   
			<Str>105</Str>
			<Agi>105</Agi>
			<Int>105</Int>
			<range>60</range>
			<skill sk3="" sk4=""/> 
			<sgs>4013</sgs>
	</hero>
		<!--袁胤-->
		<hero	id="1070" type="4" name="hero_1070" rate="0" belong="0" gold="100000" main="1" icon="H1070" anim="H_08" description="hero_desc_1070">   
			<Str>105</Str>
			<Agi>105</Agi>
			<Int>105</Int>
			<range>60</range>
			<skill sk3="" sk4=""/> 
			<sgs>4023</sgs>
	</hero>
		<!--梁纲-->
		<hero	id="1071" type="4" name="hero_1071" rate="0" belong="0" gold="100000" main="1" icon="H1071" anim="H_07" description="hero_desc_1071">   
			<Str>105</Str>
			<Agi>105</Agi>
			<Int>105</Int>
			<range>60</range>
			<skill sk3="" sk4=""/> 
			<sgs>4003</sgs>
	</hero>
		<!--乐就-->
		<hero	id="1072" type="4" name="hero_1072" rate="0" belong="0" gold="100000" main="1" icon="H1072" anim="H_20" description="hero_desc_1072">   
			<Str>105</Str>
			<Agi>105</Agi>
			<Int>105</Int>
			<range>60</range>
			<skill sk3="" sk4=""/> 
			<sgs>4033</sgs>
	</hero>
		<!--吕范-->
		<hero	id="1073" type="4" name="hero_1073" rate="0" belong="0" gold="100000" main="1" icon="H1073" anim="H_21" description="hero_desc_1073">   
			<Str>105</Str>
			<Agi>105</Agi>
			<Int>105</Int>
			<range>60</range>
			<skill sk3="" sk4=""/> 
			<sgs>4043</sgs>
	</hero>
		<!--袁焕-->
		<hero	id="1074" type="4" name="hero_1074" rate="0" belong="0" gold="100000" main="1" icon="H1074" anim="H_22" description="hero_desc_1074">   
			<Str>105</Str>
			<Agi>105</Agi>
			<Int>105</Int>
			<range>60</range>
			<skill sk3="" sk4=""/> 
			<sgs>4053</sgs>
	</hero>
		<!--韩浩-->
		<hero	id="1075" type="4" name="hero_1075" rate="0" belong="0" gold="100000" main="1" icon="H1075" anim="H_23" description="hero_desc_1075">   
			<Str>105</Str>
			<Agi>105</Agi>
			<Int>105</Int>
			<range>60</range>
			<skill sk3="" sk4=""/> 
			<sgs>4093</sgs>
	</hero>
		<!--雷簿-->
		<hero	id="1076" type="3" name="hero_1076" rate="0" belong="0" gold="100000" main="1" icon="H1076" anim="H_24" description="hero_desc_1076">   
			<Str>120</Str>
			<Agi>120</Agi>
			<Int>120</Int>
			<range>60</range>
			<skill sk3="" sk4=""/> 
			<sgs>4063</sgs>
	</hero>
		<!--俞涉-->
		<hero	id="1077" type="4" name="hero_1077" rate="0" belong="0" gold="100000" main="1" icon="H1077" anim="H_25" description="hero_desc_1077">   
			<Str>120</Str>
			<Agi>120</Agi>
			<Int>120</Int>
			<range>60</range>
			<skill sk3="" sk4=""/> 
			<sgs>4073</sgs>
	</hero>
		<!--胡车儿-->
		<hero	id="1078" type="4" name="hero_1078" rate="10" hirelv="81" belong="1" gold="80" main="1" icon="H1078" anim="H_106" description="hero_desc_1078">   
			<Str>87</Str>
			<Agi>73</Agi>
			<Int>63</Int>
			<range>60</range>
			<skill sk3="" sk4=""/> 
			<sgs>4042</sgs>
	</hero>
		<!--张绣-->
		<hero	id="1079" type="3" name="hero_1079" rate="0" belong="0" gold="100000" main="1" icon="H1079" anim="H_26" description="hero_desc_1079">   
			<Str>120</Str>
			<Agi>120</Agi>
			<Int>120</Int>
			<range>60</range>
			<skill sk3="" sk4=""/> 
			<sgs>4054</sgs>
	</hero>
		<!--袁术-->
		<hero	id="1080" type="4" name="hero_1080" rate="0" belong="0" gold="100000" main="1" icon="H1080" anim="H_37" description="hero_desc_1080">   
			<Str>120</Str>
			<Agi>120</Agi>
			<Int>120</Int>
			<range>60</range>
			<skill sk3="" sk4=""/> 
			<sgs>4013</sgs>
	</hero>
	
	
	
	
	
<!--白马英魂-->	
		<!--公孙越-->
		<hero	id="1081" type="4" name="hero_1081" rate="0" belong="0" gold="100000" main="1" icon="H1081" anim="H_38" description="hero_desc_1081">   
			<Str>110</Str>
			<Agi>110</Agi>
			<Int>110</Int>
			<range>60</range>
			<skill sk3="" sk4=""/> 
			<sgs>4013</sgs>
	</hero>
		<!--公孙范-->
		<hero	id="1082" type="4" name="hero_1082" rate="0" belong="0" gold="100000" main="1" icon="H1082" anim="H_39" description="hero_desc_1082">   
			<Str>110</Str>
			<Agi>110</Agi>
			<Int>110</Int>
			<range>60</range>
			<skill sk3="" sk4=""/> 
			<sgs>4023</sgs>
	</hero>
		<!--严纲-->
		<hero	id="1083" type="4" name="hero_1083" rate="0" belong="0" gold="100000" main="1" icon="H1083" anim="H_40" description="hero_desc_1083">   
			<Str>110</Str>
			<Agi>110</Agi>
			<Int>110</Int>
			<range>60</range>
			<skill sk3="" sk4=""/> 
			<sgs>4033</sgs>
	</hero>
		<!--田楷-->
		<hero	id="1084" type="4" name="hero_1084" rate="0" belong="0" gold="100000" main="1" icon="H1084" anim="H_41" description="hero_desc_1084">   
			<Str>110</Str>
			<Agi>110</Agi>
			<Int>110</Int>
			<range>60</range>
			<skill sk3="" sk4=""/> 
			<sgs>4043</sgs>
	</hero>
		<!--单经-->
		<hero	id="1085" type="4" name="hero_1085" rate="0" belong="0" gold="100000" main="1" icon="H1085" anim="H_42" description="hero_desc_1085">   
			<Str>110</Str>
			<Agi>110</Agi>
			<Int>110</Int>
			<range>60</range>
			<skill sk3="" sk4=""/> 
			<sgs>4053</sgs>
	</hero>
		<!--关靖-->
		<hero	id="1086" type="4" name="hero_1086" rate="0" belong="0" gold="100000" main="1" icon="H1086" anim="H_43" description="hero_desc_1086">   
			<Str>110</Str>
			<Agi>110</Agi>
			<Int>110</Int>
			<range>60</range>
			<skill sk3="" sk4=""/> 
			<sgs>4063</sgs>
	</hero>
		<!--公孙康-->
		<hero	id="1087" type="4" name="hero_1087" rate="0" belong="0" gold="100000" main="1" icon="H1087" anim="H_01" description="hero_desc_1087">   
			<Str>110</Str>
			<Agi>110</Agi>
			<Int>110</Int>
			<range>60</range>
			<skill sk3="" sk4=""/> 
			<sgs>4015</sgs>
	</hero>
		<!--卑衍-->
		<hero	id="1088" type="4" name="hero_1088" rate="0" belong="0" gold="100000" main="1" icon="H1088" anim="H_02" description="hero_desc_1088">   
			<Str>110</Str>
			<Agi>110</Agi>
			<Int>110</Int>
			<range>60</range>
			<skill sk3="" sk4=""/> 
			<sgs>4073</sgs>
	</hero>
		<!--公孙度-->
		<hero	id="1089" type="4" name="hero_1089" rate="0" belong="0" gold="100000" main="1" icon="H1089" anim="H_03" description="hero_desc_1089">   
			<Str>110</Str>
			<Agi>110</Agi>
			<Int>110</Int>
			<range>60</range>
			<skill sk3="" sk4=""/> 
			<sgs>4015</sgs>
	</hero>
		<!--杨祚-->
		<hero	id="1090" type="4" name="hero_1090" rate="0" belong="0" gold="100000" main="1" icon="H1090" anim="H_04" description="hero_desc_1090">   
			<Str>110</Str>
			<Agi>110</Agi>
			<Int>110</Int>
			<range>60</range>
			<skill sk3="" sk4=""/> 
			<sgs>4015</sgs>
	</hero>
		<!--公孙渊-->
		<hero	id="1091" type="4" name="hero_1091" rate="0" belong="0" gold="100000" main="1" icon="H1091" anim="H_05" description="hero_desc_1091">   
			<Str>110</Str>
			<Agi>110</Agi>
			<Int>110</Int>
			<range>60</range>
			<skill sk3="" sk4=""/> 
			<sgs>4015</sgs>
	</hero>
		<!--韩起-->
		<hero	id="1092" type="3" name="hero_1092" rate="0" belong="0" gold="100000" main="1" icon="H1092" anim="H_06" description="hero_desc_1092">   
			<Str>130</Str>
			<Agi>130</Agi>
			<Int>130</Int>
			<range>60</range>
			<skill sk3="" sk4=""/> 
			<sgs>4015</sgs>
	</hero>
		<!--公孙恭-->
		<hero	id="1093" type="3" name="hero_1093" rate="0" belong="0" gold="100000" main="1" icon="H1093" anim="H_07" description="hero_desc_1093">   
			<Str>130</Str>
			<Agi>130</Agi>
			<Int>130</Int>
			<range>60</range>
			<skill sk3="" sk4=""/> 
			<sgs>4015</sgs>
	</hero>
		<!--邹丹-->
		<hero	id="1094" type="3" name="hero_1094" rate="0" belong="0" gold="100000" main="1" icon="H1094" anim="H_08" description="hero_desc_1094">   
			<Str>130</Str>
			<Agi>130</Agi>
			<Int>130</Int>
			<range>60</range>
			<skill sk3="" sk4=""/> 
			<sgs>4002</sgs>
	</hero>
		<!--公孙瓒-->
		<hero	id="1095" type="3" name="hero_1095" rate="6" hirelv="99" belong="1" gold="250" main="2" icon="H1095" anim="H_106" description="hero_desc_1095">   
			<Str>83</Str>
			<Agi>82</Agi>
			<Int>69</Int>
			<range>60</range>
			<skill sk3="" sk4=""/> 
			<sgs>4002</sgs>
	</hero>	
			
			
			
			
			
			
			
<!--西凉雄兵-->		

		<!--张横-->
		<hero	id="1096" type="4" name="hero_1096" rate="0" belong="0" gold="100000" main="1" icon="H1096" anim="H_19" description="hero_desc_1096">   
			<Str>130</Str>
			<Agi>130</Agi>
			<Int>130</Int>
			<range>60</range>
			<skill sk3="" sk4=""/> 
			<sgs>4001</sgs>
	</hero>
		<!--候选-->
		<hero	id="1097" type="4" name="hero_1097" rate="0" belong="0" gold="100000" main="1" icon="H1097" anim="H_20" description="hero_desc_1097">   
			<Str>130</Str>
			<Agi>130</Agi>
			<Int>130</Int>
			<range>60</range>
			<skill sk3="" sk4=""/> 
			<sgs>4002</sgs>
	</hero>
		<!--程银-->
		<hero	id="1098" type="4" name="hero_1098" rate="0" belong="0" gold="100000" main="1" icon="H1098" anim="H_21" description="hero_desc_1098">   
			<Str>130</Str>
			<Agi>130</Agi>
			<Int>130</Int>
			<range>60</range>
			<skill sk3="" sk4=""/> 
			<sgs>4003</sgs>
	</hero>
		<!--李堪-->
		<hero	id="1099" type="4" name="hero_1099" rate="0" belong="0" gold="100000" main="1" icon="H1099" anim="H_22" description="hero_desc_1099">   
			<Str>130</Str>
			<Agi>130</Agi>
			<Int>130</Int>
			<range>60</range>
			<skill sk3="" sk4=""/> 
			<sgs>4063</sgs>
	</hero>
		<!--梁兴-->
		<hero	id="1100" type="4" name="hero_1100" rate="0" belong="0" gold="100000" main="1" icon="H1100" anim="H_23" description="hero_desc_1100">   
			<Str>130</Str>
			<Agi>130</Agi>
			<Int>130</Int>
			<range>60</range>
			<skill sk3="" sk4=""/> 
			<sgs>4073</sgs>
	</hero>
		<!--成宜-->
		<hero	id="1101" type="4" name="hero_1101" rate="0" belong="0" gold="100000" main="1" icon="H1101" anim="H_24" description="hero_desc_1101">   
			<Str>130</Str>
			<Agi>130</Agi>
			<Int>130</Int>
			<range>60</range>
			<skill sk3="" sk4=""/> 
			<sgs>4023</sgs>
	</hero>
		<!--马玩-->
		<hero	id="1102" type="4" name="hero_1102" rate="0" belong="0" gold="100000" main="1" icon="H1102" anim="H_25" description="hero_desc_1102">   
			<Str>130</Str>
			<Agi>130</Agi>
			<Int>130</Int>
			<range>60</range>
			<skill sk3="" sk4=""/> 
			<sgs>4004</sgs>
	</hero>				
		<!--韩遂-->
		<hero	id="1103" type="3" name="hero_1103" rate="0" belong="0" gold="100000" main="1" icon="H1103" anim="H_26" description="hero_desc_1103">   
			<Str>150</Str>
			<Agi>150</Agi>
			<Int>150</Int>
			<range>60</range>
			<skill sk3="" sk4=""/> 
			<sgs>4004</sgs>
	</hero>
		<!--杨秋-->
		<hero	id="1104" type="4" name="hero_1104" rate="0" belong="0" gold="100000" main="1" icon="H1104" anim="H_37" description="hero_desc_1104">   
			<Str>150</Str>
			<Agi>150</Agi>
			<Int>150</Int>
			<range>60</range>
			<skill sk3="" sk4=""/> 
			<sgs>4073</sgs>
	</hero>
		<!--杨柏-->
		<hero	id="1105" type="4" name="hero_1105" rate="0" belong="0" gold="100000" main="1" icon="H1105" anim="H_38" description="hero_desc_1105">   
			<Str>150</Str>
			<Agi>150</Agi>
			<Int>150</Int>
			<range>60</range>
			<skill sk3="" sk4=""/> 
			<sgs>4063</sgs>
	</hero>
		<!--马休-->
		<hero	id="1106" type="3" name="hero_1106" rate="0" belong="0" gold="100000" main="1" icon="H1106" anim="H_39" description="hero_desc_1106">   
			<Str>150</Str>
			<Agi>150</Agi>
			<Int>150</Int>
			<range>60</range>
			<skill sk3="" sk4=""/> 
			<sgs>4004</sgs>
	</hero>
		<!--马铁-->
		<hero	id="1107" type="3" name="hero_1107" rate="0" belong="0" gold="100000" main="1" icon="H1107" anim="H_40" description="hero_desc_1107">   
			<Str>150</Str>
			<Agi>150</Agi>
			<Int>150</Int>
			<range>60</range>
			<skill sk3="" sk4=""/> 
			<sgs>4004</sgs>
	</hero>
		<!--马腾-->
		<hero	id="1108" type="2" name="hero_1108" rate="0" belong="0" gold="100000" main="1" icon="H1108" anim="H_41" description="hero_desc_1108">   
			<Str>150</Str>
			<Agi>150</Agi>
			<Int>150</Int>
			<range>60</range>
			<skill sk3="" sk4=""/> 
			<sgs>4004</sgs>
	</hero>		
	
<!--进击西蜀-->			
	
		<!--张任-->
		<hero	id="1109" type="3" name="hero_1109" rate="6" hirelv="115" belong="1" gold="150" main="2" icon="H1109" anim="H_108" description="hero_desc_1109">   
			<Str>86</Str>
			<Agi>81</Agi>
			<Int>63</Int>
			<range>60</range>
			<skill sk3="" sk4=""/> 
			<sgs>4023</sgs>
	</hero>
		<!--张松-->
		<hero	id="1110" type="4" name="hero_1110" rate="0" belong="0" gold="100000" main="1" icon="H1110" anim="H_42" description="hero_desc_1110">   
			<Str>150</Str>
			<Agi>150</Agi>
			<Int>150</Int>
			<range>60</range>
			<skill sk3="" sk4=""/> 
			<sgs>4044</sgs>
	</hero>
		<!--黄权-->
		<hero	id="1111" type="3" name="hero_1111" rate="0" belong="0" gold="100000" main="1" icon="H1111" anim="H_43" description="hero_desc_1111">   
			<Str>150</Str>
			<Agi>150</Agi>
			<Int>150</Int>
			<range>60</range>
			<skill sk3="" sk4=""/> 
			<sgs>4044</sgs>
	</hero>
		<!--高沛-->
		<hero	id="1112" type="4" name="hero_1112" rate="0" belong="0" gold="100000" main="1" icon="H1112" anim="H_01" description="hero_desc_1112">   
			<Str>150</Str>
			<Agi>150</Agi>
			<Int>150</Int>
			<range>60</range>
			<skill sk3="" sk4=""/> 
			<sgs>4033</sgs>
	</hero>
		<!--杨怀-->
		<hero	id="1113" type="4" name="hero_1113" rate="0" belong="0" gold="100000" main="1" icon="H1113" anim="H_02" description="hero_desc_1113">   
			<Str>150</Str>
			<Agi>150</Agi>
			<Int>150</Int>
			<range>60</range>
			<skill sk3="" sk4=""/> 
			<sgs>4043</sgs>
	</hero>
		<!--邓贤-->
		<hero	id="1114" type="4" name="hero_1114" rate="0" belong="0" gold="100000" main="1" icon="H1114" anim="H_03" description="hero_desc_1114">   
			<Str>150</Str>
			<Agi>150</Agi>
			<Int>150</Int>
			<range>60</range>
			<skill sk3="" sk4=""/> 
			<sgs>4044</sgs>
	</hero>
		<!--刘璝-->
		<hero	id="1115" type="4" name="hero_1115" rate="0" belong="0" gold="100000" main="1" icon="H1115" anim="H_04" description="hero_desc_1115">   
			<Str>150</Str>
			<Agi>150</Agi>
			<Int>150</Int>
			<range>60</range>
			<skill sk3="" sk4=""/> 
			<sgs>4013</sgs>
	</hero>
		<!--泠苞-->
		<hero	id="1116" type="3" name="hero_1116" rate="0" belong="0" gold="100000" main="1" icon="H1116" anim="H_05" description="hero_desc_1116">   
			<Str>150</Str>
			<Agi>150</Agi>
			<Int>150</Int>
			<range>60</range>
			<skill sk3="" sk4=""/> 
			<sgs>4044</sgs>
	</hero>
		<!--刘巴-->
		<hero	id="1117" type="4" name="hero_1117" rate="0" belong="0" gold="100000" main="1" icon="H1117" anim="H_06" description="hero_desc_1117">   
			<Str>150</Str>
			<Agi>150</Agi>
			<Int>150</Int>
			<range>60</range>
			<skill sk3="" sk4=""/> 
			<sgs>4063</sgs>
	</hero>
		<!--李异-->
		<hero	id="1118" type="4" name="hero_1118" rate="0" belong="0" gold="100000" main="1" icon="H1118" anim="H_08" description="hero_desc_1118">   
			<Str>150</Str>
			<Agi>150</Agi>
			<Int>150</Int>
			<range>60</range>
			<skill sk3="" sk4=""/> 
			<sgs>4013</sgs>
	</hero>
		<!--王累-->
		<hero	id="1119" type="4" name="hero_1119" rate="0" belong="0" gold="100000" main="1" icon="H1119" anim="H_07" description="hero_desc_1119">   
			<Str>150</Str>
			<Agi>150</Agi>
			<Int>150</Int>
			<range>60</range>
			<skill sk3="" sk4=""/> 
			<sgs>4053</sgs>
	</hero>
		<!--王甫-->
		<hero	id="1120" type="4" name="hero_1120" rate="0" belong="0" gold="100000" main="1" icon="H1120" anim="H_19" description="hero_desc_1120">   
			<Str>150</Str>
			<Agi>150</Agi>
			<Int>150</Int>
			<range>60</range>
			<skill sk3="" sk4=""/> 
			<sgs>4043</sgs>
	</hero>
	    <!--吴懿-->
		<hero	id="1121" type="3" name="hero_1121" rate="0" belong="0" gold="100000" main="1" icon="H1121" anim="H_20" description="hero_desc_1121">   
			<Str>170</Str>
			<Agi>170</Agi>
			<Int>170</Int>
			<range>60</range>
			<skill sk3="" sk4=""/> 
			<sgs>4023</sgs>
	</hero>
		<!--李恢-->
		<hero	id="1122" type="4" name="hero_1122" rate="0" belong="0" gold="100000" main="1" icon="H1122" anim="H_21" description="hero_desc_1122">   
			<Str>170</Str>
			<Agi>170</Agi>
			<Int>170</Int>
			<range>60</range>
			<skill sk3="" sk4=""/> 
			<sgs>4073</sgs>
	</hero>
		<!--秦宓-->
		<hero	id="1123" type="4" name="hero_1123" rate="0" belong="0" gold="100000" main="1" icon="H1123" anim="H_22" description="hero_desc_1123">   
			<Str>170</Str>
			<Agi>170</Agi>
			<Int>170</Int>
			<range>60</range>
			<skill sk3="" sk4=""/> 
			<sgs>4063</sgs>
	</hero>
		<!--张嶷-->
		<hero	id="1124" type="3" name="hero_1124" rate="0" belong="0" gold="100000" main="1" icon="H1124" anim="H_23" description="hero_desc_1124">   
			<Str>170</Str>
			<Agi>170</Agi>
			<Int>170</Int>
			<range>60</range>
			<skill sk3="" sk4=""/> 
			<sgs>4023</sgs>
	</hero>
		<!--费祎-->
		<hero	id="1125" type="4" name="hero_1125" rate="0" belong="0" gold="100000" main="1" icon="H1125" anim="H_24" description="hero_desc_1125">   
			<Str>170</Str>
			<Agi>170</Agi>
			<Int>170</Int>
			<range>60</range>
			<skill sk3="" sk4=""/> 
			<sgs>4043</sgs>
	</hero>
		<!--吴兰-->
		<hero	id="1126" type="3" name="hero_1126" rate="0" belong="0" gold="100000" main="1" icon="H1126" anim="H_25" description="hero_desc_1126">   
			<Str>170</Str>
			<Agi>170</Agi>
			<Int>170</Int>
			<range>60</range>
			<skill sk3="" sk4=""/> 
			<sgs>4054</sgs>
	</hero>
		<!--雷铜-->
		<hero	id="1127" type="3" name="hero_1127" rate="0" belong="0" gold="100000" main="1" icon="H1127" anim="H_26" description="hero_desc_1127">   
			<Str>170</Str>
			<Agi>170</Agi>
			<Int>170</Int>
			<range>60</range>
			<skill sk3="" sk4=""/> 
			<sgs>4054</sgs>
	</hero>
		<!--刘璋-->
		<hero	id="1128" type="3" name="hero_1128" rate="0" belong="0" gold="100000" main="1" icon="H1128" anim="H_37" description="hero_desc_1128">   
			<Str>170</Str>
			<Agi>170</Agi>
			<Int>170</Int>
			<range>60</range>
			<skill sk3="" sk4=""/> 
			<sgs>4073</sgs>
	</hero>
		<!--刘焉-->
		<hero	id="1129" type="3" name="hero_1129" rate="0" belong="0" gold="100000" main="1" icon="H1129" anim="H_38" description="hero_desc_1129">   
			<Str>170</Str>
			<Agi>170</Agi>
			<Int>170</Int>
			<range>60</range>
			<skill sk3="" sk4=""/> 
			<sgs>4063</sgs>
	</hero>
	
	
<!--浪越荆州-->
		<!--刘琦-->
		<hero	id="1130" type="4" name="hero_1130" rate="0" belong="0" gold="100000" main="1" icon="H1130" anim="H_39" description="hero_desc_1130">   
			<Str>170</Str>
			<Agi>170</Agi>
			<Int>170</Int>
			<range>60</range>
			<skill sk3="" sk4=""/> 
			<sgs>4034</sgs>
	</hero>
		<!--刘琮-->
		<hero	id="1131" type="4" name="hero_1131" rate="0" belong="0" gold="100000" main="1" icon="H1131" anim="H_40" description="hero_desc_1131">   
			<Str>170</Str>
			<Agi>170</Agi>
			<Int>170</Int>
			<range>60</range>
			<skill sk3="" sk4=""/> 
			<sgs>4034</sgs>
	</hero>
		<!--文聘-->
		<hero	id="1132" type="3" name="hero_1132" rate="6" hirelv="139" belong="1" gold="200" main="2" icon="H1132" anim="H_109" description="hero_desc_1132">   
			<Str>82</Str>
			<Agi>89</Agi>
			<Int>77</Int>
			<range>60</range>
			<skill sk3="" sk4=""/> 
			<sgs>4013</sgs>
	</hero>
		<!--蒯越-->
		<hero	id="1133" type="4" name="hero_1133" rate="0" belong="0" gold="100000" main="1" icon="H1133" anim="H_07" description="hero_desc_1133">   
			<Str>170</Str>
			<Agi>170</Agi>
			<Int>170</Int>
			<range>60</range>
			<skill sk3="" sk4=""/> 
			<sgs>4034</sgs>
	</hero>
		<!--王威-->
		<hero	id="1134" type="4" name="hero_1134" rate="0" belong="0" gold="100000" main="1" icon="H1134" anim="H_41" description="hero_desc_1134">   
			<Str>170</Str>
			<Agi>170</Agi>
			<Int>170</Int>
			<range>60</range>
			<skill sk3="" sk4=""/> 
			<sgs>4023</sgs>
	</hero>
		<!--蔡瑁-->
		<hero	id="1135" type="3" name="hero_1135" rate="0" belong="0" gold="100000" main="1" icon="H1135" anim="H_42" description="hero_desc_1135">   
			<Str>170</Str>
			<Agi>170</Agi>
			<Int>170</Int>
			<range>60</range>
			<skill sk3="" sk4=""/> 
			<sgs>4013</sgs>
	</hero>
		<!--张允-->
		<hero	id="1136" type="3" name="hero_1136" rate="0" belong="0" gold="100000" main="1" icon="H1136" anim="H_43" description="hero_desc_1136">   
			<Str>170</Str>
			<Agi>170</Agi>
			<Int>170</Int>
			<range>60</range>
			<skill sk3="" sk4=""/> 
			<sgs>4013</sgs>
	</hero>
		<!--黄祖-->
		<hero	id="1137" type="3" name="hero_1137" rate="0" belong="0" gold="100000" main="1" icon="H1137" anim="H_01" description="hero_desc_1137">   
			<Str>170</Str>
			<Agi>170</Agi>
			<Int>170</Int>
			<range>60</range>
			<skill sk3="" sk4=""/> 
			<sgs>4054</sgs>
	</hero>
		<!--伊籍-->
		<hero	id="1138" type="3" name="hero_1138" rate="0" belong="0" gold="100000" main="1" icon="H1138" anim="H_44" description="hero_desc_1138">   
			<Str>170</Str>
			<Agi>170</Agi>
			<Int>170</Int>
			<range>60</range>
			<skill sk3="" sk4=""/> 
			<sgs>4063</sgs>
	</hero>
		<!--蒯良-->
		<hero	id="1139" type="3" name="hero_1139" rate="0" belong="0" gold="100000" main="1" icon="H1139" anim="H_07" description="hero_desc_1139">   
			<Str>170</Str>
			<Agi>170</Agi>
			<Int>170</Int>
			<range>60</range>
			<skill sk3="" sk4=""/> 
			<sgs>4073</sgs>
	</hero>
		<!--蔡和-->
		<hero	id="1140" type="4" name="hero_1140" rate="0" belong="0" gold="100000" main="1" icon="H1140" anim="H_02" description="hero_desc_1140">   
			<Str>170</Str>
			<Agi>170</Agi>
			<Int>170</Int>
			<range>60</range>
			<skill sk3="" sk4=""/> 
			<sgs>4053</sgs>
	</hero>
		<!--蔡勋-->
		<hero	id="1141" type="4" name="hero_1141" rate="0" belong="0" gold="100000" main="1" icon="H1141" anim="H_03" description="hero_desc_1141">   
			<Str>170</Str>
			<Agi>170</Agi>
			<Int>170</Int>
			<range>60</range>
			<skill sk3="" sk4=""/> 
			<sgs>4043</sgs>
	</hero>
		<!--邢道荣-->
		<hero	id="1142" type="3" name="hero_1142" rate="0" belong="0" gold="100000" main="1" icon="H1142" anim="H_04" description="hero_desc_1142">   
			<Str>190</Str>
			<Agi>190</Agi>
			<Int>190</Int>
			<range>60</range>
			<skill sk3="" sk4=""/> 
			<sgs>4033</sgs>
	</hero>
		<!--苏飞-->
		<hero	id="1143" type="3" name="hero_1143" rate="0" belong="0" gold="100000" main="1" icon="H1143" anim="H_05" description="hero_desc_1143">   
			<Str>190</Str>
			<Agi>190</Agi>
			<Int>190</Int>
			<range>60</range>
			<skill sk3="" sk4=""/> 
			<sgs>4054</sgs>
	</hero>
		<!--韩玄-->
		<hero	id="1144" type="3" name="hero_1144" rate="0" belong="0" gold="100000" main="1" icon="H1144" anim="H_06" description="hero_desc_1144">   
			<Str>190</Str>
			<Agi>190</Agi>
			<Int>190</Int>
			<range>60</range>
			<skill sk3="" sk4=""/> 
			<sgs>4054</sgs>
	</hero>
		<!--金旋-->
		<hero	id="1145" type="3" name="hero_1145" rate="0" belong="0" gold="100000" main="1" icon="H1145" anim="H_08" description="hero_desc_1145">   
			<Str>190</Str>
			<Agi>190</Agi>
			<Int>190</Int>
			<range>60</range>
			<skill sk3="" sk4=""/> 
			<sgs>4054</sgs>
	</hero>
		<!--赵范-->
		<hero	id="1146" type="3" name="hero_1146" rate="0" belong="0" gold="100000" main="1" icon="H1146" anim="H_19" description="hero_desc_1146">   
			<Str>190</Str>
			<Agi>190</Agi>
			<Int>190</Int>
			<range>60</range>
			<skill sk3="" sk4=""/> 
			<sgs>4063</sgs>
	</hero>
		<!--刘表-->
		<hero	id="1147" type="3" name="hero_1147" rate="0" belong="0" gold="100000" main="1" icon="H1147" anim="H_07" description="hero_desc_1147">   
			<Str>190</Str>
			<Agi>190</Agi>
			<Int>190</Int>
			<range>60</range>
			<skill sk3="" sk4=""/> 
			<sgs>4054</sgs>
	</hero>
	
	
	
	
	
	
<!--异族犯境-->
		<!--兀突骨-->
		<hero	id="1148" type="2" name="hero_1148" rate="4" hirelv="156" belong="1" gold="300" main="1" icon="H1148" anim="H_110" description="hero_desc_1148">   
			<Str>93</Str>
			<Agi>91</Agi>
			<Int>38</Int>
			<range>60</range>
			<skill sk3="" sk4=""/> 
			<sgs>4094</sgs>
	</hero>
		<!--董荼那-->
		<hero	id="1149" type="4" name="hero_1149" rate="0" belong="0" gold="100000" main="1" icon="H1149" anim="H_08" description="hero_desc_1149">   
			<Str>190</Str>
			<Agi>190</Agi>
			<Int>190</Int>
			<range>60</range>
			<skill sk3="" sk4=""/> 
			<sgs>4082</sgs>
	</hero>
		<!--阿会喃-->
		<hero	id="1150" type="4" name="hero_1150" rate="0" belong="0" gold="100000" main="1" icon="H1150" anim="H_19" description="hero_desc_1150">   
			<Str>190</Str>
			<Agi>190</Agi>
			<Int>190</Int>
			<range>60</range>
			<skill sk3="" sk4=""/> 
			<sgs>4092</sgs>
	</hero>
		<!--金环三结-->
		<hero	id="1151" type="3" name="hero_1151" rate="0" belong="0" gold="100000" main="1" icon="H1151" anim="H_20" description="hero_desc_1151">   
			<Str>190</Str>
			<Agi>190</Agi>
			<Int>190</Int>
			<range>60</range>
			<skill sk3="" sk4=""/> 
			<sgs>4083</sgs>
	</hero>
		<!--带来洞主-->
		<hero	id="1152" type="3" name="hero_1152" rate="0" belong="0" gold="100000" main="1" icon="H1152" anim="H_21" description="hero_desc_1152">   
			<Str>190</Str>
			<Agi>190</Agi>
			<Int>190</Int>
			<range>60</range>
			<skill sk3="" sk4=""/> 
			<sgs>4093</sgs>
	</hero>
		<!--孟优-->
		<hero	id="1153" type="3" name="hero_1153" rate="0" belong="0" gold="100000" main="1" icon="H1153" anim="H_22" description="hero_desc_1153">   
			<Str>190</Str>
			<Agi>190</Agi>
			<Int>190</Int>
			<range>60</range>
			<skill sk3="" sk4=""/> 
			<sgs>4084</sgs>
	</hero>
		<!--木鹿大王-->
		<hero	id="1154" type="3" name="hero_1154" rate="0" belong="0" gold="100000" main="1" icon="H1154" anim="H_23" description="hero_desc_1154">   
			<Str>190</Str>
			<Agi>190</Agi>
			<Int>190</Int>
			<range>60</range>
			<skill sk3="" sk4=""/> 
			<sgs>4094</sgs>
	</hero>
		<!--朵思大王-->
		<hero	id="1155" type="3" name="hero_1155" rate="0" belong="0" gold="100000" main="1" icon="H1155" anim="H_24" description="hero_desc_1155">   
			<Str>190</Str>
			<Agi>190</Agi>
			<Int>190</Int>
			<range>60</range>
			<skill sk3="" sk4=""/> 
			<sgs>4094</sgs>
	</hero>
		<!--忙牙长-->
		<hero	id="1156" type="4" name="hero_1156" rate="0" belong="0" gold="100000" main="1" icon="H1156" anim="H_25" description="hero_desc_1156">   
			<Str>190</Str>
			<Agi>190</Agi>
			<Int>190</Int>
			<range>60</range>
			<skill sk3="" sk4=""/> 
			<sgs>4083</sgs>
	</hero>
		<!--杨锋-->
		<hero	id="1157" type="3" name="hero_1157" rate="0" belong="0" gold="100000" main="1" icon="H1157" anim="H_26" description="hero_desc_1157">   
			<Str>190</Str>
			<Agi>190</Agi>
			<Int>190</Int>
			<range>60</range>
			<skill sk3="" sk4=""/> 
			<sgs>4093</sgs>
	</hero>
		<!--祝融夫人-->
		<hero	id="1158" type="2" name="hero_1158" rate="4" hirelv="166" belong="1" gold="250" main="2" icon="H1158" anim="H_111" description="hero_desc_1158">   
			<Str>90</Str>
			<Agi>96</Agi>
			<Int>53</Int>
			<range>60</range>
			<skill sk3="" sk4=""/> 
			<sgs>4083</sgs>
	</hero>
		<!--孟获-->
		<hero	id="1159" type="3" name="hero_1159" rate="0" belong="0" gold="100000" main="1" icon="H1159" anim="H_37" description="hero_desc_1159">   
			<Str>210</Str>
			<Agi>210</Agi>
			<Int>210</Int>
			<range>60</range>
			<skill sk3="" sk4=""/> 
			<sgs>4084</sgs>
	</hero>
		<!--於夫罗-->
		<hero	id="1160" type="3" name="hero_1160" rate="0" belong="0" gold="100000" main="1" icon="H1160" anim="H_38" description="hero_desc_1160">   
			<Str>210</Str>
			<Agi>210</Agi>
			<Int>210</Int>
			<range>60</range>
			<skill sk3="" sk4=""/> 
			<sgs>4026</sgs>
	</hero>
		<!--呼厨泉-->
		<hero	id="1161" type="3" name="hero_1161" rate="0" belong="0" gold="100000" main="1" icon="H1161" anim="H_39" description="hero_desc_1161">   
			<Str>210</Str>
			<Agi>210</Agi>
			<Int>210</Int>
			<range>60</range>
			<skill sk3="" sk4=""/> 
			<sgs>4026</sgs>
	</hero>
		<!--越吉-->
		<hero	id="1162" type="3" name="hero_1162" rate="0" belong="0" gold="100000" main="1" icon="H1162" anim="H_40" description="hero_desc_1162">   
			<Str>210</Str>
			<Agi>210</Agi>
			<Int>210</Int>
			<range>60</range>
			<skill sk3="" sk4=""/> 
			<sgs>4026</sgs>
	</hero>
		<!--沙摩柯-->
		<hero	id="1163" type="2" name="hero_1163" rate="0" belong="0" gold="100000" main="1" icon="H1163" anim="H_41" description="hero_desc_1163">   
			<Str>210</Str>
			<Agi>210</Agi>
			<Int>210</Int>
			<range>60</range>
			<skill sk3="" sk4=""/> 
			<sgs>4004</sgs>
	</hero>
		<!--彻里吉-->
		<hero	id="1164" type="2" name="hero_1164" rate="0" belong="0" gold="100000" main="1" icon="H1164" anim="H_42" description="hero_desc_1164">   
			<Str>210</Str>
			<Agi>210</Agi>
			<Int>210</Int>
			<range>60</range>
			<skill sk3="" sk4=""/> 
			<sgs>4004</sgs>
	</hero>
	
	

	
	
	
	
<!--官渡雄兵-->
		<!--袁谭-->
		<hero	id="1165" type="4" name="hero_1165" rate="0" belong="0" gold="100000" main="1" icon="H1165" anim="H_43" description="hero_desc_1165">   
			<Str>210</Str>
			<Agi>210</Agi>
			<Int>210</Int>
			<range>60</range>
			<skill sk3="" sk4=""/> 
			<sgs>4025</sgs>
	</hero>
		<!--淳于琼-->
		<hero	id="1166" type="4" name="hero_1166" rate="0" belong="0" gold="100000" main="1" icon="H1166" anim="H_01" description="hero_desc_1166">   
			<Str>210</Str>
			<Agi>210</Agi>
			<Int>210</Int>
			<range>60</range>
			<skill sk3="" sk4=""/> 
			<sgs>4033</sgs>
	</hero>
		<!--颜良-->
		<hero	id="1167" type="2" name="hero_1167" rate="4" hirelv="176" belong="1" gold="250" main="1" icon="H1167" anim="H_112" description="hero_desc_1167">   
			<Str>95</Str>
			<Agi>92</Agi>
			<Int>42</Int>
			<range>60</range>
			<skill sk3="" sk4=""/> 
			<sgs>4023</sgs>
	</hero>
		<!--袁尚-->
		<hero	id="1168" type="4" name="hero_1168" rate="0" belong="0" gold="100000" main="1" icon="H1168" anim="H_02" description="hero_desc_1168">   
			<Str>210</Str>
			<Agi>210</Agi>
			<Int>210</Int>
			<range>60</range>
			<skill sk3="" sk4=""/> 
			<sgs>4025</sgs>
	</hero>
		<!--逢纪-->
		<hero	id="1169" type="4" name="hero_1169" rate="0" belong="0" gold="100000" main="1" icon="H1169" anim="H_44" description="hero_desc_1169">   
			<Str>210</Str>
			<Agi>210</Agi>
			<Int>210</Int>
			<range>60</range>
			<skill sk3="" sk4=""/> 
			<sgs>4073</sgs>
	</hero>
		<!--审配-->
		<hero	id="1170" type="3" name="hero_1170" rate="0" belong="0" gold="100000" main="1" icon="H1170" anim="H_07" description="hero_desc_1170">   
			<Str>210</Str>
			<Agi>210</Agi>
			<Int>210</Int>
			<range>60</range>
			<skill sk3="" sk4=""/> 
			<sgs>4063</sgs>
	</hero>
		<!--沮授-->
		<hero	id="1171" type="2" name="hero_1171" rate="0" belong="0" gold="100000" main="1" icon="H1171" anim="H_44" description="hero_desc_1171">   
			<Str>210</Str>
			<Agi>210</Agi>
			<Int>210</Int>
			<range>60</range>
			<skill sk3="" sk4=""/> 
			<sgs>4073</sgs>
	</hero>
		<!--郭图-->
		<hero	id="1172" type="3" name="hero_1172" rate="0" belong="0" gold="100000" main="1" icon="H1172" anim="H_07" description="hero_desc_1172">   
			<Str>210</Str>
			<Agi>210</Agi>
			<Int>210</Int>
			<range>60</range>
			<skill sk3="" sk4=""/> 
			<sgs>4063</sgs>
	</hero>
		<!--田丰-->
		<hero	id="1173" type="3" name="hero_1173" rate="0" belong="0" gold="100000" main="1" icon="H1173" anim="H_44" description="hero_desc_1173">   
			<Str>210</Str>
			<Agi>210</Agi>
			<Int>210</Int>
			<range>60</range>
			<skill sk3="" sk4=""/> 
			<sgs>4073</sgs>
	</hero>
		<!--许攸-->
		<hero	id="1174" type="4" name="hero_1174" rate="0" belong="0" gold="100000" main="1" icon="H1174" anim="H_07" description="hero_desc_1174">   
			<Str>210</Str>
			<Agi>210</Agi>
			<Int>210</Int>
			<range>60</range>
			<skill sk3="" sk4=""/> 
			<sgs>4063</sgs>
	</hero>
		<!--陈琳-->
		<hero	id="1175" type="3" name="hero_1175" rate="0" belong="0" gold="100000" main="1" icon="H1175" anim="H_44" description="hero_desc_1175">   
			<Str>210</Str>
			<Agi>210</Agi>
			<Int>210</Int>
			<range>60</range>
			<skill sk3="" sk4=""/> 
			<sgs>4073</sgs>
	</hero>
		<!--文丑-->
		<hero	id="1176" type="2" name="hero_1176" rate="4" hirelv="185" belong="1" gold="250" main="1" icon="H1176" anim="H_113" description="hero_desc_1176">   
			<Str>99</Str>
			<Agi>91</Agi>
			<Int>57</Int>
			<range>60</range>
			<skill sk3="" sk4=""/> 
			<sgs>4003</sgs>
	</hero>
		<!--高览-->
		<hero	id="1177" type="3" name="hero_1177" rate="0" belong="0" gold="100000" main="1" icon="H1177" anim="H_03" description="hero_desc_1177">   
			<Str>210</Str>
			<Agi>210</Agi>
			<Int>210</Int>
			<range>60</range>
			<skill sk3="" sk4=""/> 
			<sgs>4025</sgs>
	</hero>
		<!--辛评-->
		<hero	id="1178" type="2" name="hero_1178" rate="0" belong="0" gold="100000" main="1" icon="H1178" anim="H_04" description="hero_desc_1178">   
			<Str>210</Str>
			<Agi>210</Agi>
			<Int>210</Int>
			<range>60</range>
			<skill sk3="" sk4=""/> 
			<sgs>4063</sgs>
	</hero>
		<!--焦触-->
		<hero	id="1179" type="4" name="hero_1179" rate="0" belong="0" gold="100000" main="1" icon="H1179" anim="H_05" description="hero_desc_1179">   
			<Str>210</Str>
			<Agi>210</Agi>
			<Int>210</Int>
			<range>60</range>
			<skill sk3="" sk4=""/> 
			<sgs>4043</sgs>
	</hero>
		<!--张南-->
		<hero	id="1180" type="4" name="hero_1180" rate="0" belong="0" gold="100000" main="1" icon="H1180" anim="H_06" description="hero_desc_1180">   
			<Str>210</Str>
			<Agi>210</Agi>
			<Int>210</Int>
			<range>60</range>
			<skill sk3="" sk4=""/> 
			<sgs>4033</sgs>
	</hero>
		<!--袁熙-->
		<hero	id="1181" type="4" name="hero_1181" rate="0" belong="0" gold="100000" main="1" icon="H1181" anim="H_08" description="hero_desc_1181">   
			<Str>230</Str>
			<Agi>230</Agi>
			<Int>230</Int>
			<range>60</range>
			<skill sk3="" sk4=""/> 
			<sgs>4025</sgs>
	</hero>
		<!--吕旷-->
		<hero	id="1182" type="3" name="hero_1182" rate="0" belong="0" gold="100000" main="1" icon="H1182" anim="H_19" description="hero_desc_1182">   
			<Str>230</Str>
			<Agi>230</Agi>
			<Int>230</Int>
			<range>60</range>
			<skill sk3="" sk4=""/> 
			<sgs>4053</sgs>
	</hero>
		<!--吕翔-->
		<hero	id="1183" type="3" name="hero_1183" rate="0" belong="0" gold="100000" main="1" icon="H1183" anim="H_20" description="hero_desc_1183">   
			<Str>230</Str>
			<Agi>230</Agi>
			<Int>230</Int>
			<range>60</range>
			<skill sk3="" sk4=""/> 
			<sgs>4053</sgs>
	</hero>
		<!--麴义-->
		<hero	id="1184" type="2" name="hero_1184" rate="3" hirelv="193" belong="1" gold="300" main="2" icon="H1184" anim="H_114" description="hero_desc_1184">   
			<Str>93</Str>
			<Agi>99</Agi>
			<Int>76</Int>
			<range>60</range>
			<skill sk3="" sk4=""/> 
			<sgs>4064</sgs>
	</hero>
		<!--袁绍-->
		<hero	id="1185" type="2" name="hero_1185" rate="0" belong="0" gold="100000" main="1" icon="H1185" anim="H_21" description="hero_desc_1185">   
			<Str>230</Str>
			<Agi>230</Agi>
			<Int>230</Int>
			<range>60</range>
			<skill sk3="" sk4=""/> 
			<sgs>4025</sgs>
	</hero>
	
	
	
	
	
<!--魔降于世-->	
		<!--高顺-->
		<hero	id="1186" type="1" name="hero_1186" rate="2" hirelv="196" belong="1" gold="350" main="2" icon="H1186" anim="H_115" description="hero_desc_1186">   
			<Str>106</Str>
			<Agi>100</Agi>
			<Int>76</Int>
			<range>60</range>
			<skill sk3="" sk4=""/> 
			<sgs>4055</sgs>
	</hero>
		<!--陈登-->
		<hero	id="1187" type="3" name="hero_1187" rate="0" belong="0" gold="100000" main="1" icon="H1187" anim="H_07" description="hero_desc_1187">   
			<Str>230</Str>
			<Agi>230</Agi>
			<Int>230</Int>
			<range>60</range>
			<skill sk3="" sk4=""/> 
			<sgs>4063</sgs>
	</hero>
		<!--陈圭-->
		<hero	id="1188" type="3" name="hero_1188" rate="0" belong="0" gold="100000" main="1" icon="H1188" anim="H_44" description="hero_desc_1188">   
			<Str>230</Str>
			<Agi>230</Agi>
			<Int>230</Int>
			<range>60</range>
			<skill sk3="" sk4=""/> 
			<sgs>4063</sgs>
	</hero>
		<!--曹豹-->
		<hero	id="1189" type="4" name="hero_1189" rate="0" belong="0" gold="100000" main="1" icon="H1189" anim="H_23" description="hero_desc_1189">   
			<Str>230</Str>
			<Agi>230</Agi>
			<Int>230</Int>
			<range>60</range>
			<skill sk3="" sk4=""/> 
			<sgs>4073</sgs>
	</hero>
		<!--曹性-->
		<hero	id="1190" type="4" name="hero_1190" rate="0" belong="0" gold="100000" main="1" icon="H1190" anim="H_24" description="hero_desc_1190">   
			<Str>230</Str>
			<Agi>230</Agi>
			<Int>230</Int>
			<range>60</range>
			<skill sk3="" sk4=""/> 
			<sgs>4073</sgs>
	</hero>
		<!--孙观-->
		<hero	id="1191" type="4" name="hero_1191" rate="0" belong="0" gold="100000" main="1" icon="H1191" anim="H_25" description="hero_desc_1191">   
			<Str>230</Str>
			<Agi>230</Agi>
			<Int>230</Int>
			<range>60</range>
			<skill sk3="" sk4=""/> 
			<sgs>4023</sgs>
	</hero>
		<!--侯成-->
		<hero	id="1192" type="4" name="hero_1192" rate="0" belong="0" gold="100000" main="1" icon="H1192" anim="H_26" description="hero_desc_1192">   
			<Str>230</Str>
			<Agi>230</Agi>
			<Int>230</Int>
			<range>60</range>
			<skill sk3="" sk4=""/> 
			<sgs>4023</sgs>
	</hero>
		<!--李封-->
		<hero	id="1193" type="4" name="hero_1193" rate="0" belong="0" gold="100000" main="1" icon="H1193" anim="H_37" description="hero_desc_1193">   
			<Str>230</Str>
			<Agi>230</Agi>
			<Int>230</Int>
			<range>60</range>
			<skill sk3="" sk4=""/> 
			<sgs>4033</sgs>
	</hero>
		<!--臧霸-->
		<hero	id="1194" type="3" name="hero_1194" rate="0" belong="0" gold="100000" main="1" icon="H1194" anim="H_38" description="hero_desc_1194">   
			<Str>250</Str>
			<Agi>250</Agi>
			<Int>250</Int>
			<range>60</range>
			<skill sk3="" sk4=""/> 
			<sgs>4043</sgs>
	</hero>
		<!--郝萌-->
		<hero	id="1195" type="3" name="hero_1195" rate="0" belong="0" gold="100000" main="1" icon="H1195" anim="H_39" description="hero_desc_1195">   
			<Str>250</Str>
			<Agi>250</Agi>
			<Int>250</Int>
			<range>60</range>
			<skill sk3="" sk4=""/> 
			<sgs>4026</sgs>
	</hero>
		<!--成廉-->
		<hero	id="1196" type="3" name="hero_1196" rate="0" belong="0" gold="100000" main="1" icon="H1196" anim="H_40" description="hero_desc_1196">   
			<Str>250</Str>
			<Agi>250</Agi>
			<Int>250</Int>
			<range>60</range>
			<skill sk3="" sk4=""/> 
			<sgs>4026</sgs>
	</hero>
		<!--魏续-->
		<hero	id="1197" type="3" name="hero_1197" rate="0" belong="0" gold="100000" main="1" icon="H1197" anim="H_41" description="hero_desc_1197">   
			<Str>250</Str>
			<Agi>250</Agi>
			<Int>250</Int>
			<range>60</range>
			<skill sk3="" sk4=""/> 
			<sgs>4004</sgs>
	</hero>
		<!--宋宪-->
		<hero	id="1198" type="3" name="hero_1198" rate="0" belong="0" gold="100000" main="1" icon="H1198" anim="H_42" description="hero_desc_1198">   
			<Str>250</Str>
			<Agi>250</Agi>
			<Int>250</Int>
			<range>60</range>
			<skill sk3="" sk4=""/> 
			<sgs>4004</sgs>
	</hero>
		<!--陈宫-->
		<hero	id="1199" type="2" name="hero_1199" rate="0" belong="0" gold="100000" main="1" icon="H1199" anim="H_44" description="hero_desc_1199">   
			<Str>250</Str>
			<Agi>250</Agi>
			<Int>250</Int>
			<range>60</range>
			<skill sk3="" sk4=""/> 
			<sgs>4034</sgs>
	</hero>
		<!--吕布-->
		<hero	id="1200" type="1" name="hero_1200" rate="1" hirelv="210" belong="1" gold="350" main="1" icon="H1200" anim="H_116" description="hero_desc_1200">   
			<Str>120</Str>
			<Agi>110</Agi>
			<Int>32</Int>
			<range>60</range>
			<skill sk3="" sk4=""/> 
			<sgs>4023</sgs>
	</hero>

		<!--大乔-->
		<hero	id="1601" type="2" name="hero_1601" rate="0" belong="0" gold="100000" main="2" icon="H1601" anim="H_502" description="hero_desc_1601">   
			<Str>85</Str>
			<Agi>97</Agi>
			<Int>96</Int>
			<range>70</range>
			<skill sk3="" sk4=""/> 
			<sgs>4093</sgs>
	</hero>	
		
		<!--小乔-->
		<hero	id="1602" type="2" name="hero_1602" rate="0" belong="0" gold="100000" main="3" icon="H1602" anim="H_501" description="hero_desc_1602">   
			<Str>87</Str>
			<Agi>95</Agi>
			<Int>92</Int>
			<range>70</range>
			<skill sk3="" sk4=""/> 
			<sgs>4023</sgs>
	</hero>

		<!--甄宓-->
		<hero	id="1603" type="2" name="hero_1603" rate="0" belong="0" gold="100000" main="2" icon="H1603" anim="H_503" description="hero_desc_1603">   
			<Str>71</Str>
			<Agi>76</Agi>
			<Int>89</Int>
			<range>70</range>
			<skill sk3="" sk4=""/> 
			<sgs>4083</sgs>
	</hero>	
	

		<!--孙尚香-->
		<hero	id="1604" type="2" name="hero_1604" rate="0" belong="0" gold="100000" main="1" icon="H1604" anim="H_504" description="hero_desc_1604">   
			<Str>97</Str>
			<Agi>93</Agi>
			<Int>82</Int>
			<range>70</range>
			<skill sk3="" sk4=""/> 
			<sgs>4023</sgs>
	</hero>	
		
  </heroes>
  <releaseskill basic="1" gateadd="10" skills="10001,10002,10003,10004" skillgate="10" leveladd="1" time="10" intv="5"/>
  <hero_exp>[1,260,770,1550,2610,3950,5580,7500,9750,12320,15220,18470,22080,26060,30430,35210,40400,46020,52090,58630,65650,73170,81210,89780,98910,108600,118890,129790,141320,153500,166350,179890,194150,209150,224890,241410,258740,276890,295890,315760,336520,358200,380830,404420,429010,454600,481250,508960,537770,567700,598770,631020,664470,699150,735070,772300,810830,850700,891940,934570,978630,1024150,1071160,1119680,1169740,1221380,1274622,1329503,1386051,1444300,1504270,1566010,1629540,1694900,1762110,1831210,1902250,1975220,2050200,2127190,2206240,2287370,2370640,2456060,2543670,2633500,2725600,2820000,2916730,3015820,3117320,3221250,3327660,3436580,3548000,3662000,3778000,3898000,4020000,4144800]
  </hero_exp>
</content>
