﻿<?xml version="1.0" encoding="UTF-8"?>
<content>
	<horsers>
		<horser id="0" nextrate="40" cost="8000" >
			<item id="2402" rate="70"/>
			<item id="2403" rate="20"/>
			<item id="6405" rate="10"/>
		</horser>	
		
		<horser id="1" nextrate="30" cost="12000" >
			<item id="6406" rate="80"/>
			<item id="6408" rate="10"/>
			<item id="2404" rate="10"/>
		</horser>
		
		<horser id="2" nextrate="20" cost="16000" >
			<item id="6409" rate="80"/>
			<item id="6412" rate="10"/>
			<item id="2407" rate="10"/>
		</horser>
		
		<horser id="3" nextrate="0" cost="20000" >
			<item id="6413" rate="70"/>
			<item id="6414" rate="15"/>
			<item id="2410" rate="12"/>
			<item id="2411" rate="3"/>
     	</horser>
	</horsers>	
</content>
