﻿<?xml version="1.0" encoding="UTF-8"?>
<content>
 	
	<techs>
		<!--
			jungong : 消耗军功系数
			openlv : 多少级军机处开放
			innerCond : 需要某个科技达到condLv等级
			next : 升下一次 需要升几级的军机处
			add : 每级增加数值
			pos : 对应ui的位置
		-->
		 
		<tech id="10001" jungong="15" openlv="1" next="1"  add="1" pos="13" />
		<tech id="10002" jungong="15" openlv="10"  next="1" add="1" pos="16" />
		<tech id="10003" jungong="15" openlv="20"  next="1" add="1" pos="18" />
		<tech id="10004" jungong="15" openlv="1"  next="1" add="1" pos="12" />
		<tech id="10005" jungong="15" openlv="10"  next="1" add="1" pos="11" />
		<tech id="10006" jungong="15" openlv="20"  next="1" add="1" pos="17" />
		<tech id="10007" jungong="15" openlv="1"  next="1" add="1" pos="14" />
		<tech id="10008" jungong="15" openlv="10"  next="1" add="1" pos="15" />
		<tech id="10009" jungong="15" openlv="20"  next="1" add="1" pos="19" />
		
		<tech id="10010" jungong="250" openlv="30"  next="5" add="2" pos="8" />
		<tech id="10011" jungong="230" openlv="30"  next="5" add="2" pos="9" />
		<tech id="10012" jungong="380" openlv="30"  next="5" add="1" pos="7" />
		<tech id="10013" jungong="400" openlv="30"  next="5" add="1" pos="10" />
		
		<tech id="10014" zhen="1" zhenid="0" jungong="1000" openlv="1"  next="10" add="1" pos="3" />
		<tech id="10015" zhen="1" zhenid="1" jungong="1000" openlv="10"  next="10" add="1" pos="4" />
		<tech id="10016" zhen="1" zhenid="2" jungong="1000" openlv="20"  next="10" add="1" pos="2" />
		<tech id="10017" zhen="1" zhenid="3" jungong="1000" openlv="50" innerCond="10014" condLv="5" next="10" add="1" pos="5" />
		<tech id="10018" zhen="1" zhenid="4" jungong="1000" openlv="60" innerCond="10015" condLv="5" next="10" add="1" pos="1" />
		<tech id="10019" zhen="1" zhenid="5" jungong="1000" openlv="70" innerCond="10016" condLv="5" next="10" add="1" pos="6" />
  	</techs>
</content>
