﻿<?xml version="1.0" encoding="UTF-8"?>
<content>
 
<quests>

<!--主城-->
<quest id="10001" order="50" lv="1" pre="0"><![CDATA[{"condition":[{"build":{"type":1, "lv":5, "c":1, "total":5}}], "reward":[{"type":3, "num":5}], "group":0}]]></quest>
<quest id="10005" order="50" lv="5" pre="10001"><![CDATA[{"condition":[{"build":{"type":1, "lv":10, "c":1, "total":10}}], "reward":[{"type":3, "num":5}], "group":0}]]></quest>
<!--其他建筑-->
<quest id="10010" order="50" lv="1" pre="10001"><![CDATA[{"condition":[{"build":{"type":2, "lv":10, "c":1, "total":10}}], "reward":[{"type":4, "num":20000}], "group":0}]]></quest>
<quest id="10020" order="50" lv="1" pre="10001"><![CDATA[{"condition":[{"build":{"type":8, "lv":10, "c":1, "total":10}}], "reward":[{"type":1, "id":3051}], "group":0}]]></quest>
<quest id="10030" order="50" lv="1" pre="10001"><![CDATA[{"condition":[{"build":{"type":9, "lv":10, "c":1, "total":10}}], "reward":[{"type":1, "id":3041}], "group":0}]]></quest>
<quest id="10040" order="50" lv="1" pre="10001"><![CDATA[{"condition":[{"build":{"type":20, "lv":10, "c":1, "total":10}}], "reward":[{"type":1, "id":3031}], "group":0}]]></quest>
<quest id="10050" order="50" lv="1" pre="10001"><![CDATA[{"condition":[{"build":{"type":5, "lv":10, "c":1, "total":10}}], "reward":[{"type":1, "id":3021}], "group":0}]]></quest>
<quest id="10060" order="50" lv="1" pre="10001"><![CDATA[{"condition":[{"build":{"type":6, "lv":10, "c":1, "total":10}}], "reward":[{"type":1, "id":3001}], "group":0}]]></quest>
<quest id="10070" order="50" lv="1" pre="10001"><![CDATA[{"condition":[{"build":{"type":10, "lv":10, "c":1, "total":10}}], "reward":[{"type":1, "id":3011}], "group":0}]]></quest>
<!--武将-->
<quest id="10080" order="50" lv="1" pre="10001"><![CDATA[{"condition":[{"hero":{"lv":10, "c":1, "total":10}}], "reward":[{"type":1, "id":2602, "num":5}], "group":0}]]></quest>

<!-------------------------------------------------------->

<!--主城-->
<quest id="10101" order="50" lv="1" pre="10005"><![CDATA[{"condition":[{"build":{"type":1, "lv":15, "c":1, "total":15}}], "reward":[{"type":3, "num":5}], "group":0}]]></quest>
<quest id="10105" order="50" lv="5" pre="10101"><![CDATA[{"condition":[{"build":{"type":1, "lv":20, "c":1, "total":20}}], "reward":[{"type":3, "num":5}], "group":0}]]></quest>
<!--其他建筑-->
<quest id="10110" order="50" lv="20" pre="10010"><![CDATA[{"condition":[{"build":{"type":2, "lv":20, "c":1, "total":20}}], "reward":[{"type":4, "num":50000}], "group":0}]]></quest>
<quest id="10120" order="50" lv="20" pre="10020"><![CDATA[{"condition":[{"build":{"type":8, "lv":20, "c":1, "total":20}}], "reward":[{"type":1, "id":3051}], "group":0}]]></quest>
<quest id="10130" order="50" lv="20" pre="10030"><![CDATA[{"condition":[{"build":{"type":9, "lv":20, "c":1, "total":20}}], "reward":[{"type":1, "id":3041}], "group":0}]]></quest>
<quest id="10140" order="50" lv="20" pre="10040"><![CDATA[{"condition":[{"build":{"type":20, "lv":20, "c":1, "total":20}}], "reward":[{"type":1, "id":3031}], "group":0}]]></quest>
<quest id="10150" order="50" lv="20" pre="10050"><![CDATA[{"condition":[{"build":{"type":5, "lv":20, "c":1, "total":20}}], "reward":[{"type":1, "id":3021}], "group":0}]]></quest>
<quest id="10160" order="50" lv="20" pre="10060"><![CDATA[{"condition":[{"build":{"type":6, "lv":20, "c":1, "total":20}}], "reward":[{"type":1, "id":3001}], "group":0}]]></quest>
<quest id="10170" order="50" lv="20" pre="10070"><![CDATA[{"condition":[{"build":{"type":10, "lv":20, "c":1, "total":20}}], "reward":[{"type":1, "id":3011}], "group":0}]]></quest>
<!--武将-->
<quest id="10180" order="50" lv="20" pre="10080"><![CDATA[{"condition":[{"hero":{"lv":20, "c":1, "total":20}}], "reward":[{"type":1, "id":2602, "c":1, "total":0}], "group":0}]]></quest>

<!-------------------------------------------------------->

<!--主城-->
<quest id="10201" order="50" lv="1" pre="10105"><![CDATA[{"condition":[{"build":{"type":1, "lv":25, "c":1, "total":25}}], "reward":[{"type":3, "num":5}], "group":0}]]></quest>
<quest id="10205" order="50" lv="5" pre="10201"><![CDATA[{"condition":[{"build":{"type":1, "lv":30, "c":1, "total":30}}], "reward":[{"type":3, "num":5}], "group":0}]]></quest>
<!--其他建筑-->
<quest id="10210" order="50" lv="30" pre="10110"><![CDATA[{"condition":[{"build":{"type":2, "lv":30, "c":1, "total":30}}], "reward":[{"type":4, "num":100000}], "group":0}]]></quest>
<quest id="10220" order="50" lv="30" pre="10120"><![CDATA[{"condition":[{"build":{"type":8, "lv":30, "c":1, "total":30}}], "reward":[{"type":1, "id":3051}], "group":0}]]></quest>
<quest id="10230" order="50" lv="30" pre="10130"><![CDATA[{"condition":[{"build":{"type":9, "lv":30, "c":1, "total":30}}], "reward":[{"type":1, "id":3041}], "group":0}]]></quest>
<quest id="10240" order="50" lv="30" pre="10140"><![CDATA[{"condition":[{"build":{"type":20, "lv":30, "c":1, "total":30}}], "reward":[{"type":1, "id":3031}], "group":0}]]></quest>
<quest id="10250" order="50" lv="30" pre="10150"><![CDATA[{"condition":[{"build":{"type":5, "lv":30, "c":1, "total":30}}], "reward":[{"type":1, "id":3021}], "group":0}]]></quest>
<quest id="10260" order="50" lv="30" pre="10160"><![CDATA[{"condition":[{"build":{"type":6, "lv":30, "c":1, "total":30}}], "reward":[{"type":1, "id":3001}], "group":0}]]></quest>
<quest id="10270" order="50" lv="30" pre="10170"><![CDATA[{"condition":[{"build":{"type":10, "lv":30, "c":1, "total":30}}], "reward":[{"type":1, "id":3011}], "group":0}]]></quest>
<!--武将-->
<quest id="10280" order="50" lv="30" pre="10180"><![CDATA[{"condition":[{"hero":{"lv":30, "c":1, "total":30}}], "reward":[{"type":1, "id":2602, "c":1, "total":5}], "group":0}]]></quest>

<!-------------------------------------------------------->

<!--主城-->
<quest id="10301" order="50" lv="1" pre="10205"><![CDATA[{"condition":[{"build":{"type":1, "lv":35, "c":1, "total":35}}], "reward":[{"type":3, "num":5}], "group":0}]]></quest>
<quest id="10305" order="50" lv="5" pre="10301"><![CDATA[{"condition":[{"build":{"type":1, "lv":40, "c":1, "total":40}}], "reward":[{"type":3, "num":5}], "group":0}]]></quest>
<!--其他建筑-->
<quest id="10310" order="50" lv="40" pre="10210"><![CDATA[{"condition":[{"build":{"type":2, "lv":40, "c":1, "total":40}}], "reward":[{"type":4, "num":200000}], "group":0}]]></quest>
<quest id="10320" order="50" lv="40" pre="10220"><![CDATA[{"condition":[{"build":{"type":8, "lv":40, "c":1, "total":40}}], "reward":[{"type":1, "id":3052}], "group":0}]]></quest>
<quest id="10330" order="50" lv="40" pre="10230"><![CDATA[{"condition":[{"build":{"type":9, "lv":40, "c":1, "total":40}}], "reward":[{"type":1, "id":3042}], "group":0}]]></quest>
<quest id="10340" order="50" lv="40" pre="10240"><![CDATA[{"condition":[{"build":{"type":20, "lv":40, "c":1, "total":40}}], "reward":[{"type":1, "id":3032}], "group":0}]]></quest>
<quest id="10350" order="50" lv="40" pre="10250"><![CDATA[{"condition":[{"build":{"type":5, "lv":40, "c":1, "total":40}}], "reward":[{"type":1, "id":3022}], "group":0}]]></quest>
<quest id="10360" order="50" lv="40" pre="10260"><![CDATA[{"condition":[{"build":{"type":6, "lv":40, "c":1, "total":40}}], "reward":[{"type":1, "id":3002}], "group":0}]]></quest>
<quest id="10370" order="50" lv="40" pre="10270"><![CDATA[{"condition":[{"build":{"type":10, "lv":40, "c":1, "total":40}}], "reward":[{"type":1, "id":3012}], "group":0}]]></quest>
<!--武将-->
<quest id="10380" order="50" lv="40" pre="10280"><![CDATA[{"condition":[{"hero":{"lv":40, "c":1, "total":40}}], "reward":[{"type":1, "id":2602, "c":20}], "group":0}]]></quest>

<!-------------------------------------------------------->

<!--主城-->
<quest id="10401" order="50" lv="1" pre="10305"><![CDATA[{"condition":[{"build":{"type":1, "lv":45, "c":1, "total":45}}], "reward":[{"type":3, "num":5}], "group":0}]]></quest>
<quest id="10405" order="50" lv="5" pre="10401"><![CDATA[{"condition":[{"build":{"type":1, "lv":50, "c":1, "total":50}}], "reward":[{"type":3, "num":5}], "group":0}]]></quest>
<!--其他建筑-->
<quest id="10410" order="50" lv="50" pre="10310"><![CDATA[{"condition":[{"build":{"type":2, "lv":50, "c":1, "total":50}}], "reward":[{"type":4, "num":300000}], "group":0}]]></quest>
<quest id="10420" order="50" lv="50" pre="10320"><![CDATA[{"condition":[{"build":{"type":8, "lv":50, "c":1, "total":50}}], "reward":[{"type":1, "id":3052}], "group":0}]]></quest>
<quest id="10430" order="50" lv="50" pre="10330"><![CDATA[{"condition":[{"build":{"type":9, "lv":50, "c":1, "total":50}}], "reward":[{"type":1, "id":3042}], "group":0}]]></quest>
<quest id="10440" order="50" lv="50" pre="10340"><![CDATA[{"condition":[{"build":{"type":20, "lv":50, "c":1, "total":50}}], "reward":[{"type":1, "id":3032}], "group":0}]]></quest>
<quest id="10450" order="50" lv="50" pre="10350"><![CDATA[{"condition":[{"build":{"type":5, "lv":50, "c":1, "total":50}}], "reward":[{"type":1, "id":3022}], "group":0}]]></quest>
<quest id="10460" order="50" lv="50" pre="10360"><![CDATA[{"condition":[{"build":{"type":6, "lv":50, "c":1, "total":50}}], "reward":[{"type":1, "id":3002}], "group":0}]]></quest>
<quest id="10470" order="50" lv="50" pre="10370"><![CDATA[{"condition":[{"build":{"type":10, "lv":50, "c":1, "total":50}}], "reward":[{"type":1, "id":3012}], "group":0}]]></quest>
<!--武将-->
<quest id="10480" order="50" lv="50" pre="10380"><![CDATA[{"condition":[{"hero":{"lv":50, "c":1, "total":50}}], "reward":[{"type":1, "id":2602, "c":25}], "group":0}]]></quest>

 <!-------------------------------------------------------->

 <!--主城-->
<quest id="10501" order="50" lv="1" pre="10405"><![CDATA[{"condition":[{"build":{"type":1, "lv":55, "c":1, "total":55}}], "reward":[{"type":3, "num":5}], "group":0}]]></quest>
<quest id="10505" order="50" lv="5" pre="10501"><![CDATA[{"condition":[{"build":{"type":1, "lv":60, "c":1, "total":60}}], "reward":[{"type":3, "num":5}], "group":0}]]></quest>
<!--其他建筑-->
<quest id="10510" order="50" lv="60" pre="10410"><![CDATA[{"condition":[{"build":{"type":2, "lv":60, "c":1, "total":60}}], "reward":[{"type":4, "num":450000}], "group":0}]]></quest>
<quest id="10520" order="50" lv="60" pre="10420"><![CDATA[{"condition":[{"build":{"type":8, "lv":60, "c":1, "total":60}}], "reward":[{"type":1, "id":3052}], "group":0}]]></quest>
<quest id="10530" order="50" lv="60" pre="10430"><![CDATA[{"condition":[{"build":{"type":9, "lv":60, "c":1, "total":60}}], "reward":[{"type":1, "id":3042}], "group":0}]]></quest>
<quest id="10540" order="50" lv="60" pre="10440"><![CDATA[{"condition":[{"build":{"type":20, "lv":60, "c":1, "total":60}}], "reward":[{"type":1, "id":3032}], "group":0}]]></quest>
<quest id="10550" order="50" lv="60" pre="10450"><![CDATA[{"condition":[{"build":{"type":5, "lv":60, "c":1, "total":60}}], "reward":[{"type":1, "id":3022}], "group":0}]]></quest>
<quest id="10560" order="50" lv="60" pre="10460"><![CDATA[{"condition":[{"build":{"type":6, "lv":60, "c":1, "total":60}}], "reward":[{"type":1, "id":3002}], "group":0}]]></quest>
<quest id="10570" order="50" lv="60" pre="10470"><![CDATA[{"condition":[{"build":{"type":10, "lv":60, "c":1, "total":60}}], "reward":[{"type":1, "id":3012}], "group":0}]]></quest>
<!--武将-->
<quest id="10580" order="50" lv="60" pre="10480"><![CDATA[{"condition":[{"hero":{"lv":60, "c":1, "total":60}}], "reward":[{"type":1, "id":2602, "c":30}], "group":0}]]></quest>

<!-------------------------------------------------------->

<!--主城-->
<quest id="10601" order="50" lv="1" pre="10505"><![CDATA[{"condition":[{"build":{"type":1, "lv":65, "c":1, "total":65}}], "reward":[{"type":3, "num":5}], "group":0}]]></quest>
<quest id="10605" order="50" lv="5" pre="10601"><![CDATA[{"condition":[{"build":{"type":1, "lv":70, "c":1, "total":70}}], "reward":[{"type":3, "num":5}], "group":0}]]></quest>
<!--其他建筑-->
<quest id="10610" order="50" lv="70" pre="10510"><![CDATA[{"condition":[{"build":{"type":2, "lv":70, "c":1, "total":70}}], "reward":[{"type":4, "num":600000}], "group":0}]]></quest>
<quest id="10620" order="50" lv="70" pre="10520"><![CDATA[{"condition":[{"build":{"type":8, "lv":70, "c":1, "total":70}}], "reward":[{"type":1, "id":3053}], "group":0}]]></quest>
<quest id="10630" order="50" lv="70" pre="10530"><![CDATA[{"condition":[{"build":{"type":9, "lv":70, "c":1, "total":70}}], "reward":[{"type":1, "id":3043}], "group":0}]]></quest>
<quest id="10640" order="50" lv="70" pre="10540"><![CDATA[{"condition":[{"build":{"type":20, "lv":70, "c":1, "total":70}}], "reward":[{"type":1, "id":3033}], "group":0}]]></quest>
<quest id="10650" order="50" lv="70" pre="10550"><![CDATA[{"condition":[{"build":{"type":5, "lv":70, "c":1, "total":70}}], "reward":[{"type":1, "id":3023}], "group":0}]]></quest>
<quest id="10660" order="50" lv="70" pre="10560"><![CDATA[{"condition":[{"build":{"type":6, "lv":70, "c":1, "total":70}}], "reward":[{"type":1, "id":3003}], "group":0}]]></quest>
<quest id="10670" order="50" lv="70" pre="10570"><![CDATA[{"condition":[{"build":{"type":10, "lv":70, "c":1, "total":70}}], "reward":[{"type":1, "id":3013}], "group":0}]]></quest>
<!--武将-->
<quest id="10680" order="50" lv="70" pre="10580"><![CDATA[{"condition":[{"hero":{"lv":70, "c":1, "total":70}}], "reward":[{"type":1, "id":2602, "c":35}], "group":0}]]></quest>

<!-------------------------------------------------------->

<!--主城-->
<quest id="10701" order="50" lv="1" pre="10605"><![CDATA[{"condition":[{"build":{"type":1, "lv":75, "c":1, "total":75}}], "reward":[{"type":3, "num":5}], "group":0}]]></quest>
<quest id="10705" order="50" lv="5" pre="10701"><![CDATA[{"condition":[{"build":{"type":1, "lv":80, "c":1, "total":80}}], "reward":[{"type":3, "num":5}], "group":0}]]></quest>
<!--其他建筑-->
<quest id="10710" order="50" lv="80" pre="10610"><![CDATA[{"condition":[{"build":{"type":2, "lv":80, "c":1, "total":80}}], "reward":[{"type":4, "num":800000}], "group":0}]]></quest>
<quest id="10720" order="50" lv="80" pre="10620"><![CDATA[{"condition":[{"build":{"type":8, "lv":80, "c":1, "total":80}}], "reward":[{"type":1, "id":3053}], "group":0}]]></quest>
<quest id="10730" order="50" lv="80" pre="10630"><![CDATA[{"condition":[{"build":{"type":9, "lv":80, "c":1, "total":80}}], "reward":[{"type":1, "id":3043}], "group":0}]]></quest>
<quest id="10740" order="50" lv="80" pre="10640"><![CDATA[{"condition":[{"build":{"type":20, "lv":80, "c":1, "total":80}}], "reward":[{"type":1, "id":3033}], "group":0}]]></quest>
<quest id="10750" order="50" lv="80" pre="10650"><![CDATA[{"condition":[{"build":{"type":5, "lv":80, "c":1, "total":80}}], "reward":[{"type":1, "id":3023}], "group":0}]]></quest>
<quest id="10760" order="50" lv="80" pre="10660"><![CDATA[{"condition":[{"build":{"type":6, "lv":80, "c":1, "total":80}}], "reward":[{"type":1, "id":3003}], "group":0}]]></quest>
<quest id="10770" order="50" lv="80" pre="10670"><![CDATA[{"condition":[{"build":{"type":10, "lv":80, "c":1, "total":80}}], "reward":[{"type":1, "id":3013}], "group":0}]]></quest>
<!--武将-->
<quest id="10780" order="50" lv="80" pre="10680"><![CDATA[{"condition":[{"hero":{"lv":80, "c":1, "total":80}}], "reward":[{"type":1, "id":2602, "c":40}], "group":0}]]></quest>

<!-------------------------------------------------------->

<!--主城-->
<quest id="10801" order="50" lv="1" pre="10705"><![CDATA[{"condition":[{"build":{"type":1, "lv":85, "c":1, "total":85}}], "reward":[{"type":3, "num":5}], "group":0}]]></quest>
<quest id="10805" order="50" lv="5" pre="10801"><![CDATA[{"condition":[{"build":{"type":1, "lv":90, "c":1, "total":90}}], "reward":[{"type":3, "num":5}], "group":0}]]></quest>
<!--其他建筑-->
<quest id="10810" order="50" lv="90" pre="10710"><![CDATA[{"condition":[{"build":{"type":2, "lv":90, "c":1, "total":90}}], "reward":[{"type":4, "num":1000000}], "group":0}]]></quest>
<quest id="10820" order="50" lv="90" pre="10720"><![CDATA[{"condition":[{"build":{"type":8, "lv":90, "c":1, "total":90}}], "reward":[{"type":1, "id":3053}], "group":0}]]></quest>
<quest id="10830" order="50" lv="90" pre="10730"><![CDATA[{"condition":[{"build":{"type":9, "lv":90, "c":1, "total":90}}], "reward":[{"type":1, "id":3043}], "group":0}]]></quest>
<quest id="10840" order="50" lv="90" pre="10740"><![CDATA[{"condition":[{"build":{"type":20, "lv":90, "c":1, "total":90}}], "reward":[{"type":1, "id":3033}], "group":0}]]></quest>
<quest id="10850" order="50" lv="90" pre="10750"><![CDATA[{"condition":[{"build":{"type":5, "lv":90, "c":1, "total":90}}], "reward":[{"type":1, "id":3023}], "group":0}]]></quest>
<quest id="10860" order="50" lv="90" pre="10760"><![CDATA[{"condition":[{"build":{"type":6, "lv":90, "c":1, "total":90}}], "reward":[{"type":1, "id":3003}], "group":0}]]></quest>
<quest id="10870" order="50" lv="90" pre="10770"><![CDATA[{"condition":[{"build":{"type":10, "lv":90, "c":1, "total":90}}], "reward":[{"type":1, "id":3013}], "group":0}]]></quest>
<!--武将-->
<quest id="10880" order="50" lv="90" pre="10780"><![CDATA[{"condition":[{"hero":{"lv":90, "c":1, "total":90}}], "reward":[{"type":1, "id":2602, "c":45}], "group":0}]]></quest>

<!-------------------------------------------------------->

<!--主城-->
<quest id="10901" order="50" lv="1" pre="10805"><![CDATA[{"condition":[{"build":{"type":1, "lv":95, "c":1, "total":95}}], "reward":[{"type":3, "num":5}], "group":0}]]></quest>
<quest id="10905" order="50" lv="5" pre="10901"><![CDATA[{"condition":[{"build":{"type":1, "lv":100, "c":1, "total":100}}], "reward":[{"type":3, "num":5}], "group":0}]]></quest>
<!--其他建筑-->
<quest id="10910" order="50" lv="100" pre="10810"><![CDATA[{"condition":[{"build":{"type":2, "lv":100, "c":1, "total":100}}], "reward":[{"type":4, "num":1200000}], "group":0}]]></quest>
<quest id="10920" order="50" lv="100" pre="10820"><![CDATA[{"condition":[{"build":{"type":8, "lv":100, "c":1, "total":100}}], "reward":[{"type":1, "id":3054}], "group":0}]]></quest>
<quest id="10930" order="50" lv="100" pre="10830"><![CDATA[{"condition":[{"build":{"type":9, "lv":100, "c":1, "total":100}}], "reward":[{"type":1, "id":3044}], "group":0}]]></quest>
<quest id="10940" order="50" lv="100" pre="10840"><![CDATA[{"condition":[{"build":{"type":20, "lv":100, "c":1, "total":100}}], "reward":[{"type":1, "id":3034}], "group":0}]]></quest>
<quest id="10950" order="50" lv="100" pre="10850"><![CDATA[{"condition":[{"build":{"type":5, "lv":100, "c":1, "total":100}}], "reward":[{"type":1, "id":3024}], "group":0}]]></quest>
<quest id="10960" order="50" lv="100" pre="10860"><![CDATA[{"condition":[{"build":{"type":6, "lv":100, "c":1, "total":100}}], "reward":[{"type":1, "id":3004}], "group":0}]]></quest>
<quest id="10970" order="50" lv="100" pre="10870"><![CDATA[{"condition":[{"build":{"type":10, "lv":100, "c":1, "total":100}}], "reward":[{"type":1, "id":3014}], "group":0}]]></quest>
<!--武将-->
<quest id="10980" order="50" lv="100" pre="10880"><![CDATA[{"condition":[{"hero":{"lv":100, "c":1, "total":100}}], "reward":[{"type":1, "id":2602, "num":50}], "group":0}]]></quest>

</quests>




</content>
