﻿<?xml version="1.0" encoding="UTF-8"?>
<content>
<!--固定技能-->
	<initskill>
		<!--指定武将前两个技能, 根据战士法师。还有武将品质指定相应技能-->
		<skill index="1">
			<zs s="10001" a="10001" b="10001" c="10001"/> 
			<fs s="10001" a="10001" b="10001" c="10001"/> 
		</skill>
		<skill index="2">
			<zs s="20001" a="20002" b="20003" c="20004"/> 
			<fs s="21001" a="21002" b="21003" c="21004"/> 
		</skill>
 	</initskill>
	
	<skills>
		<!--
			big id:
			    10001 勇武
				
				
				20001 杀神
				20002 破军
				20003 百战
				20004 浴血
				   
				21001 神机   
				21002 妙算
				21003 慧心
				21004 聪颖
			
			small id : 
				1001 免伤 涅槃
				1002 攻速 风疾
				1003 魔防 文曲
				
				2001 暴击
				2002 闪避
				2003 魔攻
				2004 闪避
				
				3001 暴击2
				3002 武将攻击增加
				3003 法师伤害增加
				3004 闪避2
				3005 大幅度增加特有技发动几率
				3006 生命值每损失10%，个人攻击加强7%
				3007 武将血量低于25%时
		-->
		<!--技能1-->
		<skill id="10001" heroType="4">
			<small id="1001" str="20"/>
			<small id="1002" agi="20"/>
			<small id="1003" int="20"/>
		</skill>

		<!--技能2-->
		<!--战士-->
		<skill id="20001" heroType="1">
			<small id="2001" str="20" bjp="30000"/>
			<small id="2002" agi="10"/>
 		</skill>
		<skill id="20002" heroType="2">
			<small id="2001" str="20" bjp="25000"/>
			<small id="2002" agi="10" />
 		</skill>
		<skill id="20003" heroType="3">
			<small id="2001" str="20" bjp="20000"/>
			<small id="2002" agi="20" />
 		</skill>
		<skill id="20004" heroType="4">
			<small id="2001" str="20" bjp="15000"/>
			<small id="2002" agi="20" />
 		</skill>
		<!--法师-->
		<skill id="21001" heroType="1">
			<small id="2003" int="100"/>
			<small id="2004" agi="15" str="15"/>
 		</skill>
		<skill id="21002" heroType="2">
			<small id="2003" int="125"/>
			<small id="2004" agi="20" str="20"/>
 		</skill>
		<skill id="21003" heroType="3">
			<small id="2003" int="150"/>
			<small id="2004" agi="25" str="25"/>
 		</skill>
		<skill id="21004" heroType="4">
			<small id="2003" int="175"/>
			<small id="2004" agi="30" str="30"/>
 		</skill>
		
		<!--技能3-->
		<!--5%几率造成15倍伤害-->
		<skill id="30002" heroType="1">
			<small id="3001" bj="500" bjp="150000"/>
  		</skill>
		<!--武将个人攻击加35%-->
		<skill id="30003" heroType="1">
			<small id="3002" apAll="3500" />
  		</skill>
		<!--发动必杀伤害加倍-->
		<skill id="30004" heroType="1">
			<small id="3003" fsPower="3500" />
  		</skill>
		<!--增加闪避20%-->
		<skill id="30005" heroType="1">
			<small id="3004" sb="2000" />
  		</skill>
		<!--10%几率造成6倍伤害-->
		<skill id="30006" heroType="1">
			<small id="3001" bj="1000" bjp="60000"/>
  		</skill>
		<!--大幅度增加特有技发动几率-->
		<skill id="30007" heroType="1">
			<small id="3005" skillRate="3000"/>
  		</skill>
		<!--生命值每损失10%，个人攻击加强7%-->
		<skill id="30008" heroType="1">
			<small id="3006" hp="1000" ap="700"/>
  		</skill>
		<!--增加武将个人免伤20%-->
		<skill id="30009" heroType="1">
			<small id="3008" ms="2000"/>
  		</skill>
		<!--增加特有技发动几率-->
		<skill id="30011" heroType="2">
			<small id="3005" skillRate="1000"/>
  		</skill>
		<!--武将血量低于25%时-->
		<skill id="30012" heroType="2">
			<small id="3007"  hp="2500" ap="3000"/>
  		</skill>
		<!--9%几率造成5倍伤害-->
		<skill id="30014" heroType="2">
			<small id="3001"  bj="9" bjp="5"/>
  		</skill>





	</skills>
</content>
