<?xml version="1.0" encoding="UTF-8"?>
<content>
  <soldiers>
    <!--1 all, 2 wall,3 resource, 4, tower 5 heal,6 hero, 7 townhall-->
	<!--1 sb 闪避, 2 gd 格挡,3 bj 暴击, 4 ms 免伤, 5 gj 攻击, 6 wf 物防, 7 fj 反击 9 qm 全面 10 mf 魔防-->
  	<!--游骑兵-->  
    <soldier id="4001" type="S4001" name="soldier_4001" anim="S_01" description="soldier_desc_4001">
    	<targetGroup>1</targetGroup>
			<health>30</health>
			<damage>35</damage>
			<def>40</def>
			<attackspeed>55</attackspeed>
			<speed>120</speed>
			<range>50</range>
			<sb>10</sb>
</soldier>

 
  	<!--匈奴-->
    <soldier id="4002" type="S4002" name="soldier_4002" anim="S_02" description="soldier_desc_4002">
    	<targetGroup>1</targetGroup>
			<health>30</health>
			<damage>35</damage>
			<def>40</def>
			<attackspeed>75</attackspeed>
			<speed>125</speed>
			<range>50</range>
			<sb>10</sb>
			<wf>10</wf>
</soldier>

 
  	<!--西凉铁骑-->
    <soldier id="4003" type="S4001" name="soldier_4003" anim="S_03" description="soldier_desc_4003">
    	<targetGroup>1</targetGroup>
			<health>30</health>
			<damage>35</damage>
			<def>40</def>
			<attackspeed>95</attackspeed>
			<speed>130</speed>
			<range>50</range>
			<sb>15</sb>
			<wf>15</wf>
</soldier>

 
  	<!--御刀羌骑-->
    <soldier id="4004" type="S4004" name="soldier_4004" anim="S_01" description="soldier_desc_4004">
    	<targetGroup>1</targetGroup>
			<health>30</health>
			<damage>35</damage>
			<def>40</def>
			<attackspeed>125</attackspeed>
			<speed>140</speed>
			<range>60</range>
			<sb>20</sb>
			<wf>20</wf>
			<gd>20</gd>
</soldier>

 
  	<!--弓骑兵-->
    <soldier id="4011" type="S4011" name="soldier_4011" anim="S_11" description="soldier_desc_4011">
    	<targetGroup>1</targetGroup>
			<health>30</health>
			<damage>35</damage>
			<def>40</def>
			<attackspeed>45</attackspeed>
			<speed>120</speed>
			<range>120</range>
			<sb>10</sb>
</soldier>

 
  	<!--白翎骑-->
    <soldier id="4012" type="S4012" name="soldier_4012" anim="S_12" description="soldier_desc_4012">
    	<targetGroup>1</targetGroup>
			<health>30</health>
			<damage>35</damage>
			<def>40</def>
			<attackspeed>60</attackspeed>
			<speed>125</speed>
			<range>130</range>
			<sb>10</sb>
			<bj>10</bj>
</soldier>

 
  	<!--翼弓骑-->
    <soldier id="4013" type="S4013" name="soldier_4013" anim="S_13" description="soldier_desc_4013">
    	<targetGroup>1</targetGroup>
			<health>30</health>
			<damage>35</damage>
			<def>40</def>
			<attackspeed>75</attackspeed>
			<speed>130</speed>
			<range>140</range>
			<sb>15</sb>
			<bj>15</bj>
</soldier>

 
  	<!--羽林弓骑-->
    <soldier id="4014" type="S4014" name="soldier_4014" anim="S_01" description="soldier_desc_4014">
    	<targetGroup>1</targetGroup>
			<health>30</health>
			<damage>35</damage>
			<def>40</def>
			<attackspeed>95</attackspeed>
			<speed>140</speed>
			<range>150</range>
			<sb>20</sb>
			<bj>20</bj>
			<wf>20</wf>
</soldier>

 
  	<!--白马从义-->
    <soldier id="4015" type="S4015" name="soldier_4015" anim="S_01" description="soldier_desc_4015">
    	<targetGroup>1</targetGroup>
			<health>30</health>
			<damage>35</damage>
			<def>40</def>
			<attackspeed>95</attackspeed>
			<speed>140</speed>
			<range>150</range>
			<sb>20</sb>
			<bj>20</bj>
			<gj>20</gj>
</soldier>

 
  	<!--突刺骑-->
    <soldier id="4021" type="S4021" name="soldier_4021" anim="S_21" description="soldier_desc_4021">
    	<targetGroup>1</targetGroup>
			<health>30</health>
			<damage>35</damage>
			<def>40</def>
			<attackspeed>55</attackspeed>
			<speed>120</speed>
			<range>60</range>
			<sb>10</sb>
</soldier>

 
  	<!--斧钺骑-->
    <soldier id="4022" type="S4022" name="soldier_4022" anim="S_22" description="soldier_desc_4022">
    	<targetGroup>1</targetGroup>
			<health>30</health>
			<damage>35</damage>
			<def>40</def>
			<attackspeed>75</attackspeed>
			<speed>125</speed>
			<range>60</range>
			<sb>10</sb>
			<gj>10</gj>
</soldier>

 
  	<!--重甲槊骑-->
    <soldier id="4023" type="S4023" name="soldier_4023" anim="S_23" description="soldier_desc_4023">
    	<targetGroup>1</targetGroup>
			<health>30</health>
			<damage>35</damage>
			<def>40</def>
			<attackspeed>95</attackspeed>
			<speed>130</speed>
			<range>60</range>
			<sb>15</sb>
			<gj>15</gj>
</soldier>

 
  	<!--虎豹骑-->
    <soldier id="4024" type="S4024" name="soldier_4024" anim="S_24" description="soldier_desc_4024">
    	<targetGroup>1</targetGroup>
			<health>30</health>
			<damage>35</damage>
			<def>40</def>
			<attackspeed>145</attackspeed>
			<speed>150</speed>
			<range>70</range>
			<qm>15</qm>
</soldier>

 
  	<!--大戟士-->
    <soldier id="4025" type="S4025" name="soldier_4025" anim="S_25" description="soldier_desc_4025">
    	<targetGroup>1</targetGroup>
			<health>30</health>
			<damage>35</damage>
			<def>40</def>
			<attackspeed>125</attackspeed>
			<speed>140</speed>
			<range>70</range>
			<sb>20</sb>
			<gj>20</gj>
			<bj>20</bj>
</soldier>

 
  	<!--宿卫重骑-->
    <soldier id="4026" type="S4026" name="soldier_4026" anim="S_26" description="soldier_desc_4026">
    	<targetGroup>1</targetGroup>
			<health>30</health>
			<damage>35</damage>
			<def>40</def>
			<attackspeed>125</attackspeed>
			<speed>140</speed>
			<range>70</range>
			<sb>20</sb>
			<gj>20</gj>
			<fj>20</fj>
</soldier>

 
  	<!--银翎天骑-->
    <soldier id="4027" type="S4027" name="soldier_4027" anim="S_27" description="soldier_desc_4027">
    	<targetGroup>1</targetGroup>
			<health>30</health>
			<damage>35</damage>
			<def>40</def>
			<attackspeed>145</attackspeed>
			<speed>150</speed>
			<range>70</range>
			<qm>15</qm>
</soldier>






















 
  	<!--盾甲轻步-->
    <soldier id="4031" type="S4031" name="soldier_4031" anim="S_31" description="soldier_desc_4031">
    	<targetGroup>1</targetGroup>
			<health>30</health>
			<damage>35</damage>
			<def>40</def>
			<attackspeed>60</attackspeed>
			<speed>100</speed>
			<range>35</range>
			<gd>10</gd>
</soldier>

 
  	<!--狮面重步-->
    <soldier id="4032" type="S4032" name="soldier_4032" anim="S_32" description="soldier_desc_4032">
    	<targetGroup>1</targetGroup>
			<health>30</health>
			<damage>35</damage>
			<def>40</def>
			<attackspeed>80</attackspeed>
			<speed>100</speed>
			<range>40</range>
			<gd>10</gd>
			<wf>10</wf>
</soldier>

 
  	<!--巨椎重甲-->
    <soldier id="4033" type="S4033" name="soldier_4033" anim="S_33" description="soldier_desc_4033">
    	<targetGroup>1</targetGroup>
			<health>30</health>
			<damage>35</damage>
			<def>40</def>
			<attackspeed>105</attackspeed>
			<speed>100</speed>
			<range>45</range>
			<gd>15</gd>
			<wf>15</wf>
</soldier>

 
  	<!--虎步中军-->
    <soldier id="4034" type="S4034" name="soldier_4034" anim="S_34" description="soldier_desc_4034">
    	<targetGroup>1</targetGroup>
			<health>30</health>
			<damage>35</damage>
			<def>40</def>
			<attackspeed>130</attackspeed>
			<speed>110</speed>
			<range>50</range>
			<gd>20</gd>
			<wf>20</wf>
			<bj>20</bj>
</soldier>

 
  	<!--虎贲卫-->
    <soldier id="4035" type="S4035" name="soldier_4035" anim="S_35" description="soldier_desc_4035">
    	<targetGroup>1</targetGroup>
			<health>30</health>
			<damage>35</damage>
			<def>40</def>
			<attackspeed>130</attackspeed>
			<speed>110</speed>
			<range>50</range>
			<gd>20</gd>
			<wf>20</wf>
			<ms>20</ms>
</soldier>

 
  	<!--双刀兵-->
    <soldier id="4041" type="S4041" name="soldier_4041" anim="S_41" description="soldier_desc_4041">
    	<targetGroup>1</targetGroup>
			<health>30</health>
			<damage>35</damage>
			<def>40</def>
			<attackspeed>65</attackspeed>
			<speed>110</speed>
			<range>35</range>
			<gd>10</gd>
</soldier>

 
  	<!--亲卫-->
    <soldier id="4042" type="S4042" name="soldier_4042" anim="S_42" description="soldier_desc_4042">
    	<targetGroup>1</targetGroup>
			<health>30</health>
			<damage>35</damage>
			<def>40</def>
			<attackspeed>85</attackspeed>
			<speed>110</speed>
			<range>40</range>
			<gd>10</gd>
			<fj>10</fj>
</soldier>

 
  	<!--剑卫-->
    <soldier id="4043" type="S4043" name="soldier_4043" anim="S_43" description="soldier_desc_4043">
    	<targetGroup>1</targetGroup>
			<health>30</health>
			<damage>35</damage>
			<def>40</def>
			<attackspeed>105</attackspeed>
			<speed>110</speed>
			<range>45</range>
			<gd>15</gd>
			<fj>15</fj>
</soldier>

 
  	<!--近卫甲兵-->
    <soldier id="4044" type="S4044" name="soldier_4044" anim="S_44" description="soldier_desc_4044">
    	<targetGroup>1</targetGroup>
			<health>30</health>
			<damage>35</damage>
			<def>40</def>
			<attackspeed>135</attackspeed>
			<speed>120</speed>
			<range>50</range>
			<gd>20</gd>
			<fj>20</fj>
			<gj>20</gj>
</soldier>

 
  	<!--丹阳禁卫-->
    <soldier id="4045" type="S4045" name="soldier_4045" anim="S_45" description="soldier_desc_4045">
    	<targetGroup>1</targetGroup>
			<health>30</health>
			<damage>35</damage>
			<def>40</def>
			<attackspeed>135</attackspeed>
			<speed>120</speed>
			<range>50</range>
			<gd>20</gd>
			<fj>20</fj>
			<bj>20</bj>
</soldier>

 
  	<!--长枪兵-->
    <soldier id="4051" type="S4051" name="soldier_4051" anim="S_51" description="soldier_desc_4051">
    	<targetGroup>1</targetGroup>
			<health>30</health>
			<damage>35</damage>
			<def>40</def>
			<attackspeed>60</attackspeed>
			<speed>100</speed>
			<range>50</range>
			<gd>10</gd>
</soldier>

 
  	<!--重戟兵-->
    <soldier id="4052" type="S4052" name="soldier_4052" anim="S_52" description="soldier_desc_4052">
    	<targetGroup>1</targetGroup>
			<health>30</health>
			<damage>35</damage>
			<def>40</def>
			<attackspeed>80</attackspeed>
			<speed>100</speed>
			<range>55</range>
			<gd>10</gd>
			<bj>10</bj>
</soldier>

 
  	<!--月锋近卫-->
    <soldier id="4053" type="S4053" name="soldier_4053" anim="S_53" description="soldier_desc_4053">
    	<targetGroup>1</targetGroup>
			<health>30</health>
			<damage>35</damage>
			<def>40</def>
			<attackspeed>100</attackspeed>
			<speed>100</speed>
			<range>60</range>
			<gd>15</gd>
			<bj>15</bj>
</soldier>

 
  	<!--无难骨林-->
    <soldier id="4054" type="S4054" name="soldier_4054" anim="S_54" description="soldier_desc_4054">
    	<targetGroup>1</targetGroup>
			<health>30</health>
			<damage>35</damage>
			<def>40</def>
			<attackspeed>130</attackspeed>
			<speed>110</speed>
			<range>70</range>
			<gd>20</gd>
			<bj>20</bj>
			<gj>20</gj>
</soldier>

 
  	<!--陷阵营-->
    <soldier id="4055" type="S4055" name="soldier_4055" anim="S_55" description="soldier_desc_4055">
    	<targetGroup>1</targetGroup>
			<health>30</health>
			<damage>35</damage>
			<def>40</def>
			<attackspeed>150</attackspeed>
			<speed>90</speed>
			<range>70</range>
			<qm>15</qm>
</soldier>




















 
  	<!--弩兵-->
    <soldier id="4061" type="S4061" name="soldier_4061" anim="S_61" description="soldier_desc_4061">
    	<targetGroup>1</targetGroup>
			<health>30</health>
			<damage>35</damage>
			<def>40</def>
			<attackspeed>50</attackspeed>
			<speed>90</speed>
			<range>120</range>
			<bj>10</bj>
</soldier>

 
  	<!--劲弩兵-->
    <soldier id="4062" type="S4062" name="soldier_4062" anim="S_62" description="soldier_desc_4062">
    	<targetGroup>1</targetGroup>
			<health>30</health>
			<damage>35</damage>
			<def>40</def>
			<attackspeed>65</attackspeed>
			<speed>100</speed>
			<range>130</range>
			<bj>20</bj>
</soldier>

 
  	<!--透甲阵-->
    <soldier id="4063" type="S4063" name="soldier_4063" anim="S_63" description="soldier_desc_4063">
    	<targetGroup>1</targetGroup>
			<health>30</health>
			<damage>35</damage>
			<def>40</def>
			<attackspeed>80</attackspeed>
			<speed>110</speed>
			<range>140</range>
			<bj>25</bj>
</soldier>

 
  	<!--先登死士-->
    <soldier id="4064" type="S4064" name="soldier_4064" anim="S_64" description="soldier_desc_4064">
    	<targetGroup>1</targetGroup>
			<health>30</health>
			<damage>35</damage>
			<def>40</def>
			<attackspeed>100</attackspeed>
			<speed>120</speed>
			<range>150</range>
			<bj>25</bj>
			<gj>25</gj>
</soldier>

 
  	<!--诸葛连弩-->
    <soldier id="4065" type="S4065" name="soldier_4065" anim="S_65" description="soldier_desc_4065">
    	<targetGroup>1</targetGroup>
			<health>30</health>
			<damage>35</damage>
			<def>40</def>
			<attackspeed>100</attackspeed>
			<speed>120</speed>
			<range>150</range>
			<bj>40</bj>
</soldier>

 
  	<!--弓兵-->
    <soldier id="4071" type="S4071" name="soldier_4071" anim="S_71" description="soldier_desc_4071">
    	<targetGroup>1</targetGroup>
			<health>30</health>
			<damage>35</damage>
			<def>40</def>
			<attackspeed>50</attackspeed>
			<speed>90</speed>
			<range>120</range>
			<bj>10</bj>
</soldier>

  	<!--长弓兵-->
    <soldier id="4072" type="S4072" name="soldier_4072" anim="S_72" description="soldier_desc_4072">
    	<targetGroup>1</targetGroup>
			<health>30</health>
			<damage>35</damage>
			<def>40</def>
			<attackspeed>65</attackspeed>
			<speed>90</speed>
			<range>130</range>
			<bj>10</bj>
			<gj>10</gj>
</soldier>

  	<!--火羽阵-->
    <soldier id="4073" type="S4073" name="soldier_4073" anim="S_73" description="soldier_desc_4073">
    	<targetGroup>1</targetGroup>
			<health>30</health>
			<damage>35</damage>
			<def>40</def>
			<attackspeed>80</attackspeed>
			<speed>90</speed>
			<range>140</range>
			<bj>15</bj>
			<gj>15</gj>
</soldier>
















  	<!--飞矛手-->
    <soldier id="4081" type="S4081" name="soldier_4081" anim="S_81" description="soldier_desc_4081">
    	<targetGroup>1</targetGroup>
			<health>30</health>
			<damage>35</damage>
			<def>40</def>
			<attackspeed>50</attackspeed>
			<speed>110</speed>
			<range>100</range>
			<bj>10</bj>
</soldier>

  	<!--毒标兵-->
    <soldier id="4082" type="S4082" name="soldier_4082" anim="S_82" description="soldier_desc_4082">
    	<targetGroup>1</targetGroup>
			<health>30</health>
			<damage>35</damage>
			<def>40</def>
			<attackspeed>65</attackspeed>
			<speed>120</speed>
			<range>110</range>
			<bj>15</bj>
			<gj>15</gj>
</soldier>

  	<!--南丹掷矛兵-->
    <soldier id="4083" type="S4083" name="soldier_4083" anim="S_83" description="soldier_desc_4083">
    	<targetGroup>1</targetGroup>
			<health>30</health>
			<damage>35</damage>
			<def>40</def>
			<attackspeed>80</attackspeed>
			<speed>130</speed>
			<range>120</range>
			<bj>20</bj>
			<gj>20</gj>
</soldier>

  	<!--无当飞军-->
    <soldier id="4084" type="S4084" name="soldier_4084" anim="S_84" description="soldier_desc_4084">
    	<targetGroup>1</targetGroup>
			<health>30</health>
			<damage>35</damage>
			<def>40</def>
			<attackspeed>130</attackspeed>
			<speed>140</speed>
			<range>130</range>
			<qm>15</qm>
</soldier>

  	<!--蛮兵-->
    <soldier id="4091" type="S4091" name="soldier_4091" anim="S_91" description="soldier_desc_4091">
    	<targetGroup>1</targetGroup>
			<health>30</health>
			<damage>35</damage>
			<def>40</def>
			<attackspeed>60</attackspeed>
			<speed>110</speed>
			<range>40</range>
			<gd>10</gd>
</soldier>

  	<!--异族-->
    <soldier id="4092" type="S4092" name="soldier_4092" anim="S_92" description="soldier_desc_4092">
    	<targetGroup>1</targetGroup>
			<health>30</health>
			<damage>35</damage>
			<def>40</def>
			<attackspeed>80</attackspeed>
			<speed>110</speed>
			<range>40</range>
			<gd>10</gd>
			<ms>10</ms>
</soldier>

  	<!--牌刀獠丁-->
    <soldier id="4093" type="S4093" name="soldier_4093" anim="S_93" description="soldier_desc_4093">
    	<targetGroup>1</targetGroup>
			<health>30</health>
			<damage>35</damage>
			<def>40</def>
			<attackspeed>100</attackspeed>
			<speed>110</speed>
			<range>40</range>
			<gd>15</gd>
			<ms>15</ms>
</soldier>

  	<!--藤甲兵-->
    <soldier id="4094" type="S4094" name="soldier_4094" anim="S_94" description="soldier_desc_4094">
    	<targetGroup>1</targetGroup>
			<health>30</health>
			<damage>35</damage>
			<def>40</def>
			<attackspeed>130</attackspeed>
			<speed>120</speed>
			<range>50</range>
			<gd>25</gd>
			<ms>25</ms>
			<wf>25</wf>
</soldier>	

	<!--1 all, 2 wall,3 resource, 4, tower 5 heal,6 hero, 7 townhall--->
  </soldiers>
</content>