﻿<?xml version="1.0" encoding="UTF-8"?>
<content>
<!--buidingtype : 1:townhall, 2:framland, 3:wall ,4:housing, 5:altar, 6:bunker, 7:academy-->

<!--
	descstate : 0 : 不是点击通过的, 1 : 点击下一步可以通过
	descpos : 0 : 左下角, 1 : 右下角, 2居中
	mmframe : 第几帧
-->
 
<tutors>
	<info maxid="10000" beginid="1"></info>
	<reward mask="0.7"><![CDATA[{"reward":[{"type":3, "num":50}]}]]></reward>
	
	<!--开始-->
	<tutor id="1" mask="0.7"><![CDATA[{"pre":1, "next":30, "advance":["hideObject"], "hidedesc":1}]]></tutor>
	<tutor id="30" mask="0.7"><![CDATA[{"pre":1, "next":40, "descstate":1, "mmframe":1}]]></tutor>
	<tutor id="40" mask="0.7"><![CDATA[{"pre":1, "next":100, "descstate":1, "mmframe":1}]]></tutor>

	<!--天下-->
 	<tutor id="100" mask="0.7"><![CDATA[{"pre":100, "next":110, "advance":["showStory"], "descstate":1, "mmframe":1, "movie":1}]]></tutor>
	<tutor id="110" mask="0.7"><![CDATA[{"pre":100, "next":130, "advance":["getHero"], "hidedesc":1}]]></tutor>
	<tutor id="130" mask="0.7"><![CDATA[{"pre":100, "next":140, "pos":[470,395,0, "ZhengZhanTianXia1"], "rewind":["closeUi", "ZhengZhanTianXia1"], "advance":["openUi", "ZhengZhanTianXia2"], "hidedesc":1}]]></tutor>
	<tutor id="140" mask="0.7"><![CDATA[{"pre":130, "next":145, "pos":[488,488,0, "ZhengZhanTianXia2"], "rewind":["closeUi", "ZhengZhanTianXia2"], "advance":["isDefendMode"], "hidedesc":1}]]></tutor>
	<!--开始打了-->
	<tutor id="145" mask="0.7"><![CDATA[{"pre":100, "next":155, "advance":["pauseDefend"], "hidedesc":1}]]></tutor>
	<tutor id="155" mask="0.7"><![CDATA[{"pre":100, "next":157, "advance":["continueDefend"], "hidedesc":1}]]></tutor>
	<tutor id="157" mask="0.7"><![CDATA[{"pre":100, "next":160, "advance":["hideBottom"], "hidedesc":1}]]></tutor>

	<tutor id="160" mask="0.7"><![CDATA[{"pre":100, "next":165, "advance":["focusToHero"], "mmframe":1}]]></tutor>
	<tutor id="165" mask="0.7"><![CDATA[{"pre":100, "next":170, "advance":["pauseDefend"], "hidedesc":1}]]></tutor>
	<tutor id="170" mask="0.7"><![CDATA[{"pre":100, "next":173, "mmframe":1, "descstate":1}]]></tutor>
	<tutor id="173" mask="0.7"><![CDATA[{"pre":100, "next":180, "advance":["continueDefend"], "hidedesc":1}]]></tutor>
 	<tutor id="180" mask="0.7"><![CDATA[{"pre":100, "next":183, "advance":["focusToEnemy", 19, -63], "hidedesc":1}]]></tutor>
	<tutor id="183" mask="0.7"><![CDATA[{"pre":100, "next":185, "advance":["pauseDefend"], "hidedesc":1}]]></tutor>
	<tutor id="185" mask="0.7"><![CDATA[{"pre":100, "next":186, "advance":["waitTargetToArmy"], "mmframe":1}]]></tutor>
	<tutor id="186" mask="0.7"><![CDATA[{"pre":100, "next":187, "advance":["showBottom"], "hidedesc":1}]]></tutor>

	<tutor id="187" mask="0.7"><![CDATA[{"pre":100, "next":190, "advance":["hideEnemyArrow"], "hidedesc":1}]]></tutor>
  	<tutor id="190" mask="0.7"><![CDATA[{"pre":100, "next":195, "advance":["continueDefend"], "hidedesc":1}]]></tutor>
	<tutor id="195" mask="0.7"><![CDATA[{"pre":100, "next":198, "advance":["focusTo", 0, 0], "hidedesc":1}]]></tutor>
	<tutor id="198" mask="0.7"><![CDATA[{"pre":100, "next":200, "advance":["isHome"], "hidedesc":1}]]></tutor>

	<!--打完天下。穿装备-->
	<tutor id="200" mask="0.7"><![CDATA[{"pre":200, "next":205, "finish":["heroHasEquip"], "descstate":1, "mmframe":1}]]></tutor>
	<tutor id="205" mask="0.7"><![CDATA[{"pre":200, "next":210, "finish":["heroHasEquip"], "pos":[30, 1, 0, "jiangling"], "advance":["openUi", "HeroWindow"], "hidedesc":1}]]></tutor>
	<tutor id="210" mask="0.7"><![CDATA[{"pre":205, "next":215, "finish":["heroHasEquip"], "pos":[263, 208, 0, "HeroWindow"], "rewind":["closeUi", "HeroWindow"], "advance":["openUi", "BackpackWindow"], "hidedesc":1}]]></tutor>
	<tutor id="215" mask="0.7"><![CDATA[{"pre":210, "next":220, "pos":[292, 360, 0, "BackpackWindow"], "rewind":["closeUi", "BackpackWindow"], "advance":["heroHasEquip"], "hidedesc":1}]]></tutor>
	<tutor id="220" mask="0.7"><![CDATA[{"pre":200, "next":230, "descstate":1, "mmframe":1, "movie":1}]]></tutor>
	<tutor id="230" mask="0.7"><![CDATA[{"pre":200, "next":250, "advance":["doCloseUi", "HeroWindow"], "hidedesc":1}]]></tutor>
	
	<!--升主城-->
	<tutor id="250" mask="0.7"><![CDATA[{"pre":250, "next":255, "finish":["buildLv", 1, 5], "descstate":1, "mmframe":1, "movie":1}]]></tutor>
 	<tutor id="255" mask="0.7"><![CDATA[{"pre":250, "next":260, "finish":["buildLv", 1, 5], "advance":["focusToBuilding", 1], "hidedesc":1}]]></tutor>
	<tutor id="260" mask="0.7"><![CDATA[{"pre":250, "next":270, "finish":["buildLv", 1, 5], "advance":["openUi", "BuildingMenu"], "mmframe":1}]]></tutor>
 	<tutor id="270" mask="0.7"><![CDATA[{"pre":255, "next":275,  "rewind":["closeUi", "BuildingMenu"], "pos":[108, 32, 0, "BuildingMenu"], "advance":["buildLv", 1, 5], "mmframe":1}]]></tutor>
 	<tutor id="275" mask="0.7"><![CDATA[{"pre":255, "next":280, "advance":["doCloseUi", "BuildingMenu"], "hidedesc":1}]]></tutor>
	
	<tutor id="280" mask="0.7"><![CDATA[{"pre":250, "next":1010, "descstate":1, "mmframe":1, "movie":1}]]></tutor>

	<!--第二次打-->
	<tutor id="1010" mask="0.7"><![CDATA[{"pre":1010, "next":1020, "pos":[30, 1, 0, "zhengzhan"], "advance":["openUi", "ZhengZhanTianXia1"], "mmframe":1, "hidedesc":1}]]></tutor>
	<tutor id="1020" mask="0.7"><![CDATA[{"pre":1010, "next":1025, "pos":[470,395,0, "ZhengZhanTianXia1"], "rewind":["closeUi", "ZhengZhanTianXia1"], "advance":["openUi", "ZhengZhanTianXia2"], "hidedesc":1}]]></tutor>
	<tutor id="1025" mask="0.7"><![CDATA[{"pre":1010, "next":1030, "pos":[470,235,0, "ZhengZhanTianXia2"], "rewind":["closeUi", "ZhengZhanTianXia1"], "gate":2, "advance":["gateSelect", "2"], "hidedesc":1}]]></tutor>
	<tutor id="1030" mask="0.7"><![CDATA[{"pre":1020, "next":1050, "pos":[488,488,0, "ZhengZhanTianXia2"], "rewind":["closeUi", "ZhengZhanTianXia2"], "gate":2, "advance":["isDefendMode"], "hidedesc":1}]]></tutor>
	<!--开始打了-->
	<tutor id="1050" mask="0.7"><![CDATA[{"pre":1010, "next":1055, "advance":["focusToEnemy", 19, -63], "hidedesc":1}]]></tutor>
	<tutor id="1055" mask="0.7"><![CDATA[{"pre":1010, "next":1057, "advance":["waitNs", 2000], "hidedesc":1}]]></tutor>
	<tutor id="1057" mask="0.7"><![CDATA[{"pre":1010, "next":1060, "advance":["hideEnemyArrow"], "hidedesc":1}]]></tutor>

	<tutor id="1060" mask="0.7"><![CDATA[{"pre":1010, "next":1070, "advance":["focusToHero"], "hidedesc":1}]]></tutor>
	<tutor id="1070" mask="0.7"><![CDATA[{"pre":1010, "next":1080, "advance":["isHome"], "hidedesc":1}]]></tutor>
	<tutor id="1080" mask="0.7"><![CDATA[{"pre":1010, "next":1200, "descstate":1, "mmframe":1, "movie":1}]]></tutor>
	
	<!--升弩炮-->
	<tutor id="1200" mask="0.7"><![CDATA[{"pre":1200, "next":1220, "finish":["buildLv", 9, 5], "descstate":1, "mmframe":1, "movie":1}]]></tutor>
 	<tutor id="1220" mask="0.7"><![CDATA[{"pre":1200, "next":1230, "finish":["buildLv", 9, 5], "advance":["focusToBuilding", 9, 33, 26], "hidedesc":1}]]></tutor>
	<tutor id="1230" mask="0.7"><![CDATA[{"pre":1200, "next":1250, "finish":["buildLv", 9, 5], "advance":["openUi", "BuildingMenu"], "mmframe":1}]]></tutor>
 	<tutor id="1250" mask="0.7"><![CDATA[{"pre":1220, "next":1255,  "rewind":["closeUi", "BuildingMenu"], "pos":[108, 32, 0, "BuildingMenu"], "advance":["buildLv", 9, 5], "mmframe":1}]]></tutor>
	<tutor id="1255" mask="0.7"><![CDATA[{"pre":1200, "next":1260, "advance":["doCloseUi", "BuildingMenu"], "hidedesc":1}]]></tutor>
 	<tutor id="1260" mask="0.7"><![CDATA[{"pre":1200, "next":1300, "descstate":1, "mmframe":1, "movie":1}]]></tutor>
	
	<!--升箭塔-->
	<tutor id="1300" mask="0.7"><![CDATA[{"pre":1300, "next":1320, "finish":["buildLv", 8, 5], "descstate":1, "mmframe":1, "movie":1}]]></tutor>
 	<tutor id="1320" mask="0.7"><![CDATA[{"pre":1300, "next":1330, "finish":["buildLv", 8, 5], "advance":["focusToBuilding", 8, 32, 16], "hidedesc":1}]]></tutor>
	<tutor id="1330" mask="0.7"><![CDATA[{"pre":1300, "next":1350, "finish":["buildLv", 8, 5], "advance":["openUi", "BuildingMenu"], "mmframe":1}]]></tutor>
  	<tutor id="1350" mask="0.7"><![CDATA[{"pre":1320, "next":1355,  "rewind":["closeUi", "BuildingMenu"], "pos":[108, 32, 0, "BuildingMenu"], "advance":["buildLv", 8, 5], "mmframe":1}]]></tutor>
	<tutor id="1355" mask="0.7"><![CDATA[{"pre":1300, "next":3000, "advance":["doCloseUi", "BuildingMenu"], "hidedesc":1}]]></tutor>

	<!--第三次打-->
	<tutor id="3000" mask="0.7"><![CDATA[{"pre":3000, "next":3010, "descstate":1, "mmframe":1}]]></tutor>
	<tutor id="3010" mask="0.7"><![CDATA[{"pre":3000, "next":3020, "pos":[30, 1, 0, "zhengzhan"], "advance":["openUi", "ZhengZhanTianXia1"], "mmframe":1, "hidedesc":1}]]></tutor>
	<tutor id="3020" mask="0.7"><![CDATA[{"pre":3000, "next":3025, "pos":[470,395,0, "ZhengZhanTianXia1"], "rewind":["closeUi", "ZhengZhanTianXia1"], "advance":["openUi", "ZhengZhanTianXia2"], "hidedesc":1}]]></tutor>
	<tutor id="3025" mask="0.7"><![CDATA[{"pre":3000, "next":3030, "pos":[170,454,0, "ZhengZhanTianXia2"], "arrowRotation":180, "rewind":["closeUi", "ZhengZhanTianXia1"], "gate":3, "advance":["gateSelect", "3"], "hidedesc":1}]]></tutor>
	<tutor id="3030" mask="0.7"><![CDATA[{"pre":3020, "next":3050, "pos":[488,488,0, "ZhengZhanTianXia2"], "rewind":["closeUi", "ZhengZhanTianXia2"], "gate":3, "advance":["isDefendMode"], "hidedesc":1}]]></tutor>
	<!--开始打了-->
	<tutor id="3050" mask="0.7"><![CDATA[{"pre":3000, "next":3055, "advance":["focusToEnemy", 19, -63], "hidedesc":1}]]></tutor>
	<tutor id="3055" mask="0.7"><![CDATA[{"pre":3000, "next":3057, "advance":["waitNs", 2000], "hidedesc":1}]]></tutor>
	<tutor id="3057" mask="0.7"><![CDATA[{"pre":3000, "next":3060, "advance":["hideEnemyArrow"], "hidedesc":1}]]></tutor>

	<tutor id="3060" mask="0.7"><![CDATA[{"pre":3000, "next":3070, "advance":["focusToHero"], "hidedesc":1}]]></tutor>

	<tutor id="3070" mask="0.7"><![CDATA[{"pre":3000, "next":3080, "advance":["isHome"], "hidedesc":1}]]></tutor>
	<tutor id="3080" mask="0.7"><![CDATA[{"pre":3000, "next":3100, "descstate":1, "mmframe":1, "movie":1}]]></tutor>

	<!--升铁匠铺-->
	<tutor id="3100" mask="0.7"><![CDATA[{"pre":3100, "next":3120, "finish":["buildLv", 10, 5], "descstate":1, "mmframe":1, "movie":1}]]></tutor>
 	<tutor id="3120" mask="0.7"><![CDATA[{"pre":3100, "next":3130, "finish":["buildLv", 10, 5], "advance":["focusToBuilding", 10, 28, 44], "hidedesc":1}]]></tutor>
	<tutor id="3130" mask="0.7"><![CDATA[{"pre":3100, "next":3150, "finish":["buildLv", 10, 5], "advance":["openUi", "BuildingMenu"], "mmframe":1}]]></tutor>
 	<tutor id="3150" mask="0.7"><![CDATA[{"pre":3120, "next":3155,  "rewind":["closeUi", "BuildingMenu"], "pos":[108, 32, 0, "BuildingMenu"], "advance":["buildLv", 10, 5], "mmframe":1}]]></tutor>
	<tutor id="3155" mask="0.7"><![CDATA[{"pre":3100, "next":3160, "advance":["doCloseUi", "BuildingMenu"], "hidedesc":1}]]></tutor>
 	<tutor id="3160" mask="0.7"><![CDATA[{"pre":3100, "next":3200, "descstate":1, "mmframe":1, "movie":1}]]></tutor>
	
	<!--升级武器-->
	<tutor id="3200" mask="0.7"><![CDATA[{"pre":3200, "next":3210, "finish":["eqlv", 5], "descstate":1, "mmframe":1, "movie":1}]]></tutor> 
	<tutor id="3210" mask="0.7"><![CDATA[{"pre":3200, "next":3220, "pos":[30, 1, 0, "qianghua"], "advance":["openUi", "TieJiangPuWindow"], "mmframe":1, "hidedesc":1}]]></tutor>
	<tutor id="3220" mask="0.7"><![CDATA[{"pre":3200, "next":3240, "pos":[383, 212, 0, "TieJiangPuWindow"], "advance":["eqlv", 5], "mmframe":1}]]></tutor>
	<tutor id="3240" mask="0.7"><![CDATA[{"pre":3200, "next":4000, "advance":["doCloseUi", "TieJiangPuWindow"], "hidedesc":1}]]></tutor>

	<!--第四次打-->
	<tutor id="4000" mask="0.7"><![CDATA[{"pre":4000, "next":4010, "descstate":1, "mmframe":1}]]></tutor>
	<tutor id="4010" mask="0.7"><![CDATA[{"pre":4000, "next":4020, "pos":[30, 1, 0, "zhengzhan"], "advance":["openUi", "ZhengZhanTianXia1"], "mmframe":1, "hidedesc":1}]]></tutor>
	<tutor id="4020" mask="0.7"><![CDATA[{"pre":4000, "next":4025, "pos":[470,395,0, "ZhengZhanTianXia1"], "rewind":["closeUi", "ZhengZhanTianXia1"], "advance":["openUi", "ZhengZhanTianXia2"], "hidedesc":1}]]></tutor>
	<tutor id="4025" mask="0.7"><![CDATA[{"pre":4000, "next":4030, "pos":[470,455,0, "ZhengZhanTianXia2"], "arrowRotation":180, "rewind":["closeUi", "ZhengZhanTianXia1"], "gate":4, "advance":["gateSelect", "4"], "hidedesc":1}]]></tutor>
	<tutor id="4030" mask="0.7"><![CDATA[{"pre":4020, "next":4050, "pos":[488,488,0, "ZhengZhanTianXia2"], "rewind":["closeUi", "ZhengZhanTianXia2"], "gate":4, "advance":["isDefendMode"], "hidedesc":1}]]></tutor>
	<!--开始打了-->
	<tutor id="4050" mask="0.7"><![CDATA[{"pre":4000, "next":4055, "advance":["focusToEnemy", 19, -63], "hidedesc":1}]]></tutor>
	<tutor id="4055" mask="0.7"><![CDATA[{"pre":4000, "next":4057, "advance":["waitNs", 2000], "hidedesc":1}]]></tutor>
	<tutor id="4057" mask="0.7"><![CDATA[{"pre":4000, "next":4060, "advance":["hideEnemyArrow"], "hidedesc":1}]]></tutor>

	<tutor id="4060" mask="0.7"><![CDATA[{"pre":4000, "next":4070, "advance":["focusToHero"], "hidedesc":1}]]></tutor>
	<tutor id="4070" mask="0.7"><![CDATA[{"pre":4000, "next":4080, "advance":["isHome"], "hidedesc":1}]]></tutor>
	<tutor id="4080" mask="0.7"><![CDATA[{"pre":4000, "next":4100, "descstate":1, "mmframe":1, "movie":1}]]></tutor>
	
	<!--升级资源-->
	<tutor id="4100" mask="0.7"><![CDATA[{"pre":4100, "next":4120, "finish":["buildLv", 2, 5], "descstate":1, "mmframe":1, "movie":1}]]></tutor>
 	<tutor id="4120" mask="0.7"><![CDATA[{"pre":4100, "next":4130, "finish":["buildLv", 2, 5], "advance":["focusToBuilding", 2, 26, 31], "hidedesc":1}]]></tutor>
	<tutor id="4130" mask="0.7"><![CDATA[{"pre":4100, "next":4150, "finish":["buildLv", 2, 5], "advance":["openUi", "BuildingMenu"], "mmframe":1}]]></tutor>
 	<tutor id="4150" mask="0.7"><![CDATA[{"pre":4120, "next":4155,  "rewind":["closeUi", "BuildingMenu"], "pos":[108, 32, 0, "BuildingMenu"], "advance":["buildLv", 2, 5], "mmframe":1}]]></tutor>
	<tutor id="4155" mask="0.7"><![CDATA[{"pre":4100, "next":4160, "advance":["doCloseUi", "BuildingMenu"], "hidedesc":1}]]></tutor>

	<tutor id="4160" mask="0.7"><![CDATA[{"pre":4100, "next":4200, "descstate":1, "mmframe":1, "movie":1}]]></tutor>
	
	<!--收获资源-->
	<tutor id="4200" mask="0.7"><![CDATA[{"pre":4200, "next":4220, "descstate":1, "mmframe":1, "movie":1}]]></tutor>
 	<tutor id="4220" mask="0.7"><![CDATA[{"pre":4200, "next":4230, "advance":["focusToBuilding", 2, 26, 31], "hidedesc":1}]]></tutor>
	<tutor id="4230" mask="0.7"><![CDATA[{"pre":4200, "next":4235, "advance":["openUi", "BuildingMenu"], "mmframe":1}]]></tutor>
	<tutor id="4235" mask="0.7"><![CDATA[{"pre":4220, "next":5000, "rewind":["closeUi", "BuildingMenu"], "pos":[53, 32, 0, "BuildingMenu"], "advance":["hasPickResource"], "mmframe":1}]]></tutor>

	<!--第五次打-->
	<tutor id="5000" mask="0.7"><![CDATA[{"pre":5000, "next":5010, "descstate":1, "mmframe":1}]]></tutor>
	<tutor id="5010" mask="0.7"><![CDATA[{"pre":5000, "next":5020, "pos":[30, 1, 0, "zhengzhan"], "advance":["openUi", "ZhengZhanTianXia1"], "mmframe":1, "hidedesc":1}]]></tutor>
	<tutor id="5020" mask="0.7"><![CDATA[{"pre":5000, "next":5025, "pos":[470,395,0, "ZhengZhanTianXia1"], "rewind":["closeUi", "ZhengZhanTianXia1"], "advance":["openUi", "ZhengZhanTianXia2"], "hidedesc":1}]]></tutor>
	<tutor id="5025" mask="0.7"><![CDATA[{"pre":5000, "next":5030, "pos":[358,494,0, "ZhengZhanTianXia2"], "rewind":["closeUi", "ZhengZhanTianXia1"], "gate":5, "advance":["gateSelect", "5"], "hidedesc":1}]]></tutor>
	<tutor id="5030" mask="0.7"><![CDATA[{"pre":5020, "next":5050, "pos":[488,488,0, "ZhengZhanTianXia2"], "rewind":["closeUi", "ZhengZhanTianXia2"], "gate":5, "advance":["isDefendMode"], "hidedesc":1}]]></tutor>
	<!--开始打了-->
	<tutor id="5050" mask="0.7"><![CDATA[{"pre":5000, "next":5057, "advance":["focusToEnemy", 19, -63], "hidedesc":1}]]></tutor>
	<tutor id="5057" mask="0.7"><![CDATA[{"pre":5000, "next":5060, "advance":["hideEnemyArrow"], "hidedesc":1}]]></tutor>

	<tutor id="5060" mask="0.7"><![CDATA[{"pre":5000, "next":5070, "advance":["focusToHero"], "hidedesc":1}]]></tutor>
	<tutor id="5070" mask="0.7"><![CDATA[{"pre":5000, "next":5080, "advance":["isHome"], "hidedesc":1}]]></tutor>
	<tutor id="5080" mask="0.7"><![CDATA[{"pre":5000, "next":6000, "descstate":1, "mmframe":1, "movie":1}]]></tutor>
	
	<!--升武将馆-->
 	<tutor id="6000" mask="0.7"><![CDATA[{"pre":6000, "next":6020, "finish":["buildLv", 5, 5], "descstate":1, "mmframe":1, "movie":1}]]></tutor>
 	<tutor id="6020" mask="0.7"><![CDATA[{"pre":6000, "next":6030, "finish":["buildLv", 5, 5], "advance":["focusToBuilding", 5, 28, 44], "hidedesc":1}]]></tutor>
	<tutor id="6030" mask="0.7"><![CDATA[{"pre":6000, "next":6050, "finish":["buildLv", 5, 5], "advance":["openUi", "BuildingMenu"], "mmframe":1}]]></tutor>
 	<tutor id="6050" mask="0.7"><![CDATA[{"pre":6020, "next":6055,  "rewind":["closeUi", "BuildingMenu"], "pos":[108, 32, 0, "BuildingMenu"], "advance":["buildLv", 5, 5], "mmframe":1}]]></tutor>
	<tutor id="6055" mask="0.7"><![CDATA[{"pre":6000, "next":6100, "advance":["doCloseUi", "BuildingMenu"], "hidedesc":1}]]></tutor>

	
	<!--训练武将-->
	<tutor id="6100" mask="0.7"><![CDATA[{"pre":6100, "next":6110, "descstate":1, "mmframe":1, "movie":1}]]></tutor> 
	<tutor id="6110" mask="0.7"><![CDATA[{"pre":6100, "next":6120, "pos":[30, 1, 0, "jiangling"], "advance":["openUi", "HeroWindow"], "mmframe":1, "hidedesc":1}]]></tutor>
	<tutor id="6120" mask="0.7"><![CDATA[{"pre":6100, "next":6130, "pos":[228, 27, 0, "HeroWindow"], "rewind":["closeUi", "HeroWindow"],"advance":["tab", 2, "HeroWindow"], "mmframe":1}]]></tutor>
 	<tutor id="6130" mask="0.7"><![CDATA[{"pre":6120, "next":6140, "pos":[530, 355, 0, "HeroWindow"], "rewind":["tabNot", 2, "HeroWindow"], "advance":["heroTrin"], "hidedesc":1}]]></tutor>
	<tutor id="6140" mask="0.7"><![CDATA[{"pre":6120, "next":6150, "pos":[288, 97, 0, "HeroWindow"], "rewind":["tabNotAndNotTrin", 2, "HeroWindow"], "advance":["openUi", "UIMessage"], "mmframe":1}]]></tutor>
	<tutor id="6150" mask="0.7"><![CDATA[{"pre":6140, "next":6170, "pos":[125, 126, 0, "UIMessage"], "rewind":["closeUi", "UIMessage"], "advance":["hasShiLiang"], "hidedesc":1}]]></tutor>
	<tutor id="6170" mask="0.7"><![CDATA[{"pre":6100, "next":10000, "advance":["doCloseUi", "HeroWindow"], "hidedesc":1}]]></tutor> 

	<tutor id="9999" mask="0.7"><![CDATA[{"pre":9999, "next":10000, "descstate":1, "mmframe":1, "movie":1}]]></tutor> 

	<tutor id="10000" mask="0.7"><![CDATA[{"pre":10000, "next":10000, "finish":[], "rewind":[], "advance":[], "pos":[], "descstate":1, "mmframe":1}]]></tutor>
	</tutors>
</content>
