﻿<?xml version="1.0" encoding="UTF-8"?>
<content>
<uis>

<ui id="ShopWindow"><![CDATA[{"x":"75", "y":"125", "cols":"2", "rows":"3", "itemSplitW":"295", "itemSplitH":"112"}]]></ui>
<ui id="SkillMuseum"><![CDATA[{"x":"30", "y":"105", "cols":"1", "rows":"5", "itemSplitW":"0", "itemSplitH":"70"}]]></ui>
<ui id="QuestWindow"><![CDATA[{"x":"35", "y":"113", "cols":"1", "rows":"5", "itemSplitW":"0", "itemSplitH":"50"}]]></ui>
<ui id="TrainingPanel"><![CDATA[{"x":"25", "y":"30", "cols":"1", "rows":"5", "itemSplitW":"0", "itemSplitH":"70"}]]></ui>
<ui id="HousingWindow"><![CDATA[{"x":"25", "y":"30", "cols":"1", "rows":"5", "itemSplitW":"0", "itemSplitH":"70"}]]></ui>
<ui id="Pack"><![CDATA[{"x":"78", "y":"110", "cols":"5", "rows":"3", "itemSplitW":"111", "itemSplitH":"108"}]]></ui>
<ui id="BunkerWindow"><![CDATA[{"x":"444", "y":"58", "cols":"1", "rows":"5", "itemSplitW":"0", "itemSplitH":"63"}]]></ui>
<ui id="SmithyEquipList"><![CDATA[{"x":"12", "y":"42", "cols":"2", "rows":"3", "itemSplitW":"93", "itemSplitH":"98"}]]></ui>
<ui id="StoneWindow"><![CDATA[{"x":"458", "y":"50", "cols":"2", "rows":"4", "itemSplitW":"84", "itemSplitH":"72"}]]></ui>
<ui id="MapRoomWindow"><![CDATA[{"x":"42", "y":"94", "cols":"1", "rows":"7", "itemSplitW":"0", "itemSplitH":"53"}]]></ui>
<ui id="AttackReportWindow"><![CDATA[{"x":"29", "y":"89", "cols":"1", "rows":"12", "itemSplitW":"0", "itemSplitH":"26"}]]></ui>
<ui id="TeamBattle"><![CDATA[{"x":"29", "y":"50", "cols":"5", "rows":"2", "itemSplitW":"112", "itemSplitH":"155"}]]></ui>
<ui id="TeamGate"><![CDATA[{"x":"48", "y":"30", "cols":"1", "rows":"5", "itemSplitW":"192", "itemSplitH":"70"}]]></ui>
<ui id="TeamMem"><![CDATA[{"x":"21", "y":"31", "cols":"1", "rows":"5", "itemSplitW":"262", "itemSplitH":"76"}]]></ui>
<ui id="RankWindow"><![CDATA[{"x":"206", "y":"102", "cols":"1", "rows":"10", "itemSplitW":"0", "itemSplitH":"26"}]]></ui>
<ui id="VipPrivilegeWindow"><![CDATA[{"x":"25", "y":"140", "cols":"1", "rows":"9", "itemSplitW":"0", "itemSplitH":"32"}]]></ui>
</uis>
</content>
