<?xml version="1.0" encoding="UTF-8"?>
<content>
	<news>
		<!--<reward><![CDATA[{"reward":{"equip1":{"id":4001, "c":1, "q":0}, "equip2":{"id":4004, "c":1, "q":0}, "equip3":{"id":4201, "c":1, "q":0}}}]]></reward> -->
		<reward><![CDATA[{"reward":{"hero1":{"id":3005, "c":1, "q":0},"equip1":{"id":4412, "c":1, "q":0}, "equip2":{"id":4202, "c":3, "q":0},"equip3":{"id":5010, "c":10, "q":0},"equip4":{"id":4006, "c":10, "q":0},"equip5":{"id":4003, "c":10, "q":0}}}]]></reward>
	</news>
	<daily>
		<reward><![CDATA[{"reward":{"equip1":{"id":5010, "c":2, "q":0}}}]]></reward>
		<reward><![CDATA[{"reward":{"equip1":{"id":5010, "c":4, "q":0}}}]]></reward>
		<reward><![CDATA[{"reward":{"equip1":{"id":5010, "c":6, "q":0}}}]]></reward>
		<reward><![CDATA[{"reward":{"equip1":{"id":5010, "c":8, "q":0}}}]]></reward>
		<reward><![CDATA[{"reward":{"equip1":{"id":5010, "c":10, "q":0}}}]]></reward>
		<reward><![CDATA[{"reward":{"equip1":{"id":5010, "c":12, "q":0}}}]]></reward>
		<reward><![CDATA[{"reward":{"equip1":{"id":5010, "c":14, "q":0}}}]]></reward>
		<reward><![CDATA[{"reward":{"equip1":{"id":5010, "c":16, "q":0}}}]]></reward>
	</daily>
	<yeardaily>
		<reward><![CDATA[{"reward":{"equip1":{"id":5010, "c":2, "q":0}, "equip2":{"id":4004, "c":1, "q":0}}}]]></reward>
		<reward><![CDATA[{"reward":{"equip1":{"id":5010, "c":4, "q":0}, "equip2":{"id":4004, "c":1, "q":0}}}]]></reward>
		<reward><![CDATA[{"reward":{"equip1":{"id":5010, "c":6, "q":0}, "equip2":{"id":4004, "c":1, "q":0}}}]]></reward>
		<reward><![CDATA[{"reward":{"equip1":{"id":5010, "c":8, "q":0}, "equip2":{"id":4004, "c":1, "q":0}}}]]></reward>
		<reward><![CDATA[{"reward":{"equip1":{"id":5010, "c":10, "q":0}, "equip2":{"id":4004, "c":1, "q":0}}}]]></reward>
		<reward><![CDATA[{"reward":{"equip1":{"id":5010, "c":12, "q":0}, "equip2":{"id":4004, "c":1, "q":0}}}]]></reward>
		<reward><![CDATA[{"reward":{"equip1":{"id":5010, "c":14, "q":0}, "equip2":{"id":4004, "c":1, "q":0}}}]]></reward>
		<reward><![CDATA[{"reward":{"equip1":{"id":5010, "c":16, "q":0}, "equip2":{"id":4004, "c":1, "q":0}}}]]></reward>
	</yeardaily>
	<levelup>
		<reward><![CDATA[{"reward":{"equip1":{"id":4201, "c":1, "q":0}}}]]></reward>
	</levelup>
</content>