﻿<?xml version="1.0" encoding="UTF-8"?>
<content>
 	
	<zhens>
		<!--
			cost : 消耗银币系数
			openlv : 多少级军机处开放
 			baseValue : 每级增加数值
			type : 增加的数值类型
				hha : 增加英雄攻击
				qbha : 增加全军攻击
 		-->
		 
		 
		
		<zhen id="0" cost="1000" openlv="1" baseValue="5" type="hha"/>
		<zhen id="1" cost="1000" openlv="10" baseValue="5" type="hhd"/>
		<zhen id="2" cost="1000" openlv="20" baseValue="5" type="hhp"/>
		<zhen id="3" cost="1000" openlv="50" baseValue="5" type="qbha"/>
		<zhen id="4" cost="1000" openlv="60" baseValue="5" type="qbhd"/>
		<zhen id="5" cost="1000" openlv="70" baseValue="5" type="qbhp"/>
  	</zhens>
</content>
